{
  "Main_Task": {
    "Understanding": 0.48574782861267235,
    "Reasoning": 0.35103485462253525,
    "Locating": 0.36696761375888914
  },
  "Element_Type": {
    "Text": 0.5194833230506459,
    "Layout": 0.3774065039453329,
    "Figure": 0.4427507813149198,
    "Table": 0.3595313407448366
  },
  "Evidence_Pages": {
    "Single_Page": 0.45077484713630916,
    "Multi_Page": 0.4081143279243212
  },
  "Num_of_Element_Types": {
    "Cross_Element": 0.4278145641014333
  },
  "Fine_Grained": {
    "Understanding": {
      "Single_Page": {
        "Text": 0.5288227914588629,
        "Layout": 0.5153304976596902,
        "Figure": 0.45927472154603655,
        "Table": 0.3918875694448577
      },
      "Multi_Page": {
        "Text": 0.5400400367800574,
        "Layout": 0.5217844972081892,
        "Figure": 0.4542805093206841,
        "Table": 0.4067112435837831
      }
    },
    "Reasoning": {
      "Single_Page": {
        "Text": 0.4836079976938077,
        "Layout": 0.647740944693645,
        "Figure": 0.42857142857142855,
        "Table": 0.3048469387755102
      },
      "Multi_Page": {
        "Text": 0.4065424430641822,
        "Layout": 0.3,
        "Figure": 0.37411764705882355,
        "Table": 0.28519982433025914
      }
    },
    "Locating": {
      "Cross_Element": {
        "Cross_Title": 0.26568606498171227,
        "Cross_Table": 0.08027765395339773,
        "Para_Title": 0.540634182268598,
        "Figure_Table": 0.5084750005721976
      }
    }
  }
}