{
  "avg_acc": 0.4278182930180217,
  "rectified_avg_acc": 0.4278182930180217
}