{
  "Main_Task": {
    "Understanding": 0.4359420407592115,
    "Reasoning": 0.3638747448483103,
    "Locating": 0.27610930599702294
  },
  "Element_Type": {
    "Text": 0.4413957641538573,
    "Layout": 0.35297814299352076,
    "Figure": 0.3535577890900916,
    "Table": 0.30239396278209046
  },
  "Evidence_Pages": {
    "Single_Page": 0.3418902938081137,
    "Multi_Page": 0.406714521810687
  },
  "Num_of_Element_Types": {
    "Cross_Element": 0.33895886936681363
  },
  "Fine_Grained": {
    "Understanding": {
      "Single_Page": {
        "Text": 0.4341087708082328,
        "Layout": 0.37455915279648316,
        "Figure": 0.4064198335163529,
        "Table": 0.35121014850288806
      },
      "Multi_Page": {
        "Text": 0.4907657836996573,
        "Layout": 0.43766350638386614,
        "Figure": 0.4539876012061523,
        "Table": 0.43681555113170006
      }
    },
    "Reasoning": {
      "Single_Page": {
        "Text": 0.31217942626523637,
        "Layout": 0.5405980875507879,
        "Figure": 0.38265306122448983,
        "Table": 0.336734693877551
      },
      "Multi_Page": {
        "Text": 0.37834014680395056,
        "Layout": 0.275,
        "Figure": 0.41710072149292654,
        "Table": 0.3895476504172156
      }
    },
    "Locating": {
      "Cross_Element": {
        "Cross_Title": 0.356621148880141,
        "Cross_Table": 0.18675601266936498,
        "Para_Title": 0.3861874585225542,
        "Figure_Table": 0.18950726116490313
      }
    }
  }
}