{
  "avg_acc": 0.37616836584426966,
  "rectified_avg_acc": 0.37616836584426966
}