{
  "Main_Task": {
    "Understanding": 0.4964217911045298,
    "Reasoning": 0.35793379726552943,
    "Locating": 0.3570883209020869
  },
  "Element_Type": {
    "Text": 0.5414930728827863,
    "Layout": 0.38714511510488636,
    "Figure": 0.4376921999557858,
    "Table": 0.34607277401841974
  },
  "Evidence_Pages": {
    "Single_Page": 0.43968548802028595,
    "Multi_Page": 0.4253437483784294
  },
  "Num_of_Element_Types": {
    "Cross_Element": 0.43523849415810045
  },
  "Fine_Grained": {
    "Understanding": {
      "Single_Page": {
        "Text": 0.5395475616795382,
        "Layout": 0.5486635510540863,
        "Figure": 0.4790686966838492,
        "Table": 0.39569049130275535
      },
      "Multi_Page": {
        "Text": 0.5766262622560335,
        "Layout": 0.5301495973111878,
        "Figure": 0.4701827995357731,
        "Table": 0.4004024089980985
      }
    },
    "Reasoning": {
      "Single_Page": {
        "Text": 0.5086579477437578,
        "Layout": 0.647740944693645,
        "Figure": 0.39285714285714285,
        "Table": 0.24208888757815264
      },
      "Multi_Page": {
        "Text": 0.4761076604554865,
        "Layout": 0.375,
        "Figure": 0.37411764705882355,
        "Table": 0.2535792709705753
      }
    },
    "Locating": {
      "Cross_Element": {
        "Cross_Title": 0.28507381269643584,
        "Cross_Table": 0.09874635052395207,
        "Para_Title": 0.4960376856126646,
        "Figure_Table": 0.47825689861477827
      }
    }
  }
}