{
  "avg_acc": 0.4317200210372649,
  "rectified_avg_acc": 0.4317200210372649
}