{
  "avg_acc": 0.30328192824496575,
  "rectified_avg_acc": 0.30328192824496575
}