{
  "Main_Task": {
    "Understanding": 0.33615406150624355,
    "Reasoning": 0.29674292041687256,
    "Locating": 0.24813161800856773
  },
  "Element_Type": {
    "Text": 0.3509307389267116,
    "Layout": 0.2179759051143261,
    "Figure": 0.35463592263004545,
    "Table": 0.29185761602359694
  },
  "Evidence_Pages": {
    "Single_Page": 0.33428395292544116,
    "Multi_Page": 0.2762261159528763
  },
  "Num_of_Element_Types": {
    "Cross_Element": 0.3081916887752927
  },
  "Fine_Grained": {
    "Understanding": {
      "Single_Page": {
        "Text": 0.3414872030280391,
        "Layout": 0.23063834201381753,
        "Figure": 0.40234295773594836,
        "Table": 0.3538750267720822
      },
      "Multi_Page": {
        "Text": 0.35585566356499193,
        "Layout": 0.3045809873846117,
        "Figure": 0.33829410836485085,
        "Table": 0.2931145911992191
      }
    },
    "Reasoning": {
      "Single_Page": {
        "Text": 0.2443222834080935,
        "Layout": 0.23107427802697833,
        "Figure": 0.45833333333333337,
        "Table": 0.304552590266876
      },
      "Multi_Page": {
        "Text": 0.40729343120647465,
        "Layout": 0.2,
        "Figure": 0.3058823529411765,
        "Table": 0.13673551787156277
      }
    },
    "Locating": {
      "Cross_Element": {
        "Cross_Title": 0.1540127084127433,
        "Cross_Table": 0.06804358237170545,
        "Para_Title": 0.33667353302576186,
        "Figure_Table": 0.37574525853519
      }
    }
  }
}