{
  "overall_acc": 0.3429310090103919,
  "overall_f1": 0.3423416697538999,
  "breakdowns": {
    "single_page": {
      "acc": 0.41091193693769723,
      "f1": 0.4179921385906424,
      "count": 485
    },
    "cross_page": {
      "acc": 0.32304223380134767,
      "f1": 0.32974435483457065,
      "count": 369
    },
    "unanswerable": {
      "acc": 0.23624121779859486,
      "f1": 0.0,
      "count": 244
    }
  },
  "evidence_source_breakdowns": {
    "Chart": {
      "acc": 0.32934207475177607,
      "f1": 0.33886063182552684,
      "count": 178
    },
    "Figure": {
      "acc": 0.3221703092944253,
      "f1": 0.3236283734615293,
      "count": 293
    },
    "Generalized-text (Layout)": {
      "acc": 0.4255474436151272,
      "f1": 0.43097996417191614,
      "count": 119
    },
    "Pure-text (Plain-text)": {
      "acc": 0.4045423295234854,
      "f1": 0.4074648672374303,
      "count": 298
    },
    "Table": {
      "acc": 0.35068499288682775,
      "f1": 0.35928251642537357,
      "count": 218
    }
  },
  "document_type_breakdowns": {
    "Academic paper": {
      "acc": 0.25724607158365,
      "f1": 0.2752359339308093,
      "count": 204
    },
    "Administration/Industry file": {
      "acc": 0.5279844101875691,
      "f1": 0.5600948904956775,
      "count": 81
    },
    "Brochure": {
      "acc": 0.34485547250130577,
      "f1": 0.3679815343656865,
      "count": 101
    },
    "Financial report": {
      "acc": 0.19483892176199868,
      "f1": 0.16868392271235877,
      "count": 117
    },
    "Guidebook": {
      "acc": 0.36598668106614024,
      "f1": 0.3780673377080595,
      "count": 156
    },
    "Research report / Introduction": {
      "acc": 0.3956005573573384,
      "f1": 0.3636166574108444,
      "count": 293
    },
    "Tutorial/Workshop": {
      "acc": 0.3472039775631378,
      "f1": 0.36279797443668976,
      "count": 139
    }
  },
  "answer_format_breakdowns": {
    "Float": {
      "acc": 0.275,
      "f1": 0.28664495114006516,
      "count": 160
    },
    "Int": {
      "acc": 0.3689655172413793,
      "f1": 0.3741258741258741,
      "count": 290
    },
    "List": {
      "acc": 0.27669382539678483,
      "f1": 0.28148091580157353,
      "count": 147
    },
    "None": {
      "acc": 0.23624121779859486,
      "f1": 0.0,
      "count": 244
    },
    "Str": {
      "acc": 0.4992835254166124,
      "f1": 0.5053476977900935,
      "count": 250
    }
  },
  "sample_count": 1091,
  "completed_count": 1091,
  "failed_count": 0
}