{
  "overall_acc": 0.43082303029395513,
  "overall_f1": 0.43639591308077225,
  "breakdowns": {
    "single_page": {
      "acc": 0.5463305557197061,
      "f1": 0.5548946906977925,
      "count": 382
    },
    "cross_page": {
      "acc": 0.38785271652759246,
      "f1": 0.39582229289459775,
      "count": 298
    },
    "unanswerable": {
      "acc": 0.2783018867924528,
      "f1": 0.0,
      "count": 212
    }
  },
  "evidence_source_breakdowns": {
    "Chart": {
      "acc": 0.3777120315581854,
      "f1": 0.3863808322824716,
      "count": 156
    },
    "Figure": {
      "acc": 0.4129685388127854,
      "f1": 0.4149267815704768,
      "count": 250
    },
    "Generalized-text (Layout)": {
      "acc": 0.49870580330897796,
      "f1": 0.5081153467676378,
      "count": 108
    },
    "Pure-text (Plain-text)": {
      "acc": 0.4915331443796225,
      "f1": 0.49961793582329184,
      "count": 247
    },
    "Table": {
      "acc": 0.5362026862026862,
      "f1": 0.5540101554861703,
      "count": 140
    }
  },
  "document_type_breakdowns": {
    "Academic paper": {
      "acc": 0.34501745903840986,
      "f1": 0.37388827900020677,
      "count": 170
    },
    "Administration/Industry file": {
      "acc": 0.5495634882740975,
      "f1": 0.5750371088047166,
      "count": 80
    },
    "Brochure": {
      "acc": 0.37976744186046507,
      "f1": 0.39972640218878247,
      "count": 100
    },
    "Financial report": {
      "acc": 0.4483682983682984,
      "f1": 0.4368945868945869,
      "count": 33
    },
    "Guidebook": {
      "acc": 0.4314925567000994,
      "f1": 0.4500632205802984,
      "count": 132
    },
    "Research report / Introduction": {
      "acc": 0.439604409133495,
      "f1": 0.4110391150331426,
      "count": 266
    },
    "Tutorial/Workshop": {
      "acc": 0.4999581381304773,
      "f1": 0.5054466633579081,
      "count": 104
    }
  },
  "answer_format_breakdowns": {
    "Float": {
      "acc": 0.525,
      "f1": 0.5350318471337581,
      "count": 80
    },
    "Int": {
      "acc": 0.45136186770428016,
      "f1": 0.45940594059405937,
      "count": 257
    },
    "List": {
      "acc": 0.32821920349835015,
      "f1": 0.3309095248385006,
      "count": 123
    },
    "None": {
      "acc": 0.2783018867924528,
      "f1": 0.0,
      "count": 212
    },
    "Str": {
      "acc": 0.5817249754922685,
      "f1": 0.5928584678461876,
      "count": 213
    }
  },
  "sample_count": 1091,
  "completed_count": 885,
  "failed_count": 206
}