{
  "overall_acc": 0.4184366127167821,
  "avg_acc": 0.4184366127167821,
  "rectified_avg_acc": 0.4184366127167821,
  "fine_grained_metrics": {
    "Main_Task": {
      "Understanding": 0.4535641878936714,
      "Reasoning": 0.46981980557983255,
      "Locating": 0.3269993874176825
    },
    "Element_Type": {
      "Text": 0.48560544018539264,
      "Layout": 0.3420735260381479,
      "Figure": 0.4110493328462187,
      "Table": 0.4141194547554547
    },
    "Evidence_Pages": {
      "Single_Page": 0.4736287390955452,
      "Multi_Page": 0.37007228677649373
    },
    "Num_of_Element_Types": {
      "Cross_Element": 0.4209071096747496
    },
    "Fine_Grained": {
      "Understanding": {
        "Single_Page": {
          "Text": 0.5072845592276067,
          "Layout": 0.5202291005143725,
          "Figure": 0.4394114027574406,
          "Table": 0.5033593838318182
        },
        "Multi_Page": {
          "Text": 0.4437599570842195,
          "Layout": 0.3832735433304109,
          "Figure": 0.3877849076755318,
          "Table": 0.38443393138357096
        }
      },
      "Reasoning": {
        "Single_Page": {
          "Text": 0.4,
          "Layout": 0.5,
          "Figure": 0.6071428571428571,
          "Table": 0.5510204081632653
        },
        "Multi_Page": {
          "Text": 0.46953941248837283,
          "Layout": 0.425,
          "Figure": 0.42052287581699344,
          "Table": 0.3989364342861508
        }
      },
      "Locating": {
        "Cross_Element": {
          "Cross_Title": 0.15465771866850075,
          "Cross_Table": 0.11430765437977577,
          "Para_Title": 0.6184117757653892,
          "Figure_Table": 0.42014370160697234
        }
      }
    }
  },
  "sample_count": 2325,
  "completed_count": 2325,
  "failed_count": 0
}