{
  "Main_Task": {
    "Understanding": 0.5114431045209938,
    "Reasoning": 0.37713946566142337,
    "Locating": 0.3805687969569672
  },
  "Element_Type": {
    "Text": 0.5456932428792084,
    "Layout": 0.3875080556551012,
    "Figure": 0.45927215187199666,
    "Table": 0.37695693186187307
  },
  "Evidence_Pages": {
    "Single_Page": 0.46384319574238936,
    "Multi_Page": 0.43785785243219927
  },
  "Num_of_Element_Types": {
    "Cross_Element": 0.43748840618361057
  },
  "Fine_Grained": {
    "Understanding": {
      "Single_Page": {
        "Text": 0.5387206825542578,
        "Layout": 0.49982232162519846,
        "Figure": 0.4908643320055129,
        "Table": 0.4281471701378358
      },
      "Multi_Page": {
        "Text": 0.5791650073683492,
        "Layout": 0.5297287557509419,
        "Figure": 0.47867424131343567,
        "Table": 0.42820415292510877
      }
    },
    "Reasoning": {
      "Single_Page": {
        "Text": 0.5361701094950501,
        "Layout": 0.7310742780269783,
        "Figure": 0.4642857142857143,
        "Table": 0.3048469387755102
      },
      "Multi_Page": {
        "Text": 0.45002070393374743,
        "Layout": 0.325,
        "Figure": 0.37411764705882355,
        "Table": 0.28519982433025914
      }
    },
    "Locating": {
      "Cross_Element": {
        "Cross_Title": 0.2981649638172031,
        "Cross_Table": 0.0829079840529261,
        "Para_Title": 0.5337309711242232,
        "Figure_Table": 0.5237948360309401
      }
    }
  }
}