{
  "avg_acc": 0.4499664800067348,
  "rectified_avg_acc": 0.4499664800067348
}