{
  "overall_acc": 0.365709220940017,
  "avg_acc": 0.365709220940017,
  "rectified_avg_acc": 0.365709220940017,
  "fine_grained_metrics": {
    "Main_Task": {
      "Understanding": 0.4196499742459747,
      "Reasoning": 0.37332425524744983,
      "Locating": 0.2649964516791792
    },
    "Element_Type": {
      "Text": 0.4247223968433765,
      "Layout": 0.26517104541900294,
      "Figure": 0.3930896316211371,
      "Table": 0.3441592045663689
    },
    "Evidence_Pages": {
      "Single_Page": 0.3923458293677585,
      "Multi_Page": 0.34189078168479103
    },
    "Num_of_Element_Types": {
      "Cross_Element": 0.34247738827549706
    },
    "Fine_Grained": {
      "Understanding": {
        "Single_Page": {
          "Text": 0.4008459782661458,
          "Layout": 0.2992470385648627,
          "Figure": 0.42943531030445053,
          "Table": 0.4292065064521883
        },
        "Multi_Page": {
          "Text": 0.4618689059453953,
          "Layout": 0.40000795965115615,
          "Figure": 0.42955232264412757,
          "Table": 0.35360302999465776
        }
      },
      "Reasoning": {
        "Single_Page": {
          "Text": 0.34988839285714285,
          "Layout": 0.33296130952380953,
          "Figure": 0.5,
          "Table": 0.4372056514913658
        },
        "Multi_Page": {
          "Text": 0.4246847355543007,
          "Layout": 0.275,
          "Figure": 0.3397058823529412,
          "Table": 0.21460023576728382
        }
      },
      "Locating": {
        "Cross_Element": {
          "Cross_Title": 0.18008629913524743,
          "Cross_Table": 0.06690289299196278,
          "Para_Title": 0.37162590112805916,
          "Figure_Table": 0.38369123298404045
        }
      }
    }
  },
  "sample_count": 2325,
  "completed_count": 2325,
  "failed_count": 0
}