{
  "overall_acc": 0.413549312728588,
  "avg_acc": 0.413549312728588,
  "rectified_avg_acc": 0.4133714420564467,
  "fine_grained_metrics": {
    "Main_Task": {
      "Understanding": 0.47666234915584793,
      "Reasoning": 0.40877738576381983,
      "Locating": 0.30273446689197325
    },
    "Element_Type": {
      "Text": 0.4737477059910873,
      "Layout": 0.3120024740139772,
      "Figure": 0.4374941113639816,
      "Table": 0.3961785822523508
    },
    "Evidence_Pages": {
      "Single_Page": 0.44016483474851537,
      "Multi_Page": 0.38949118104619934
    },
    "Num_of_Element_Types": {
      "Cross_Element": 0.39141382149015463
    },
    "Fine_Grained": {
      "Understanding": {
        "Single_Page": {
          "Text": 0.4646583768612826,
          "Layout": 0.34559983085959345,
          "Figure": 0.4871094412772744,
          "Table": 0.5098290403630976
        },
        "Multi_Page": {
          "Text": 0.5107159444708503,
          "Layout": 0.47784743452193335,
          "Figure": 0.4780592928087657,
          "Table": 0.4295666464469479
        }
      },
      "Reasoning": {
        "Single_Page": {
          "Text": 0.34988839285714285,
          "Layout": 0.33296130952380953,
          "Figure": 0.4642857142857143,
          "Table": 0.4372056514913658
        },
        "Multi_Page": {
          "Text": 0.46816299642386594,
          "Layout": 0.275,
          "Figure": 0.42140522875816994,
          "Table": 0.28381642512077293
        }
      },
      "Locating": {
        "Cross_Element": {
          "Cross_Title": 0.22598377247812618,
          "Cross_Table": 0.09932582130199971,
          "Para_Title": 0.41224274776971964,
          "Figure_Table": 0.4155212393649974
        }
      }
    }
  },
  "sample_count": 2325,
  "completed_count": 2324,
  "failed_count": 1
}