{
  "overall_acc": 0.4911620390145396,
  "avg_acc": 0.4911620390145396,
  "rectified_avg_acc": 0.49095078652464086,
  "fine_grained_metrics": {
    "Main_Task": {
      "Understanding": 0.5616037146460734,
      "Reasoning": 0.4707123770874084,
      "Locating": 0.3758582322761062
    },
    "Element_Type": {
      "Text": 0.5543710938766337,
      "Layout": 0.3831169344842252,
      "Figure": 0.5134216678073752,
      "Table": 0.4759397313714703
    },
    "Evidence_Pages": {
      "Single_Page": 0.5304423991283337,
      "Multi_Page": 0.4559128054538502
    },
    "Num_of_Element_Types": {
      "Cross_Element": 0.4690278528374964
    },
    "Fine_Grained": {
      "Understanding": {
        "Single_Page": {
          "Text": 0.5459693611494323,
          "Layout": 0.5132044077060167,
          "Figure": 0.5671840961988063,
          "Table": 0.5888621023817524
        },
        "Multi_Page": {
          "Text": 0.5936571539050428,
          "Layout": 0.5317037535332478,
          "Figure": 0.5232905089455681,
          "Table": 0.5277933284240867
        }
      },
      "Reasoning": {
        "Single_Page": {
          "Text": 0.39988839285714284,
          "Layout": 0.5829613095238095,
          "Figure": 0.6785714285714286,
          "Table": 0.48822605965463106
        },
        "Multi_Page": {
          "Text": 0.5213250517598343,
          "Layout": 0.3,
          "Figure": 0.43464052287581695,
          "Table": 0.3830025358777112
        }
      },
      "Locating": {
        "Cross_Element": {
          "Cross_Title": 0.27151397104408714,
          "Cross_Table": 0.12716535262720283,
          "Para_Title": 0.5160639921829964,
          "Figure_Table": 0.5191496185798017
        }
      }
    }
  },
  "sample_count": 2325,
  "completed_count": 2324,
  "failed_count": 1
}