{
  "overall_acc": 0.4763845791649922,
  "avg_acc": 0.4763845791649922,
  "rectified_avg_acc": 0.0040979318637848795,
  "fine_grained_metrics": {
    "Main_Task": {
      "Understanding": 0.005787898833440474,
      "Reasoning": 0.002583979328165375,
      "Locating": 0.0019184652278177456
    },
    "Element_Type": {
      "Text": 0.007887149738256377,
      "Layout": 0.003275354437881088,
      "Figure": 0.0017985611510791368,
      "Table": 0.001148105625717566
    },
    "Evidence_Pages": {
      "Single_Page": 0.003837473238761674,
      "Multi_Page": 0.004336043360433605
    },
    "Num_of_Element_Types": {
      "Cross_Element": 0.0033220839485340646
    },
    "Fine_Grained": {
      "Understanding": {
        "Single_Page": {
          "Text": 0.01096458239315382,
          "Layout": 0.013386459052483892,
          "Figure": 0.0,
          "Table": 0.0
        },
        "Multi_Page": {
          "Text": 0.006772009029345372,
          "Layout": 0.0,
          "Figure": 0.005747126436781609,
          "Table": 0.008695652173913044
        }
      },
      "Reasoning": {
        "Single_Page": {
          "Text": 0.0,
          "Layout": 0.0,
          "Figure": 0.0,
          "Table": 0.0
        },
        "Multi_Page": {
          "Text": 0.008695652173913044,
          "Layout": 0.0,
          "Figure": 0.0,
          "Table": 0.0
        }
      },
      "Locating": {
        "Cross_Element": {
          "Cross_Title": 0.0016583747927031507,
          "Cross_Table": 0.0,
          "Para_Title": 0.0072992700729927005,
          "Figure_Table": 0.0
        }
      }
    }
  },
  "sample_count": 20,
  "completed_count": 20,
  "failed_count": 0
}