{
  "overall_acc": 0.9230769230769231,
  "overall_f1": 0.9230769230769231,
  "breakdowns": {
    "single_page": {
      "acc": 0.9230769230769231,
      "f1": 0.9230769230769231,
      "count": 1
    },
    "cross_page": {
      "acc": 0.0,
      "f1": 0.0,
      "count": 0
    },
    "unanswerable": {
      "acc": 0.0,
      "f1": 0.0,
      "count": 0
    }
  },
  "evidence_source_breakdowns": {
    "Chart": {
      "acc": 0.9230769230769231,
      "f1": 0.9230769230769231,
      "count": 1
    }
  },
  "document_type_breakdowns": {
    "Research report / Introduction": {
      "acc": 0.9230769230769231,
      "f1": 0.9230769230769231,
      "count": 1
    }
  },
  "answer_format_breakdowns": {
    "Str": {
      "acc": 0.9230769230769231,
      "f1": 0.9230769230769231,
      "count": 1
    }
  },
  "sample_count": 1,
  "completed_count": 1,
  "failed_count": 0
}