{
  "overall_acc": 0.4564280410170472,
  "overall_f1": 0.4474179371305767,
  "breakdowns": {
    "single_page": {
      "acc": 0.5821370365001742,
      "f1": 0.6229699171168545,
      "count": 485
    },
    "cross_page": {
      "acc": 0.26728056923310006,
      "f1": 0.2926603265490027,
      "count": 369
    },
    "unanswerable": {
      "acc": 0.48770491803278687,
      "f1": 0.0,
      "count": 244
    }
  },
  "evidence_source_breakdowns": {
    "Chart": {
      "acc": 0.4594569288389513,
      "f1": 0.4853610286844708,
      "count": 178
    },
    "Figure": {
      "acc": 0.4029429890309721,
      "f1": 0.4425795681893188,
      "count": 293
    },
    "Generalized-text (Layout)": {
      "acc": 0.3730033819547886,
      "f1": 0.4053644059599986,
      "count": 119
    },
    "Pure-text (Plain-text)": {
      "acc": 0.4261365641988467,
      "f1": 0.45584079460020704,
      "count": 298
    },
    "Table": {
      "acc": 0.4199523717872342,
      "f1": 0.45847907366894713,
      "count": 218
    }
  },
  "document_type_breakdowns": {
    "Academic paper": {
      "acc": 0.39522851752645394,
      "f1": 0.38193236205470105,
      "count": 204
    },
    "Administration/Industry file": {
      "acc": 0.47435764429228483,
      "f1": 0.4761055937526526,
      "count": 81
    },
    "Brochure": {
      "acc": 0.45544554455445546,
      "f1": 0.4129032258064516,
      "count": 101
    },
    "Financial report": {
      "acc": 0.441740806594918,
      "f1": 0.46855050637544005,
      "count": 117
    },
    "Guidebook": {
      "acc": 0.469798584032455,
      "f1": 0.4839884008903101,
      "count": 156
    },
    "Research report / Introduction": {
      "acc": 0.4544937428896473,
      "f1": 0.4155145929339478,
      "count": 293
    },
    "Tutorial/Workshop": {
      "acc": 0.5379459412891491,
      "f1": 0.546676865833555,
      "count": 139
    }
  },
  "answer_format_breakdowns": {
    "Float": {
      "acc": 0.4625,
      "f1": 0.5174825174825175,
      "count": 160
    },
    "Int": {
      "acc": 0.36551724137931035,
      "f1": 0.3897058823529411,
      "count": 290
    },
    "List": {
      "acc": 0.35576757847259155,
      "f1": 0.39028234354829067,
      "count": 147
    },
    "None": {
      "acc": 0.48770491803278687,
      "f1": 0.0,
      "count": 244
    },
    "Str": {
      "acc": 0.58666063485651,
      "f1": 0.622781990293535,
      "count": 250
    }
  },
  "sample_count": 1091,
  "completed_count": 1091,
  "failed_count": 0
}