{
  "overall_acc": 0.48981071879759164,
  "overall_f1": 0.4733418517881129,
  "breakdowns": {
    "single_page": {
      "acc": 0.5599658571712781,
      "f1": 0.6076548432761762,
      "count": 485
    },
    "cross_page": {
      "acc": 0.30027114764255436,
      "f1": 0.34952698258707426,
      "count": 369
    },
    "unanswerable": {
      "acc": 0.6352459016393442,
      "f1": 0.0,
      "count": 244
    }
  },
  "evidence_source_breakdowns": {
    "Chart": {
      "acc": 0.46459834335994565,
      "f1": 0.5058012545447726,
      "count": 178
    },
    "Figure": {
      "acc": 0.39585697248593615,
      "f1": 0.4435256534567288,
      "count": 293
    },
    "Generalized-text (Layout)": {
      "acc": 0.3844233345512118,
      "f1": 0.4261559696342305,
      "count": 119
    },
    "Pure-text (Plain-text)": {
      "acc": 0.46545547016058897,
      "f1": 0.5083235098409642,
      "count": 298
    },
    "Table": {
      "acc": 0.4212520659768366,
      "f1": 0.4870399484340504,
      "count": 218
    }
  },
  "document_type_breakdowns": {
    "Academic paper": {
      "acc": 0.4344726032705572,
      "f1": 0.4178468546928385,
      "count": 204
    },
    "Administration/Industry file": {
      "acc": 0.509190095791403,
      "f1": 0.49606765783236373,
      "count": 81
    },
    "Brochure": {
      "acc": 0.43564356435643564,
      "f1": 0.40816326530612246,
      "count": 101
    },
    "Financial report": {
      "acc": 0.441740806594918,
      "f1": 0.49102938869896057,
      "count": 117
    },
    "Guidebook": {
      "acc": 0.514307131041002,
      "f1": 0.5126120207863516,
      "count": 156
    },
    "Research report / Introduction": {
      "acc": 0.54052244683644,
      "f1": 0.48412729402577115,
      "count": 293
    },
    "Tutorial/Workshop": {
      "acc": 0.5051656233438596,
      "f1": 0.5019820149526953,
      "count": 139
    }
  },
  "answer_format_breakdowns": {
    "Float": {
      "acc": 0.475,
      "f1": 0.5567765567765568,
      "count": 160
    },
    "Int": {
      "acc": 0.35172413793103446,
      "f1": 0.3915547024952015,
      "count": 290
    },
    "List": {
      "acc": 0.4349739276789407,
      "f1": 0.4862446187741771,
      "count": 147
    },
    "None": {
      "acc": 0.6352459016393442,
      "f1": 0.0,
      "count": 244
    },
    "Str": {
      "acc": 0.5497693073574728,
      "f1": 0.6014981480935151,
      "count": 250
    }
  },
  "sample_count": 1091,
  "completed_count": 1091,
  "failed_count": 0
}