{
  "overall_acc": 0.4119112581395348,
  "overall_f1": 0.4177054373172895,
  "breakdowns": {
    "single_page": {
      "acc": 0.536092109387046,
      "f1": 0.5822246647942398,
      "count": 183
    },
    "cross_page": {
      "acc": 0.20927318295739347,
      "f1": 0.23994252873563218,
      "count": 133
    },
    "unanswerable": {
      "acc": 0.47692307692307695,
      "f1": 0.0,
      "count": 65
    }
  },
  "evidence_source_breakdowns": {
    "Chart": {
      "acc": 0.3834319526627219,
      "f1": 0.42970822281167104,
      "count": 65
    },
    "Figure": {
      "acc": 0.33022681868234294,
      "f1": 0.35468806451066465,
      "count": 87
    },
    "Generalized-text (Layout)": {
      "acc": 0.3918894344426259,
      "f1": 0.4139056948045712,
      "count": 47
    },
    "Pure-text (Plain-text)": {
      "acc": 0.41177974801751144,
      "f1": 0.4352551269672659,
      "count": 115
    },
    "Table": {
      "acc": 0.35760667903525045,
      "f1": 0.4176994434137291,
      "count": 105
    }
  },
  "document_type_breakdowns": {
    "Academic paper": {
      "acc": 0.3385421109196677,
      "f1": 0.32453541936185903,
      "count": 73
    },
    "Administration/Industry file": {
      "acc": 0.5494397759103642,
      "f1": 0.5617997198879552,
      "count": 10
    },
    "Brochure": {
      "acc": 0.37209302325581395,
      "f1": 0.33333333333333337,
      "count": 43
    },
    "Financial report": {
      "acc": 0.3574730491896909,
      "f1": 0.41957263849278364,
      "count": 92
    },
    "Guidebook": {
      "acc": 0.5865079365079365,
      "f1": 0.5448343079922029,
      "count": 35
    },
    "Research report / Introduction": {
      "acc": 0.4082167832167832,
      "f1": 0.3665158371040724,
      "count": 88
    },
    "Tutorial/Workshop": {
      "acc": 0.5347960567154278,
      "f1": 0.5860778703730717,
      "count": 40
    }
  },
  "answer_format_breakdowns": {
    "Float": {
      "acc": 0.34831460674157305,
      "f1": 0.41059602649006627,
      "count": 89
    },
    "Int": {
      "acc": 0.34615384615384615,
      "f1": 0.37500000000000006,
      "count": 104
    },
    "List": {
      "acc": 0.37303733754038015,
      "f1": 0.4094312241296855,
      "count": 45
    },
    "None": {
      "acc": 0.47692307692307695,
      "f1": 0.0,
      "count": 65
    },
    "Str": {
      "acc": 0.5404039636134058,
      "f1": 0.5854376272478563,
      "count": 78
    }
  },
  "sample_count": 1091,
  "completed_count": 381,
  "failed_count": 710
}