{
  "overall_acc": 0.42329637118699875,
  "overall_f1": 0.406478876752411,
  "breakdowns": {
    "single_page": {
      "acc": 0.5203471800960271,
      "f1": 0.5578711014464725,
      "count": 485
    },
    "cross_page": {
      "acc": 0.24511641902016934,
      "f1": 0.27408472308618936,
      "count": 369
    },
    "unanswerable": {
      "acc": 0.5,
      "f1": 0.0,
      "count": 244
    }
  },
  "evidence_source_breakdowns": {
    "Chart": {
      "acc": 0.4182944396427542,
      "f1": 0.45262255475021423,
      "count": 178
    },
    "Figure": {
      "acc": 0.3522948611202809,
      "f1": 0.38197129927638607,
      "count": 293
    },
    "Generalized-text (Layout)": {
      "acc": 0.32911916159998006,
      "f1": 0.36774817117744246,
      "count": 119
    },
    "Pure-text (Plain-text)": {
      "acc": 0.3725396154676698,
      "f1": 0.4000622422569097,
      "count": 298
    },
    "Table": {
      "acc": 0.41536521582393143,
      "f1": 0.46519281584216654,
      "count": 218
    }
  },
  "document_type_breakdowns": {
    "Academic paper": {
      "acc": 0.3841991057617481,
      "f1": 0.3527044954572162,
      "count": 204
    },
    "Administration/Industry file": {
      "acc": 0.4351160217173289,
      "f1": 0.43789763967602546,
      "count": 81
    },
    "Brochure": {
      "acc": 0.39603960396039606,
      "f1": 0.37179487179487186,
      "count": 101
    },
    "Financial report": {
      "acc": 0.39900576385987524,
      "f1": 0.4434433443787809,
      "count": 117
    },
    "Guidebook": {
      "acc": 0.4096133988472698,
      "f1": 0.39262041164077127,
      "count": 156
    },
    "Research report / Introduction": {
      "acc": 0.46105714535748665,
      "f1": 0.4134094830150515,
      "count": 293
    },
    "Tutorial/Workshop": {
      "acc": 0.4498001255323187,
      "f1": 0.4539402418413418,
      "count": 139
    }
  },
  "answer_format_breakdowns": {
    "Float": {
      "acc": 0.44375,
      "f1": 0.5035460992907801,
      "count": 160
    },
    "Int": {
      "acc": 0.3448275862068966,
      "f1": 0.37243947858473,
      "count": 290
    },
    "List": {
      "acc": 0.2809376464998024,
      "f1": 0.30819279130948474,
      "count": 147
    },
    "None": {
      "acc": 0.5,
      "f1": 0.0,
      "count": 244
    },
    "Str": {
      "acc": 0.5100740277181788,
      "f1": 0.5508358830649879,
      "count": 250
    }
  },
  "sample_count": 1091,
  "completed_count": 1091,
  "failed_count": 0
}