{
  "overall_acc": 0.44613038594039806,
  "overall_f1": 0.4579504012160056,
  "breakdowns": {
    "single_page": {
      "acc": 0.5797666232979102,
      "f1": 0.5908715604221935,
      "count": 485
    },
    "cross_page": {
      "acc": 0.384549001676506,
      "f1": 0.3941627267184187,
      "count": 369
    },
    "unanswerable": {
      "acc": 0.2690281030444965,
      "f1": 0.0,
      "count": 244
    }
  },
  "evidence_source_breakdowns": {
    "Chart": {
      "acc": 0.42315975697753905,
      "f1": 0.4304139242400112,
      "count": 178
    },
    "Figure": {
      "acc": 0.486867389802086,
      "f1": 0.4900771610174606,
      "count": 293
    },
    "Generalized-text (Layout)": {
      "acc": 0.44950855403332046,
      "f1": 0.4533179485590266,
      "count": 119
    },
    "Pure-text (Plain-text)": {
      "acc": 0.46018675311136675,
      "f1": 0.4649416028672003,
      "count": 298
    },
    "Table": {
      "acc": 0.4906710262214849,
      "f1": 0.5094532870975179,
      "count": 218
    }
  },
  "document_type_breakdowns": {
    "Academic paper": {
      "acc": 0.35438745558564777,
      "f1": 0.38431907790998343,
      "count": 204
    },
    "Administration/Industry file": {
      "acc": 0.5098422459144526,
      "f1": 0.5496114953716177,
      "count": 81
    },
    "Brochure": {
      "acc": 0.40481024846670716,
      "f1": 0.44188448971747074,
      "count": 101
    },
    "Financial report": {
      "acc": 0.5436184168829572,
      "f1": 0.5717400465883512,
      "count": 117
    },
    "Guidebook": {
      "acc": 0.4597894265232975,
      "f1": 0.45174731182795697,
      "count": 156
    },
    "Research report / Introduction": {
      "acc": 0.4124976843406878,
      "f1": 0.39325784379089285,
      "count": 293
    },
    "Tutorial/Workshop": {
      "acc": 0.5471786063491523,
      "f1": 0.5564964836724661,
      "count": 139
    }
  },
  "answer_format_breakdowns": {
    "Float": {
      "acc": 0.54375,
      "f1": 0.5780730897009968,
      "count": 160
    },
    "Int": {
      "acc": 0.4827586206896552,
      "f1": 0.48526863084922006,
      "count": 290
    },
    "List": {
      "acc": 0.3251018666985053,
      "f1": 0.3318748222547242,
      "count": 147
    },
    "None": {
      "acc": 0.2690281030444965,
      "f1": 0.0,
      "count": 244
    },
    "Str": {
      "acc": 0.5851816780537475,
      "f1": 0.5922891478276797,
      "count": 250
    }
  },
  "sample_count": 1091,
  "completed_count": 1091,
  "failed_count": 0
}