{
  "overall_acc": 0.42391613599055905,
  "overall_f1": 0.4329491745864503,
  "breakdowns": {
    "single_page": {
      "acc": 0.5693256027249329,
      "f1": 0.5826204406410042,
      "count": 485
    },
    "cross_page": {
      "acc": 0.32717270975948587,
      "f1": 0.3395969898769347,
      "count": 369
    },
    "unanswerable": {
      "acc": 0.2772248243559719,
      "f1": 0.0,
      "count": 244
    }
  },
  "evidence_source_breakdowns": {
    "Chart": {
      "acc": 0.4058460578123499,
      "f1": 0.41517585224481773,
      "count": 178
    },
    "Figure": {
      "acc": 0.4231164141308418,
      "f1": 0.42722630241799175,
      "count": 293
    },
    "Generalized-text (Layout)": {
      "acc": 0.4342758469847567,
      "f1": 0.4379561507727631,
      "count": 119
    },
    "Pure-text (Plain-text)": {
      "acc": 0.43204081553748386,
      "f1": 0.4404489072860602,
      "count": 298
    },
    "Table": {
      "acc": 0.5023027431284313,
      "f1": 0.525433404368029,
      "count": 218
    }
  },
  "document_type_breakdowns": {
    "Academic paper": {
      "acc": 0.3285271905310093,
      "f1": 0.34895085388561575,
      "count": 204
    },
    "Administration/Industry file": {
      "acc": 0.4828868566192953,
      "f1": 0.5016262198023274,
      "count": 81
    },
    "Brochure": {
      "acc": 0.3652062880706676,
      "f1": 0.398695258230142,
      "count": 101
    },
    "Financial report": {
      "acc": 0.5096814866045636,
      "f1": 0.5481057530318614,
      "count": 117
    },
    "Guidebook": {
      "acc": 0.44883542953988875,
      "f1": 0.4410891890411232,
      "count": 156
    },
    "Research report / Introduction": {
      "acc": 0.39670550095374957,
      "f1": 0.3805318199550048,
      "count": 293
    },
    "Tutorial/Workshop": {
      "acc": 0.5294065776666795,
      "f1": 0.535101733496329,
      "count": 139
    }
  },
  "answer_format_breakdowns": {
    "Float": {
      "acc": 0.50625,
      "f1": 0.5454545454545454,
      "count": 160
    },
    "Int": {
      "acc": 0.41724137931034483,
      "f1": 0.42086956521739133,
      "count": 290
    },
    "List": {
      "acc": 0.32924337004313825,
      "f1": 0.3396405290971321,
      "count": 147
    },
    "None": {
      "acc": 0.2772248243559719,
      "f1": 0.0,
      "count": 244
    },
    "Str": {
      "acc": 0.5778034873060057,
      "f1": 0.5895953952102099,
      "count": 250
    }
  },
  "sample_count": 1091,
  "completed_count": 1091,
  "failed_count": 0
}