{
  "overall_acc": 0.4241374249514281,
  "overall_f1": 0.428593292686868,
  "breakdowns": {
    "single_page": {
      "acc": 0.5568268830015913,
      "f1": 0.5697238506547576,
      "count": 485
    },
    "cross_page": {
      "acc": 0.32257462120156943,
      "f1": 0.34057234684800897,
      "count": 369
    },
    "unanswerable": {
      "acc": 0.31820843091334894,
      "f1": 0.0,
      "count": 244
    }
  },
  "evidence_source_breakdowns": {
    "Chart": {
      "acc": 0.3938268270431192,
      "f1": 0.4063836244271027,
      "count": 178
    },
    "Figure": {
      "acc": 0.42908748515310735,
      "f1": 0.4351866423753917,
      "count": 293
    },
    "Generalized-text (Layout)": {
      "acc": 0.41613852062564155,
      "f1": 0.42325199961069526,
      "count": 119
    },
    "Pure-text (Plain-text)": {
      "acc": 0.42133093378993347,
      "f1": 0.4342939130734629,
      "count": 298
    },
    "Table": {
      "acc": 0.4886207065106148,
      "f1": 0.5236690522050323,
      "count": 218
    }
  },
  "document_type_breakdowns": {
    "Academic paper": {
      "acc": 0.36850602297307705,
      "f1": 0.3845146235192196,
      "count": 204
    },
    "Administration/Industry file": {
      "acc": 0.47075530646837077,
      "f1": 0.49480534963293005,
      "count": 81
    },
    "Brochure": {
      "acc": 0.38500826826868734,
      "f1": 0.386892177589852,
      "count": 101
    },
    "Financial report": {
      "acc": 0.4547813280458684,
      "f1": 0.49700428228212995,
      "count": 117
    },
    "Guidebook": {
      "acc": 0.41934825005270926,
      "f1": 0.41896727065272665,
      "count": 156
    },
    "Research report / Introduction": {
      "acc": 0.4180362748442504,
      "f1": 0.39061639733264447,
      "count": 293
    },
    "Tutorial/Workshop": {
      "acc": 0.4994914827156133,
      "f1": 0.509952034577808,
      "count": 139
    }
  },
  "answer_format_breakdowns": {
    "Float": {
      "acc": 0.48125,
      "f1": 0.5273972602739726,
      "count": 160
    },
    "Int": {
      "acc": 0.4206896551724138,
      "f1": 0.4295774647887324,
      "count": 290
    },
    "List": {
      "acc": 0.3195417621272446,
      "f1": 0.32963255461547336,
      "count": 147
    },
    "None": {
      "acc": 0.31820843091334894,
      "f1": 0.0,
      "count": 244
    },
    "Str": {
      "acc": 0.5564737377857838,
      "f1": 0.5736842657585399,
      "count": 250
    }
  },
  "sample_count": 1091,
  "completed_count": 1091,
  "failed_count": 0
}