{
  "overall_acc": 0.4143778264146206,
  "overall_f1": 0.4312359339972672,
  "breakdowns": {
    "single_page": {
      "acc": 0.5682890681481582,
      "f1": 0.5834119361446839,
      "count": 485
    },
    "cross_page": {
      "acc": 0.33014404721852925,
      "f1": 0.34171992545199803,
      "count": 369
    },
    "unanswerable": {
      "acc": 0.23214285714285715,
      "f1": 0.0,
      "count": 244
    }
  },
  "evidence_source_breakdowns": {
    "Chart": {
      "acc": 0.39824614126241403,
      "f1": 0.40507321796976975,
      "count": 178
    },
    "Figure": {
      "acc": 0.43758573857504235,
      "f1": 0.44441063874115283,
      "count": 293
    },
    "Generalized-text (Layout)": {
      "acc": 0.40655804049457167,
      "f1": 0.41174814313918323,
      "count": 119
    },
    "Pure-text (Plain-text)": {
      "acc": 0.427651365685116,
      "f1": 0.4373993215260618,
      "count": 298
    },
    "Table": {
      "acc": 0.49334686720007825,
      "f1": 0.5147324495150583,
      "count": 218
    }
  },
  "document_type_breakdowns": {
    "Academic paper": {
      "acc": 0.3103085592049611,
      "f1": 0.3447845702198376,
      "count": 204
    },
    "Administration/Industry file": {
      "acc": 0.48554965013176205,
      "f1": 0.5011279668180527,
      "count": 81
    },
    "Brochure": {
      "acc": 0.39490925836769725,
      "f1": 0.4239751160360624,
      "count": 101
    },
    "Financial report": {
      "acc": 0.4840404609635379,
      "f1": 0.535615038556215,
      "count": 117
    },
    "Guidebook": {
      "acc": 0.4336142128480838,
      "f1": 0.4468512961573726,
      "count": 156
    },
    "Research report / Introduction": {
      "acc": 0.3932039810935149,
      "f1": 0.3718297635564446,
      "count": 293
    },
    "Tutorial/Workshop": {
      "acc": 0.5041912819229789,
      "f1": 0.529608166837141,
      "count": 139
    }
  },
  "answer_format_breakdowns": {
    "Float": {
      "acc": 0.50625,
      "f1": 0.5382059800664452,
      "count": 160
    },
    "Int": {
      "acc": 0.4206896551724138,
      "f1": 0.42807017543859655,
      "count": 290
    },
    "List": {
      "acc": 0.31697639428731866,
      "f1": 0.32358006916830445,
      "count": 147
    },
    "None": {
      "acc": 0.23214285714285715,
      "f1": 0.0,
      "count": 244
    },
    "Str": {
      "acc": 0.5833912860610327,
      "f1": 0.5989643594055778,
      "count": 250
    }
  },
  "sample_count": 1091,
  "completed_count": 1091,
  "failed_count": 0
}