{
  "overall_acc": 0.43660860426527265,
  "overall_f1": 0.4520904079505768,
  "breakdowns": {
    "single_page": {
      "acc": 0.5800410247227286,
      "f1": 0.5911532211439648,
      "count": 485
    },
    "cross_page": {
      "acc": 0.3695859976152628,
      "f1": 0.38147477795813134,
      "count": 369
    },
    "unanswerable": {
      "acc": 0.248536299765808,
      "f1": 0.0,
      "count": 244
    }
  },
  "evidence_source_breakdowns": {
    "Chart": {
      "acc": 0.4676438106213387,
      "f1": 0.47839424304941547,
      "count": 178
    },
    "Figure": {
      "acc": 0.4448685669292462,
      "f1": 0.4472003139730632,
      "count": 293
    },
    "Generalized-text (Layout)": {
      "acc": 0.44802680191218214,
      "f1": 0.4518236392165227,
      "count": 119
    },
    "Pure-text (Plain-text)": {
      "acc": 0.4453895330047466,
      "f1": 0.4543820694760577,
      "count": 298
    },
    "Table": {
      "acc": 0.5299051101803396,
      "f1": 0.5519003085268146,
      "count": 218
    }
  },
  "document_type_breakdowns": {
    "Academic paper": {
      "acc": 0.35900847395346924,
      "f1": 0.38510307375876585,
      "count": 204
    },
    "Administration/Industry file": {
      "acc": 0.48554965013176205,
      "f1": 0.5047074522953245,
      "count": 81
    },
    "Brochure": {
      "acc": 0.41471123856571707,
      "f1": 0.428905059245784,
      "count": 101
    },
    "Financial report": {
      "acc": 0.5146103878749282,
      "f1": 0.5608766213859472,
      "count": 117
    },
    "Guidebook": {
      "acc": 0.45383267244035747,
      "f1": 0.46410608321141805,
      "count": 156
    },
    "Research report / Introduction": {
      "acc": 0.41705773120359074,
      "f1": 0.4116247177206538,
      "count": 293
    },
    "Tutorial/Workshop": {
      "acc": 0.4941127646502171,
      "f1": 0.5076681011224706,
      "count": 139
    }
  },
  "answer_format_breakdowns": {
    "Float": {
      "acc": 0.55,
      "f1": 0.584717607973422,
      "count": 160
    },
    "Int": {
      "acc": 0.4586206896551724,
      "f1": 0.46260869565217383,
      "count": 290
    },
    "List": {
      "acc": 0.3432832133112245,
      "f1": 0.35288554095629376,
      "count": 147
    },
    "None": {
      "acc": 0.248536299765808,
      "f1": 0.0,
      "count": 244
    },
    "Str": {
      "acc": 0.5769379910152214,
      "f1": 0.5851298083318675,
      "count": 250
    }
  },
  "sample_count": 1091,
  "completed_count": 1091,
  "failed_count": 0
}