{
  "overall_acc": 0.3697811179650684,
  "overall_f1": 0.35167668359227366,
  "breakdowns": {
    "single_page": {
      "acc": 0.48760085262894354,
      "f1": 0.5076122566048855,
      "count": 485
    },
    "cross_page": {
      "acc": 0.1976823473573226,
      "f1": 0.21517636039779361,
      "count": 369
    },
    "unanswerable": {
      "acc": 0.4016393442622951,
      "f1": 0.0,
      "count": 244
    }
  },
  "evidence_source_breakdowns": {
    "Chart": {
      "acc": 0.332706499880076,
      "f1": 0.35146443310773606,
      "count": 178
    },
    "Figure": {
      "acc": 0.2948312410195856,
      "f1": 0.30157523912744505,
      "count": 293
    },
    "Generalized-text (Layout)": {
      "acc": 0.3363079277644902,
      "f1": 0.34952526990370597,
      "count": 119
    },
    "Pure-text (Plain-text)": {
      "acc": 0.34767342875761426,
      "f1": 0.366811125522632,
      "count": 298
    },
    "Table": {
      "acc": 0.38075099482277036,
      "f1": 0.4226995715018759,
      "count": 218
    }
  },
  "document_type_breakdowns": {
    "Academic paper": {
      "acc": 0.30749116962286566,
      "f1": 0.2919155877863278,
      "count": 204
    },
    "Administration/Industry file": {
      "acc": 0.40040824410572307,
      "f1": 0.415081281351293,
      "count": 81
    },
    "Brochure": {
      "acc": 0.32214598204006445,
      "f1": 0.31971980947043993,
      "count": 101
    },
    "Financial report": {
      "acc": 0.3985703754934524,
      "f1": 0.44407359489326703,
      "count": 117
    },
    "Guidebook": {
      "acc": 0.36083021266023746,
      "f1": 0.3383161053999764,
      "count": 156
    },
    "Research report / Introduction": {
      "acc": 0.3845611000440936,
      "f1": 0.32198816543471265,
      "count": 293
    },
    "Tutorial/Workshop": {
      "acc": 0.43262258789614794,
      "f1": 0.4181662954686346,
      "count": 139
    }
  },
  "answer_format_breakdowns": {
    "Float": {
      "acc": 0.3875,
      "f1": 0.4460431654676259,
      "count": 160
    },
    "Int": {
      "acc": 0.296551724137931,
      "f1": 0.30935251798561153,
      "count": 290
    },
    "List": {
      "acc": 0.23792472842158474,
      "f1": 0.25071638048726136,
      "count": 147
    },
    "None": {
      "acc": 0.4016393442622951,
      "f1": 0.0,
      "count": 244
    },
    "Str": {
      "acc": 0.4898250584876668,
      "f1": 0.5123693080414924,
      "count": 250
    }
  },
  "sample_count": 1091,
  "completed_count": 1091,
  "failed_count": 0
}