{
  "overall_acc": 0.41751724628031406,
  "overall_f1": 0.4218417085496563,
  "breakdowns": {
    "single_page": {
      "acc": 0.5657019760454293,
      "f1": 0.5817051626624505,
      "count": 485
    },
    "cross_page": {
      "acc": 0.2940460709130957,
      "f1": 0.3086856334763366,
      "count": 369
    },
    "unanswerable": {
      "acc": 0.3100117096018735,
      "f1": 0.0,
      "count": 244
    }
  },
  "evidence_source_breakdowns": {
    "Chart": {
      "acc": 0.3870780263781771,
      "f1": 0.3971175140940376,
      "count": 178
    },
    "Figure": {
      "acc": 0.4195905171056535,
      "f1": 0.4288653245104839,
      "count": 293
    },
    "Generalized-text (Layout)": {
      "acc": 0.3884868120031751,
      "f1": 0.3985338847273951,
      "count": 119
    },
    "Pure-text (Plain-text)": {
      "acc": 0.42656415785701374,
      "f1": 0.4432904008484713,
      "count": 298
    },
    "Table": {
      "acc": 0.45664961949365623,
      "f1": 0.4916030471586027,
      "count": 218
    }
  },
  "document_type_breakdowns": {
    "Academic paper": {
      "acc": 0.3180037711281142,
      "f1": 0.3345457018243253,
      "count": 204
    },
    "Administration/Industry file": {
      "acc": 0.4589239990099869,
      "f1": 0.48472119035189987,
      "count": 81
    },
    "Brochure": {
      "acc": 0.35385637259131475,
      "f1": 0.37561530925115727,
      "count": 101
    },
    "Financial report": {
      "acc": 0.47524234850688885,
      "f1": 0.5116142607926947,
      "count": 117
    },
    "Guidebook": {
      "acc": 0.4362393654732365,
      "f1": 0.4311795462601914,
      "count": 156
    },
    "Research report / Introduction": {
      "acc": 0.42171178022624045,
      "f1": 0.3866030194062231,
      "count": 293
    },
    "Tutorial/Workshop": {
      "acc": 0.5072515211132107,
      "f1": 0.5270370243546579,
      "count": 139
    }
  },
  "answer_format_breakdowns": {
    "Float": {
      "acc": 0.48125,
      "f1": 0.5273972602739726,
      "count": 160
    },
    "Int": {
      "acc": 0.3931034482758621,
      "f1": 0.39860139860139865,
      "count": 290
    },
    "List": {
      "acc": 0.31410120206483577,
      "f1": 0.3274672106633394,
      "count": 147
    },
    "None": {
      "acc": 0.3100117096018735,
      "f1": 0.0,
      "count": 244
    },
    "Str": {
      "acc": 0.5707823273817386,
      "f1": 0.5872246166478793,
      "count": 250
    }
  },
  "sample_count": 1091,
  "completed_count": 1091,
  "failed_count": 0
}