{
  "overall_acc": 0.3934854800971384,
  "overall_f1": 0.39160722055447517,
  "breakdowns": {
    "single_page": {
      "acc": 0.5295013073949643,
      "f1": 0.5472037534341075,
      "count": 485
    },
    "cross_page": {
      "acc": 0.26418570379246703,
      "f1": 0.27733861934401227,
      "count": 369
    },
    "unanswerable": {
      "acc": 0.3237704918032787,
      "f1": 0.0,
      "count": 244
    }
  },
  "evidence_source_breakdowns": {
    "Chart": {
      "acc": 0.38302302410448474,
      "f1": 0.3929573388507106,
      "count": 178
    },
    "Figure": {
      "acc": 0.37909977179379484,
      "f1": 0.38257073676312164,
      "count": 293
    },
    "Generalized-text (Layout)": {
      "acc": 0.37089768680085533,
      "f1": 0.3772378181991606,
      "count": 119
    },
    "Pure-text (Plain-text)": {
      "acc": 0.3956559165489309,
      "f1": 0.4067450022356863,
      "count": 298
    },
    "Table": {
      "acc": 0.427979894723014,
      "f1": 0.46265472205321834,
      "count": 218
    }
  },
  "document_type_breakdowns": {
    "Academic paper": {
      "acc": 0.3174219727521982,
      "f1": 0.32284734199068127,
      "count": 204
    },
    "Administration/Industry file": {
      "acc": 0.4117626848719286,
      "f1": 0.4139091602135213,
      "count": 81
    },
    "Brochure": {
      "acc": 0.3661063780796684,
      "f1": 0.39053728949478744,
      "count": 101
    },
    "Financial report": {
      "acc": 0.41204628531082566,
      "f1": 0.45386468152007103,
      "count": 117
    },
    "Guidebook": {
      "acc": 0.40549751745197665,
      "f1": 0.3973458350582043,
      "count": 156
    },
    "Research report / Introduction": {
      "acc": 0.3946590866002699,
      "f1": 0.35493527119077856,
      "count": 293
    },
    "Tutorial/Workshop": {
      "acc": 0.4827835554395888,
      "f1": 0.4905138108390278,
      "count": 139
    }
  },
  "answer_format_breakdowns": {
    "Float": {
      "acc": 0.45625,
      "f1": 0.5069444444444444,
      "count": 160
    },
    "Int": {
      "acc": 0.3586206896551724,
      "f1": 0.3674911660777385,
      "count": 290
    },
    "List": {
      "acc": 0.2920323257508131,
      "f1": 0.3012543991955757,
      "count": 147
    },
    "None": {
      "acc": 0.3237704918032787,
      "f1": 0.0,
      "count": 244
    },
    "Str": {
      "acc": 0.521455627602434,
      "f1": 0.5375831212396226,
      "count": 250
    }
  },
  "sample_count": 1091,
  "completed_count": 1091,
  "failed_count": 0
}