{
  "overall_acc": 0.42101412049659304,
  "overall_f1": 0.43404117277026194,
  "breakdowns": {
    "single_page": {
      "acc": 0.5742679621675332,
      "f1": 0.5893475115534836,
      "count": 485
    },
    "cross_page": {
      "acc": 0.32196868241335885,
      "f1": 0.3360861211047509,
      "count": 369
    },
    "unanswerable": {
      "acc": 0.26639344262295084,
      "f1": 0.0,
      "count": 244
    }
  },
  "evidence_source_breakdowns": {
    "Chart": {
      "acc": 0.4218723037940185,
      "f1": 0.43532330478455245,
      "count": 178
    },
    "Figure": {
      "acc": 0.4376393403810273,
      "f1": 0.44524982974123817,
      "count": 293
    },
    "Generalized-text (Layout)": {
      "acc": 0.44118034531880795,
      "f1": 0.44681243483351607,
      "count": 119
    },
    "Pure-text (Plain-text)": {
      "acc": 0.4188643046953763,
      "f1": 0.43019811838606703,
      "count": 298
    },
    "Table": {
      "acc": 0.47791734259624163,
      "f1": 0.5058136308136308,
      "count": 218
    }
  },
  "document_type_breakdowns": {
    "Academic paper": {
      "acc": 0.3481096035357369,
      "f1": 0.3884890383842917,
      "count": 204
    },
    "Administration/Industry file": {
      "acc": 0.4931749224629167,
      "f1": 0.520382658021074,
      "count": 81
    },
    "Brochure": {
      "acc": 0.40481024846670716,
      "f1": 0.428905059245784,
      "count": 101
    },
    "Financial report": {
      "acc": 0.4498524267755037,
      "f1": 0.4963273393273393,
      "count": 117
    },
    "Guidebook": {
      "acc": 0.4257585064629657,
      "f1": 0.41896727065272665,
      "count": 156
    },
    "Research report / Introduction": {
      "acc": 0.41146139691793854,
      "f1": 0.38769778916431163,
      "count": 293
    },
    "Tutorial/Workshop": {
      "acc": 0.48827188696364354,
      "f1": 0.5051435044642858,
      "count": 139
    }
  },
  "answer_format_breakdowns": {
    "Float": {
      "acc": 0.46875,
      "f1": 0.5102040816326531,
      "count": 160
    },
    "Int": {
      "acc": 0.4379310344827586,
      "f1": 0.4425087108013937,
      "count": 290
    },
    "List": {
      "acc": 0.33031273718393395,
      "f1": 0.34194346736646686,
      "count": 147
    },
    "None": {
      "acc": 0.26639344262295084,
      "f1": 0.0,
      "count": 244
    },
    "Str": {
      "acc": 0.5750817323829789,
      "f1": 0.5916478728219947,
      "count": 250
    }
  },
  "sample_count": 1091,
  "completed_count": 1091,
  "failed_count": 0
}