{
  "overall_acc": 0.4184252456997828,
  "overall_f1": 0.427242833880116,
  "breakdowns": {
    "single_page": {
      "acc": 0.5603986187245398,
      "f1": 0.5734183423621717,
      "count": 485
    },
    "cross_page": {
      "acc": 0.3253814521252144,
      "f1": 0.33773770980085543,
      "count": 369
    },
    "unanswerable": {
      "acc": 0.2731264637002342,
      "f1": 0.0,
      "count": 244
    }
  },
  "evidence_source_breakdowns": {
    "Chart": {
      "acc": 0.4151000738466837,
      "f1": 0.42464260427994077,
      "count": 178
    },
    "Figure": {
      "acc": 0.43343739576581664,
      "f1": 0.4401308343640291,
      "count": 293
    },
    "Generalized-text (Layout)": {
      "acc": 0.41449293381949054,
      "f1": 0.41800558580101155,
      "count": 119
    },
    "Pure-text (Plain-text)": {
      "acc": 0.4318982050741075,
      "f1": 0.4430268010912029,
      "count": 298
    },
    "Table": {
      "acc": 0.4763088593363823,
      "f1": 0.5004152376415151,
      "count": 218
    }
  },
  "document_type_breakdowns": {
    "Academic paper": {
      "acc": 0.3541065131691555,
      "f1": 0.38398683296526215,
      "count": 204
    },
    "Administration/Industry file": {
      "acc": 0.46704582885016305,
      "f1": 0.4940526544235916,
      "count": 81
    },
    "Brochure": {
      "acc": 0.38500826826868734,
      "f1": 0.4056492452922956,
      "count": 101
    },
    "Financial report": {
      "acc": 0.4327584096814866,
      "f1": 0.46245372750227115,
      "count": 117
    },
    "Guidebook": {
      "acc": 0.42505341880341885,
      "f1": 0.4287467700258398,
      "count": 156
    },
    "Research report / Introduction": {
      "acc": 0.4237905020810598,
      "f1": 0.39536829359349185,
      "count": 293
    },
    "Tutorial/Workshop": {
      "acc": 0.47795671053335914,
      "f1": 0.49529985636780766,
      "count": 139
    }
  },
  "answer_format_breakdowns": {
    "Float": {
      "acc": 0.48125,
      "f1": 0.5167785234899329,
      "count": 160
    },
    "Int": {
      "acc": 0.4379310344827586,
      "f1": 0.4425087108013937,
      "count": 290
    },
    "List": {
      "acc": 0.3217070221706559,
      "f1": 0.3318661912918345,
      "count": 147
    },
    "None": {
      "acc": 0.2731264637002342,
      "f1": 0.0,
      "count": 244
    },
    "Str": {
      "acc": 0.5542726146260779,
      "f1": 0.565584300638855,
      "count": 250
    }
  },
  "sample_count": 1091,
  "completed_count": 1091,
  "failed_count": 0
}