{
  "overall_acc": 0.31410426751967097,
  "avg_acc": 0.31410426751967097,
  "rectified_avg_acc": 0.00054039443874352,
  "fine_grained_metrics": {
    "Main_Task": {
      "Understanding": 0.0,
      "Reasoning": 0.0,
      "Locating": 0.0018077943454369552
    },
    "Element_Type": {
      "Text": 0.0,
      "Layout": 0.0016128588832845748,
      "Figure": 0.0,
      "Table": 0.0011110699603718382
    },
    "Evidence_Pages": {
      "Single_Page": 0.00026411265745179585,
      "Multi_Page": 0.0007867820613690008
    },
    "Num_of_Element_Types": {
      "Cross_Element": 0.0011226704587979943
    },
    "Fine_Grained": {
      "Understanding": {
        "Single_Page": {
          "Text": 0.0,
          "Layout": 0.0,
          "Figure": 0.0,
          "Table": 0.0
        },
        "Multi_Page": {
          "Text": 0.0,
          "Layout": 0.0,
          "Figure": 0.0,
          "Table": 0.0
        }
      },
      "Reasoning": {
        "Single_Page": {
          "Text": 0.0,
          "Layout": 0.0,
          "Figure": 0.0,
          "Table": 0.0
        },
        "Multi_Page": {
          "Text": 0.0,
          "Layout": 0.0,
          "Figure": 0.0,
          "Table": 0.0
        }
      },
      "Locating": {
        "Cross_Element": {
          "Cross_Title": 0.001436194699476681,
          "Cross_Table": 0.007680491551459293,
          "Para_Title": 0.0,
          "Figure_Table": 0.0
        }
      }
    }
  },
  "sample_count": 4,
  "completed_count": 4,
  "failed_count": 0
}