{
  "avg_acc": 0.4600033694331285,
  "rectified_avg_acc": 0.4600033694331285
}