{
  "Main_Task": {
    "Understanding": 0.5111626990917478,
    "Reasoning": 0.445679818963542,
    "Locating": 0.3764813079454521
  },
  "Element_Type": {
    "Text": 0.5116133285857613,
    "Layout": 0.36909327046732593,
    "Figure": 0.47504391790220835,
    "Table": 0.4466692337357721
  },
  "Evidence_Pages": {
    "Single_Page": 0.4773922853806365,
    "Multi_Page": 0.4445559189404073
  },
  "Num_of_Element_Types": {
    "Cross_Element": 0.4403152604907726
  },
  "Fine_Grained": {
    "Understanding": {
      "Single_Page": {
        "Text": 0.45919555711012894,
        "Layout": 0.39604848834228656,
        "Figure": 0.4745441716083238,
        "Table": 0.5457102922190603
      },
      "Multi_Page": {
        "Text": 0.5551198881251536,
        "Layout": 0.4902907597678382,
        "Figure": 0.5253508454383237,
        "Table": 0.5002727701663854
      }
    },
    "Reasoning": {
      "Single_Page": {
        "Text": 0.38335737112739177,
        "Layout": 0.397740944693645,
        "Figure": 0.5,
        "Table": 0.46938775510204084
      },
      "Multi_Page": {
        "Text": 0.4925108225108225,
        "Layout": 0.3,
        "Figure": 0.4675816993464052,
        "Table": 0.35140535792709704
      }
    },
    "Locating": {
      "Cross_Element": {
        "Cross_Title": 0.3013613219061334,
        "Cross_Table": 0.1435386356026485,
        "Para_Title": 0.5235098499959142,
        "Figure_Table": 0.481706345383473
      }
    }
  }
}