{
  "avg_acc": 0.37627919387146486,
  "rectified_avg_acc": 0.3753081507905063
}