{
  "Main_Task": {
    "Understanding": 0.4351375355299275,
    "Reasoning": 0.36129076552014494,
    "Locating": 0.27610930599702294
  },
  "Element_Type": {
    "Text": 0.4393836917192496,
    "Layout": 0.351694445946024,
    "Figure": 0.3517592279390125,
    "Table": 0.30239396278209046
  },
  "Evidence_Pages": {
    "Single_Page": 0.3418902938081137,
    "Multi_Page": 0.40508850555052445
  },
  "Num_of_Element_Types": {
    "Cross_Element": 0.3366386837519645
  },
  "Fine_Grained": {
    "Understanding": {
      "Single_Page": {
        "Text": 0.4341087708082328,
        "Layout": 0.37455915279648316,
        "Figure": 0.4064198335163529,
        "Table": 0.35121014850288806
      },
      "Multi_Page": {
        "Text": 0.48850844735654214,
        "Layout": 0.43184955289549404,
        "Figure": 0.4539876012061523,
        "Table": 0.43681555113170006
      }
    },
    "Reasoning": {
      "Single_Page": {
        "Text": 0.31217942626523637,
        "Layout": 0.5405980875507879,
        "Figure": 0.38265306122448983,
        "Table": 0.336734693877551
      },
      "Multi_Page": {
        "Text": 0.3696444946300375,
        "Layout": 0.275,
        "Figure": 0.40533601561057364,
        "Table": 0.3895476504172156
      }
    },
    "Locating": {
      "Cross_Element": {
        "Cross_Title": 0.356621148880141,
        "Cross_Table": 0.18675601266936498,
        "Para_Title": 0.3861874585225542,
        "Figure_Table": 0.18950726116490313
      }
    }
  }
}