{
  "avg_acc": 0.40173291412622736,
  "rectified_avg_acc": 0.40173291412622736
}