{
  "Main_Task": {
    "Understanding": 0.4652021122145477,
    "Reasoning": 0.334177465672123,
    "Locating": 0.3258361448139337
  },
  "Element_Type": {
    "Text": 0.49877473772056946,
    "Layout": 0.3525327208287348,
    "Figure": 0.41611746111264275,
    "Table": 0.32292611889401956
  },
  "Evidence_Pages": {
    "Single_Page": 0.4160662409783461,
    "Multi_Page": 0.389353633364315
  },
  "Num_of_Element_Types": {
    "Cross_Element": 0.3986618418147873
  },
  "Fine_Grained": {
    "Understanding": {
      "Single_Page": {
        "Text": 0.5125619289604714,
        "Layout": 0.5400122695219132,
        "Figure": 0.45017875829364207,
        "Table": 0.3400694532217104
      },
      "Multi_Page": {
        "Text": 0.5359276948782916,
        "Layout": 0.4987421889790474,
        "Figure": 0.4180150921801862,
        "Table": 0.38959244849543095
      }
    },
    "Reasoning": {
      "Single_Page": {
        "Text": 0.46932228340809345,
        "Layout": 0.647740944693645,
        "Figure": 0.39285714285714285,
        "Table": 0.24362244897959184
      },
      "Multi_Page": {
        "Text": 0.4243478260869565,
        "Layout": 0.3,
        "Figure": 0.37411764705882355,
        "Table": 0.2562143170838823
      }
    },
    "Locating": {
      "Cross_Element": {
        "Cross_Title": 0.2552655379478667,
        "Cross_Table": 0.08394652781565314,
        "Para_Title": 0.42364736880348175,
        "Figure_Table": 0.46117227483685486
      }
    }
  }
}