{
  "overall_acc": 0.43884578422081627,
  "avg_acc": 0.43884578422081627,
  "rectified_avg_acc": 0.4386570333458826,
  "fine_grained_metrics": {
    "Main_Task": {
      "Understanding": 0.49803668606339313,
      "Reasoning": 0.3720721593399705,
      "Locating": 0.3695339224285037
    },
    "Element_Type": {
      "Text": 0.5371691932256955,
      "Layout": 0.37672737722868993,
      "Figure": 0.45399462523090545,
      "Table": 0.3613956004636582
    },
    "Evidence_Pages": {
      "Single_Page": 0.46611070066810084,
      "Multi_Page": 0.41497447699101
    },
    "Num_of_Element_Types": {
      "Cross_Element": 0.4265997664131556
    },
    "Fine_Grained": {
      "Understanding": {
        "Single_Page": {
          "Text": 0.5391075973341577,
          "Layout": 0.5618015387973372,
          "Figure": 0.4652117893033411,
          "Table": 0.4066303268150116
        },
        "Multi_Page": {
          "Text": 0.5718588154494585,
          "Layout": 0.5074040736954758,
          "Figure": 0.4707094788840713,
          "Table": 0.3566547423149347
        }
      },
      "Reasoning": {
        "Single_Page": {
          "Text": 0.5135328097238829,
          "Layout": 0.5644076113603117,
          "Figure": 0.42857142857142855,
          "Table": 0.31505102040816324
        },
        "Multi_Page": {
          "Text": 0.4413250517598344,
          "Layout": 0.3,
          "Figure": 0.37346405228758167,
          "Table": 0.28519982433025914
        }
      },
      "Locating": {
        "Cross_Element": {
          "Cross_Title": 0.2822951288320286,
          "Cross_Table": 0.07832390596873302,
          "Para_Title": 0.5086873121996219,
          "Figure_Table": 0.5217566288708391
        }
      }
    }
  },
  "sample_count": 2325,
  "completed_count": 2324,
  "failed_count": 1
}