{
  "overall_acc": 0.4426159723348831,
  "avg_acc": 0.4426159723348831,
  "rectified_avg_acc": 0.4426159723348831,
  "fine_grained_metrics": {
    "Main_Task": {
      "Understanding": 0.5069012035974393,
      "Reasoning": 0.3820944791614119,
      "Locating": 0.36134298729715075
    },
    "Element_Type": {
      "Text": 0.53523467098509,
      "Layout": 0.37647315232695305,
      "Figure": 0.44704201413746647,
      "Table": 0.3817502405600868
    },
    "Evidence_Pages": {
      "Single_Page": 0.45960127791618816,
      "Multi_Page": 0.4282422267611458
    },
    "Num_of_Element_Types": {
      "Cross_Element": 0.4291107985815373
    },
    "Fine_Grained": {
      "Understanding": {
        "Single_Page": {
          "Text": 0.543152960654005,
          "Layout": 0.5587488892384764,
          "Figure": 0.4806652119853448,
          "Table": 0.42946645260498506
        },
        "Multi_Page": {
          "Text": 0.5735342646743896,
          "Layout": 0.517890524439015,
          "Figure": 0.4444586807794176,
          "Table": 0.41959260851465624
        }
      },
      "Reasoning": {
        "Single_Page": {
          "Text": 0.46932228340809345,
          "Layout": 0.5644076113603117,
          "Figure": 0.42857142857142855,
          "Table": 0.31505102040816324
        },
        "Multi_Page": {
          "Text": 0.4587163561076605,
          "Layout": 0.35,
          "Figure": 0.38522875816993457,
          "Table": 0.32356299568575786
        }
      },
      "Locating": {
        "Cross_Element": {
          "Cross_Title": 0.268737440962046,
          "Cross_Table": 0.10170202347981266,
          "Para_Title": 0.47989558109732233,
          "Figure_Table": 0.5132337704301253
        }
      }
    }
  },
  "sample_count": 2325,
  "completed_count": 2325,
  "failed_count": 0
}