{
  "overall_acc": 0.4522433282364817,
  "avg_acc": 0.4522433282364817,
  "rectified_avg_acc": 0.4522433282364817,
  "fine_grained_metrics": {
    "Main_Task": {
      "Understanding": 0.5155197661948118,
      "Reasoning": 0.40018233445856954,
      "Locating": 0.36806346091252085
    },
    "Element_Type": {
      "Text": 0.5454143417243524,
      "Layout": 0.3850753901887302,
      "Figure": 0.44366909547077843,
      "Table": 0.3927110466933767
    },
    "Evidence_Pages": {
      "Single_Page": 0.4768022477919247,
      "Multi_Page": 0.43115518805954933
    },
    "Num_of_Element_Types": {
      "Cross_Element": 0.43153617991103654
    },
    "Fine_Grained": {
      "Understanding": {
        "Single_Page": {
          "Text": 0.5590993018576508,
          "Layout": 0.5893739836058067,
          "Figure": 0.4690032000488045,
          "Table": 0.4472916711276988
        },
        "Multi_Page": {
          "Text": 0.574017017351035,
          "Layout": 0.5195212714374773,
          "Figure": 0.43644582814926913,
          "Table": 0.4302229136491892
        }
      },
      "Reasoning": {
        "Single_Page": {
          "Text": 0.46932228340809345,
          "Layout": 0.5644076113603117,
          "Figure": 0.39285714285714285,
          "Table": 0.36607142857142855
        },
        "Multi_Page": {
          "Text": 0.4761076604554865,
          "Layout": 0.375,
          "Figure": 0.38522875816993457,
          "Table": 0.30907024206256944
        }
      },
      "Locating": {
        "Cross_Element": {
          "Cross_Title": 0.27410541451174875,
          "Cross_Table": 0.08408438564126697,
          "Para_Title": 0.5074476315157787,
          "Figure_Table": 0.522051770168308
        }
      }
    }
  },
  "sample_count": 2325,
  "completed_count": 2325,
  "failed_count": 0
}