{
  "overall_acc": 0.4411474218714124,
  "avg_acc": 0.4411474218714124,
  "rectified_avg_acc": 0.4409576810448011,
  "fine_grained_metrics": {
    "Main_Task": {
      "Understanding": 0.501773110849012,
      "Reasoning": 0.37182529256937663,
      "Locating": 0.37068524233020356
    },
    "Element_Type": {
      "Text": 0.5422992248371288,
      "Layout": 0.3803279410265118,
      "Figure": 0.4513496339824475,
      "Table": 0.3673932058612772
    },
    "Evidence_Pages": {
      "Single_Page": 0.47304111494101264,
      "Multi_Page": 0.41316477219401243
    },
    "Num_of_Element_Types": {
      "Cross_Element": 0.4340044232793932
    },
    "Fine_Grained": {
      "Understanding": {
        "Single_Page": {
          "Text": 0.5386691306442936,
          "Layout": 0.5740393010350994,
          "Figure": 0.46979399633782387,
          "Table": 0.4370491247802665
        },
        "Multi_Page": {
          "Text": 0.5720664316598694,
          "Layout": 0.5024708782892723,
          "Figure": 0.4558060906786829,
          "Table": 0.360096611659176
        }
      },
      "Reasoning": {
        "Single_Page": {
          "Text": 0.5190989191729324,
          "Layout": 0.5829613095238095,
          "Figure": 0.42857142857142855,
          "Table": 0.31505102040816324
        },
        "Multi_Page": {
          "Text": 0.4587163561076605,
          "Layout": 0.325,
          "Figure": 0.36169934640522877,
          "Table": 0.2516029863855951
        }
      },
      "Locating": {
        "Cross_Element": {
          "Cross_Title": 0.27451714429506513,
          "Cross_Table": 0.07818300932933633,
          "Para_Title": 0.5298420270555751,
          "Figure_Table": 0.519518963350966
        }
      }
    }
  },
  "sample_count": 2325,
  "completed_count": 2324,
  "failed_count": 1
}