{
  "overall_acc": 0.38163961231999805,
  "avg_acc": 0.38163961231999805,
  "rectified_avg_acc": 0.38163961231999805,
  "fine_grained_metrics": {
    "Main_Task": {
      "Understanding": 0.44911096883054114,
      "Reasoning": 0.30981244872200325,
      "Locating": 0.30096366436290317
    },
    "Element_Type": {
      "Text": 0.4757163394027187,
      "Layout": 0.3174976930431161,
      "Figure": 0.3912283195564929,
      "Table": 0.30402321549935196
    },
    "Evidence_Pages": {
      "Single_Page": 0.41112518552727806,
      "Multi_Page": 0.3560587567989276
    },
    "Num_of_Element_Types": {
      "Cross_Element": 0.35819868499078905
    },
    "Fine_Grained": {
      "Understanding": {
        "Single_Page": {
          "Text": 0.5033484163899232,
          "Layout": 0.48852490364771817,
          "Figure": 0.4413815206570192,
          "Table": 0.3662562287550361
        },
        "Multi_Page": {
          "Text": 0.5078146021343172,
          "Layout": 0.44720279946634667,
          "Figure": 0.39078792161370823,
          "Table": 0.309723345377175
        }
      },
      "Reasoning": {
        "Single_Page": {
          "Text": 0.4361701094950501,
          "Layout": 0.647740944693645,
          "Figure": 0.4642857142857143,
          "Table": 0.2538265306122449
        },
        "Multi_Page": {
          "Text": 0.38045548654244304,
          "Layout": 0.25,
          "Figure": 0.3264052287581699,
          "Table": 0.19824330259112868
        }
      },
      "Locating": {
        "Cross_Element": {
          "Cross_Title": 0.22314866778294437,
          "Cross_Table": 0.05552804869929571,
          "Para_Title": 0.4111952368147938,
          "Figure_Table": 0.43717135466713364
        }
      }
    }
  },
  "sample_count": 2325,
  "completed_count": 2325,
  "failed_count": 0
}