{
  "overall_acc": 0.4407555771169691,
  "avg_acc": 0.4407555771169691,
  "rectified_avg_acc": 0.4407555771169691,
  "fine_grained_metrics": {
    "Main_Task": {
      "Understanding": 0.5035247953945794,
      "Reasoning": 0.37550595005146303,
      "Locating": 0.36482675316773283
    },
    "Element_Type": {
      "Text": 0.5402140163281677,
      "Layout": 0.37750368191337724,
      "Figure": 0.45439993710453475,
      "Table": 0.3674475555661544
    },
    "Evidence_Pages": {
      "Single_Page": 0.46930565500178967,
      "Multi_Page": 0.4161021429918669
    },
    "Num_of_Element_Types": {
      "Cross_Element": 0.4316151003721994
    },
    "Fine_Grained": {
      "Understanding": {
        "Single_Page": {
          "Text": 0.5412069663825015,
          "Layout": 0.5792059292786507,
          "Figure": 0.4627721876019576,
          "Table": 0.42585918600768224
        },
        "Multi_Page": {
          "Text": 0.5739445435020177,
          "Layout": 0.5109717080973782,
          "Figure": 0.4659889012706237,
          "Table": 0.3729689568339162
        }
      },
      "Reasoning": {
        "Single_Page": {
          "Text": 0.48853280972388297,
          "Layout": 0.5644076113603117,
          "Figure": 0.4642857142857143,
          "Table": 0.31505102040816324
        },
        "Multi_Page": {
          "Text": 0.4587163561076605,
          "Layout": 0.325,
          "Figure": 0.37346405228758167,
          "Table": 0.2754734041179054
        }
      },
      "Locating": {
        "Cross_Element": {
          "Cross_Title": 0.27168683450529646,
          "Cross_Table": 0.07023450759623516,
          "Para_Title": 0.5127664366744581,
          "Figure_Table": 0.5188181382445164
        }
      }
    }
  },
  "sample_count": 2325,
  "completed_count": 2325,
  "failed_count": 0
}