{
  "overall_acc": 0.2614012309882899,
  "avg_acc": 0.2614012309882899,
  "rectified_avg_acc": 0.26128880035130564,
  "fine_grained_metrics": {
    "Main_Task": {
      "Understanding": 0.332423684815276,
      "Reasoning": 0.19333164144210654,
      "Locating": 0.1719057199328091
    },
    "Element_Type": {
      "Text": 0.3582204357636483,
      "Layout": 0.2131298093149821,
      "Figure": 0.2733783681678658,
      "Table": 0.1789765858452634
    },
    "Evidence_Pages": {
      "Single_Page": 0.2744945034263673,
      "Multi_Page": 0.2499788362372083
    },
    "Num_of_Element_Types": {
      "Cross_Element": 0.25157357242213024
    },
    "Fine_Grained": {
      "Understanding": {
        "Single_Page": {
          "Text": 0.4013296024438845,
          "Layout": 0.44219648881139567,
          "Figure": 0.3266898956978197,
          "Table": 0.21319137332545432
        },
        "Multi_Page": {
          "Text": 0.39943691353215827,
          "Layout": 0.3468570549297803,
          "Figure": 0.2717337632738434,
          "Table": 0.21862853713308059
        }
      },
      "Reasoning": {
        "Single_Page": {
          "Text": 0.25479910714285714,
          "Layout": 0.34933035714285715,
          "Figure": 0.2857142857142857,
          "Table": 0.10076530612244898
        },
        "Multi_Page": {
          "Text": 0.31958592132505176,
          "Layout": 0.1,
          "Figure": 0.2564705882352941,
          "Table": 0.09855072463768115
        }
      },
      "Locating": {
        "Cross_Element": {
          "Cross_Title": 0.11662209045847494,
          "Cross_Table": 0.04971408631337502,
          "Para_Title": 0.2060718845493352,
          "Figure_Table": 0.26639658923118903
        }
      }
    }
  },
  "sample_count": 2325,
  "completed_count": 2324,
  "failed_count": 1
}