{
  "overall_acc": 0.3890379664891009,
  "avg_acc": 0.3890379664891009,
  "rectified_avg_acc": 0.3888706383314712,
  "fine_grained_metrics": {
    "Main_Task": {
      "Understanding": 0.4480671587509193,
      "Reasoning": 0.3151495867217766,
      "Locating": 0.3240487276718717
    },
    "Element_Type": {
      "Text": 0.4829816061745628,
      "Layout": 0.3358467473231825,
      "Figure": 0.39924422671582466,
      "Table": 0.3189879905788569
    },
    "Evidence_Pages": {
      "Single_Page": 0.4227944318338298,
      "Multi_Page": 0.35935765863926433
    },
    "Num_of_Element_Types": {
      "Cross_Element": 0.3853985377504614
    },
    "Fine_Grained": {
      "Understanding": {
        "Single_Page": {
          "Text": 0.5171569606059283,
          "Layout": 0.4911228712509881,
          "Figure": 0.425288432406573,
          "Table": 0.37425554917517145
        },
        "Multi_Page": {
          "Text": 0.49172027326004164,
          "Layout": 0.4656798187789052,
          "Figure": 0.39324340775293987,
          "Table": 0.320325867865881
        }
      },
      "Reasoning": {
        "Single_Page": {
          "Text": 0.4378069196428571,
          "Layout": 0.6260230654761905,
          "Figure": 0.39285714285714285,
          "Table": 0.29464285714285715
        },
        "Multi_Page": {
          "Text": 0.3891511387163561,
          "Layout": 0.25,
          "Figure": 0.33816993464052286,
          "Table": 0.16925779534475188
        }
      },
      "Locating": {
        "Cross_Element": {
          "Cross_Title": 0.21740699461926635,
          "Cross_Table": 0.07604046347995574,
          "Para_Title": 0.48206806531595836,
          "Figure_Table": 0.45840102366544383
        }
      }
    }
  },
  "sample_count": 2325,
  "completed_count": 2324,
  "failed_count": 1
}