{
  "overall_acc": 0.3235351030901742,
  "avg_acc": 0.3235351030901742,
  "rectified_avg_acc": 0.3235351030901742,
  "fine_grained_metrics": {
    "Main_Task": {
      "Understanding": 0.39887614225203116,
      "Reasoning": 0.2387603935108648,
      "Locating": 0.23599395334773435
    },
    "Element_Type": {
      "Text": 0.4250365830387041,
      "Layout": 0.26804936589816547,
      "Figure": 0.3340412754934925,
      "Table": 0.23785230054014286
    },
    "Evidence_Pages": {
      "Single_Page": 0.3514791426629455,
      "Multi_Page": 0.29922960305207763
    },
    "Num_of_Element_Types": {
      "Cross_Element": 0.3106555904251106
    },
    "Fine_Grained": {
      "Understanding": {
        "Single_Page": {
          "Text": 0.4682228686676082,
          "Layout": 0.47350411675767895,
          "Figure": 0.3982212615880836,
          "Table": 0.30587714616855904
        },
        "Multi_Page": {
          "Text": 0.45582334993779183,
          "Layout": 0.395638624447534,
          "Figure": 0.3287457452942771,
          "Table": 0.2574963102657106
        }
      },
      "Reasoning": {
        "Single_Page": {
          "Text": 0.3443222834080935,
          "Layout": 0.48107427802697833,
          "Figure": 0.35714285714285715,
          "Table": 0.15178571428571427
        },
        "Multi_Page": {
          "Text": 0.3456728778467909,
          "Layout": 0.25,
          "Figure": 0.3035294117647059,
          "Table": 0.11304347826086956
        }
      },
      "Locating": {
        "Cross_Element": {
          "Cross_Title": 0.1586052992268033,
          "Cross_Table": 0.03379013713825671,
          "Para_Title": 0.33402645433879374,
          "Figure_Table": 0.3554846359664624
        }
      }
    }
  },
  "sample_count": 2325,
  "completed_count": 2325,
  "failed_count": 0
}