{
  "overall_acc": 0.4176482923406761,
  "avg_acc": 0.4176482923406761,
  "rectified_avg_acc": 0.4176482923406761,
  "fine_grained_metrics": {
    "Main_Task": {
      "Understanding": 0.4799147210708092,
      "Reasoning": 0.3442467819429897,
      "Locating": 0.3471579522145599
    },
    "Element_Type": {
      "Text": 0.5059409794565715,
      "Layout": 0.36152531854269365,
      "Figure": 0.40911270193589677,
      "Table": 0.351592488526784
    },
    "Evidence_Pages": {
      "Single_Page": 0.44213570994219925,
      "Multi_Page": 0.39656743798800675
    },
    "Num_of_Element_Types": {
      "Cross_Element": 0.3972512834017906
    },
    "Fine_Grained": {
      "Understanding": {
        "Single_Page": {
          "Text": 0.5221274660577142,
          "Layout": 0.5410484100712032,
          "Figure": 0.4149627915015061,
          "Table": 0.4078575868599812
        },
        "Multi_Page": {
          "Text": 0.5365842334572168,
          "Layout": 0.4835324691071925,
          "Figure": 0.41483447653509287,
          "Table": 0.36840136781494975
        }
      },
      "Reasoning": {
        "Single_Page": {
          "Text": 0.3943222834080935,
          "Layout": 0.647740944693645,
          "Figure": 0.4642857142857143,
          "Table": 0.29464285714285715
        },
        "Multi_Page": {
          "Text": 0.3891511387163561,
          "Layout": 0.3,
          "Figure": 0.3264052287581699,
          "Table": 0.28519982433025914
        }
      },
      "Locating": {
        "Cross_Element": {
          "Cross_Title": 0.2469552509172898,
          "Cross_Table": 0.0823182873850026,
          "Para_Title": 0.5068776070119156,
          "Figure_Table": 0.48407980512381427
        }
      }
    }
  },
  "sample_count": 2325,
  "completed_count": 2325,
  "failed_count": 0
}