{
  "overall_acc": 0.43660366160283653,
  "avg_acc": 0.43660366160283653,
  "rectified_avg_acc": 0.43660366160283653,
  "fine_grained_metrics": {
    "Main_Task": {
      "Understanding": 0.5007571587567984,
      "Reasoning": 0.3720721593399705,
      "Locating": 0.3577991931328426
    },
    "Element_Type": {
      "Text": 0.5330105751437387,
      "Layout": 0.3721091541476794,
      "Figure": 0.450863051690526,
      "Table": 0.3647848482936488
    },
    "Evidence_Pages": {
      "Single_Page": 0.4681102912619474,
      "Multi_Page": 0.40931623160754954
    },
    "Num_of_Element_Types": {
      "Cross_Element": 0.4246256097450006
    },
    "Fine_Grained": {
      "Understanding": {
        "Single_Page": {
          "Text": 0.5391349970453971,
          "Layout": 0.5603414604141819,
          "Figure": 0.484371436876576,
          "Table": 0.41556196598074785
        },
        "Multi_Page": {
          "Text": 0.5670470207277364,
          "Layout": 0.5122904381605072,
          "Figure": 0.4649076460290693,
          "Table": 0.3729420722944485
        }
      },
      "Reasoning": {
        "Single_Page": {
          "Text": 0.538532809723883,
          "Layout": 0.647740944693645,
          "Figure": 0.42857142857142855,
          "Table": 0.3354591836734694
        },
        "Multi_Page": {
          "Text": 0.4239337474120083,
          "Layout": 0.3,
          "Figure": 0.36169934640522877,
          "Table": 0.27070707070707073
        }
      },
      "Locating": {
        "Cross_Element": {
          "Cross_Title": 0.2713713534911936,
          "Cross_Table": 0.06165432934361658,
          "Para_Title": 0.5013213425868266,
          "Figure_Table": 0.5094170032203668
        }
      }
    }
  },
  "sample_count": 2325,
  "completed_count": 2325,
  "failed_count": 0
}