{
  "overall_acc": 0.2976980621847583,
  "avg_acc": 0.2976980621847583,
  "rectified_avg_acc": 0.2976980621847583,
  "fine_grained_metrics": {
    "Main_Task": {
      "Understanding": 0.3682504902064559,
      "Reasoning": 0.2169104528116156,
      "Locating": 0.21650113671200452
    },
    "Element_Type": {
      "Text": 0.3872132025239625,
      "Layout": 0.24488031800011711,
      "Figure": 0.31382942119825297,
      "Table": 0.22784439837200557
    },
    "Evidence_Pages": {
      "Single_Page": 0.3247925379896859,
      "Multi_Page": 0.27410548825759046
    },
    "Num_of_Element_Types": {
      "Cross_Element": 0.28954729705804766
    },
    "Fine_Grained": {
      "Understanding": {
        "Single_Page": {
          "Text": 0.4310740097591929,
          "Layout": 0.46137908970650765,
          "Figure": 0.34267341676582136,
          "Table": 0.29901489220039174
        },
        "Multi_Page": {
          "Text": 0.41728163016685726,
          "Layout": 0.36262318045809044,
          "Figure": 0.3217066243087387,
          "Table": 0.24171599980576627
        }
      },
      "Reasoning": {
        "Single_Page": {
          "Text": 0.28292410714285715,
          "Layout": 0.44308035714285715,
          "Figure": 0.35714285714285715,
          "Table": 0.13137755102040816
        },
        "Multi_Page": {
          "Text": 0.3282815734989648,
          "Layout": 0.175,
          "Figure": 0.2564705882352941,
          "Table": 0.11304347826086956
        }
      },
      "Locating": {
        "Cross_Element": {
          "Cross_Title": 0.14078606603250987,
          "Cross_Table": 0.05137676652844475,
          "Para_Title": 0.2869828275852169,
          "Figure_Table": 0.33065008995909057
        }
      }
    }
  },
  "sample_count": 2325,
  "completed_count": 2325,
  "failed_count": 0
}