{
  "overall_acc": 0.39506841063955134,
  "avg_acc": 0.39506841063955134,
  "rectified_avg_acc": 0.39506841063955134,
  "fine_grained_metrics": {
    "Main_Task": {
      "Understanding": 0.46723355762078755,
      "Reasoning": 0.3313268853021628,
      "Locating": 0.3014953064782458
    },
    "Element_Type": {
      "Text": 0.5035588067856104,
      "Layout": 0.33908104093816505,
      "Figure": 0.3974842278521805,
      "Table": 0.30732975927666106
    },
    "Evidence_Pages": {
      "Single_Page": 0.4121853620230197,
      "Multi_Page": 0.38050036914292357
    },
    "Num_of_Element_Types": {
      "Cross_Element": 0.37836064816108833
    },
    "Fine_Grained": {
      "Understanding": {
        "Single_Page": {
          "Text": 0.5093607792156447,
          "Layout": 0.5830083573493872,
          "Figure": 0.4085717619194857,
          "Table": 0.3666134570517075
        },
        "Multi_Page": {
          "Text": 0.5447987996115182,
          "Layout": 0.4753707868884147,
          "Figure": 0.43233890402170827,
          "Table": 0.3194310383903701
        }
      },
      "Reasoning": {
        "Single_Page": {
          "Text": 0.4943222834080935,
          "Layout": 0.647740944693645,
          "Figure": 0.42857142857142855,
          "Table": 0.22321428571428573
        },
        "Multi_Page": {
          "Text": 0.45002070393374743,
          "Layout": 0.275,
          "Figure": 0.37346405228758167,
          "Table": 0.2272288098375055
        }
      },
      "Locating": {
        "Cross_Element": {
          "Cross_Title": 0.22536178775305427,
          "Cross_Table": 0.07550883127860306,
          "Para_Title": 0.40687497526596705,
          "Figure_Table": 0.4285088065431841
        }
      }
    }
  },
  "sample_count": 2325,
  "completed_count": 2325,
  "failed_count": 0
}