{
  "overall_acc": 0.4460226651723046,
  "avg_acc": 0.4460226651723046,
  "rectified_avg_acc": 0.44583082746685415,
  "fine_grained_metrics": {
    "Main_Task": {
      "Understanding": 0.5102164752206085,
      "Reasoning": 0.3785072798602316,
      "Locating": 0.36816586741771234
    },
    "Element_Type": {
      "Text": 0.5487287152885832,
      "Layout": 0.38229953281574913,
      "Figure": 0.4608651633714682,
      "Table": 0.3739246703621804
    },
    "Evidence_Pages": {
      "Single_Page": 0.45784266467131995,
      "Multi_Page": 0.43588182225583977
    },
    "Num_of_Element_Types": {
      "Cross_Element": 0.44328590549845875
    },
    "Fine_Grained": {
      "Understanding": {
        "Single_Page": {
          "Text": 0.5394469427091819,
          "Layout": 0.5491211808530041,
          "Figure": 0.4920220813379814,
          "Table": 0.41444703905748065
        },
        "Multi_Page": {
          "Text": 0.5941628191287927,
          "Layout": 0.5221787083196407,
          "Figure": 0.4822530823962758,
          "Table": 0.42462461028062626
        }
      },
      "Reasoning": {
        "Single_Page": {
          "Text": 0.5314911301691729,
          "Layout": 0.5426897321428571,
          "Figure": 0.42857142857142855,
          "Table": 0.30612244897959184
        },
        "Multi_Page": {
          "Text": 0.46741200828157353,
          "Layout": 0.375,
          "Figure": 0.37346405228758167,
          "Table": 0.28008473481619267
        }
      },
      "Locating": {
        "Cross_Element": {
          "Cross_Title": 0.2774305553585343,
          "Cross_Table": 0.1052168457152118,
          "Para_Title": 0.49265277227715915,
          "Figure_Table": 0.5167142158708102
        }
      }
    }
  },
  "sample_count": 2325,
  "completed_count": 2324,
  "failed_count": 1
}