{
  "overall_acc": 0.29951491217750653,
  "avg_acc": 0.29951491217750653,
  "rectified_avg_acc": 0.29951491217750653,
  "fine_grained_metrics": {
    "Main_Task": {
      "Understanding": 0.37339678343105537,
      "Reasoning": 0.2169104528116156,
      "Locating": 0.2133749982299363
    },
    "Element_Type": {
      "Text": 0.3978962379059669,
      "Layout": 0.2480403237939463,
      "Figure": 0.32299734947369624,
      "Table": 0.22242902489011382
    },
    "Evidence_Pages": {
      "Single_Page": 0.32540073470094766,
      "Multi_Page": 0.27699932340208694
    },
    "Num_of_Element_Types": {
      "Cross_Element": 0.3014231477174261
    },
    "Fine_Grained": {
      "Understanding": {
        "Single_Page": {
          "Text": 0.4540783529896773,
          "Layout": 0.485701434028852,
          "Figure": 0.36395001251050224,
          "Table": 0.28722503603138794
        },
        "Multi_Page": {
          "Text": 0.42364034311040705,
          "Layout": 0.36843713394646255,
          "Figure": 0.3430737862562202,
          "Table": 0.2499874738248543
        }
      },
      "Reasoning": {
        "Single_Page": {
          "Text": 0.28292410714285715,
          "Layout": 0.44308035714285715,
          "Figure": 0.32142857142857145,
          "Table": 0.13137755102040816
        },
        "Multi_Page": {
          "Text": 0.33697722567287786,
          "Layout": 0.175,
          "Figure": 0.2564705882352941,
          "Table": 0.09855072463768115
        }
      },
      "Locating": {
        "Cross_Element": {
          "Cross_Title": 0.1377307935077174,
          "Cross_Table": 0.04358723096113141,
          "Para_Title": 0.29314269940291326,
          "Figure_Table": 0.324498672534428
        }
      }
    }
  },
  "sample_count": 2325,
  "completed_count": 2325,
  "failed_count": 0
}