{
  "overall_acc": 0.45798750946934524,
  "avg_acc": 0.45798750946934524,
  "rectified_avg_acc": 0.45798750946934524,
  "fine_grained_metrics": {
    "Main_Task": {
      "Understanding": 0.5167683411704761,
      "Reasoning": 0.400482245131938,
      "Locating": 0.3848795432737636
    },
    "Element_Type": {
      "Text": 0.555699353543214,
      "Layout": 0.39283794504141023,
      "Figure": 0.4542696042497035,
      "Table": 0.39014927134471106
    },
    "Evidence_Pages": {
      "Single_Page": 0.48205844546959536,
      "Multi_Page": 0.4373423403398047
    },
    "Num_of_Element_Types": {
      "Cross_Element": 0.4401018441790836
    },
    "Fine_Grained": {
      "Understanding": {
        "Single_Page": {
          "Text": 0.5572027207197785,
          "Layout": 0.5590847761549452,
          "Figure": 0.4959216248095134,
          "Table": 0.4447911074749681
        },
        "Multi_Page": {
          "Text": 0.5840126596120839,
          "Layout": 0.5209429794917279,
          "Figure": 0.45576747285705194,
          "Table": 0.4104826211651168
        }
      },
      "Reasoning": {
        "Single_Page": {
          "Text": 0.5440989191729324,
          "Layout": 0.5829613095238095,
          "Figure": 0.39285714285714285,
          "Table": 0.336734693877551
        },
        "Multi_Page": {
          "Text": 0.5021946169772257,
          "Layout": 0.375,
          "Figure": 0.3499346405228758,
          "Table": 0.30907024206256944
        }
      },
      "Locating": {
        "Cross_Element": {
          "Cross_Title": 0.3080373567157092,
          "Cross_Table": 0.0937706416060119,
          "Para_Title": 0.5096036994750406,
          "Figure_Table": 0.5365582952596106
        }
      }
    }
  },
  "sample_count": 2325,
  "completed_count": 2325,
  "failed_count": 0
}