{
  "overall_acc": 0.4586180721816509,
  "avg_acc": 0.4586180721816509,
  "rectified_avg_acc": 0.4586180721816509,
  "fine_grained_metrics": {
    "Main_Task": {
      "Understanding": 0.5245357568386201,
      "Reasoning": 0.39220331136340814,
      "Locating": 0.3777070367975462
    },
    "Element_Type": {
      "Text": 0.5583127837316072,
      "Layout": 0.39259487005978894,
      "Figure": 0.4525489182358313,
      "Table": 0.38933382347964535
    },
    "Evidence_Pages": {
      "Single_Page": 0.4762995286633818,
      "Multi_Page": 0.44365173414086295
    },
    "Num_of_Element_Types": {
      "Cross_Element": 0.4392612170053994
    },
    "Fine_Grained": {
      "Understanding": {
        "Single_Page": {
          "Text": 0.5615595383914457,
          "Layout": 0.5700737871439562,
          "Figure": 0.4969083651765532,
          "Table": 0.44102131022058116
        },
        "Multi_Page": {
          "Text": 0.5986161219829668,
          "Layout": 0.5239781835346993,
          "Figure": 0.4853669465932314,
          "Table": 0.4391895707973718
        }
      },
      "Reasoning": {
        "Single_Page": {
          "Text": 0.4940989191729324,
          "Layout": 0.5829613095238095,
          "Figure": 0.39285714285714285,
          "Table": 0.3354591836734694
        },
        "Multi_Page": {
          "Text": 0.4848033126293996,
          "Layout": 0.35,
          "Figure": 0.3499346405228758,
          "Table": 0.30792607730284405
        }
      },
      "Locating": {
        "Cross_Element": {
          "Cross_Title": 0.30471028333703054,
          "Cross_Table": 0.10136850861426892,
          "Para_Title": 0.5023044294020479,
          "Figure_Table": 0.5180583753682811
        }
      }
    }
  },
  "sample_count": 2325,
  "completed_count": 2325,
  "failed_count": 0
}