{
  "overall_acc": 0.357734068097069,
  "avg_acc": 0.357734068097069,
  "rectified_avg_acc": 0.357734068097069,
  "fine_grained_metrics": {
    "Main_Task": {
      "Understanding": 0.42907032104948956,
      "Reasoning": 0.28187034922876963,
      "Locating": 0.27239348792753393
    },
    "Element_Type": {
      "Text": 0.4604394447919809,
      "Layout": 0.3085982693866094,
      "Figure": 0.37467810716705136,
      "Table": 0.2771470281081273
    },
    "Evidence_Pages": {
      "Single_Page": 0.3728274528101207,
      "Multi_Page": 0.3449034978896128
    },
    "Num_of_Element_Types": {
      "Cross_Element": 0.3569836400697308
    },
    "Fine_Grained": {
      "Understanding": {
        "Single_Page": {
          "Text": 0.48687272440089197,
          "Layout": 0.5090534535492519,
          "Figure": 0.3742540923685959,
          "Table": 0.333501742187293
        },
        "Multi_Page": {
          "Text": 0.49993109453396295,
          "Layout": 0.4373198236873834,
          "Figure": 0.4033549433075771,
          "Table": 0.3177683088191406
        }
      },
      "Reasoning": {
        "Single_Page": {
          "Text": 0.4178039811085412,
          "Layout": 0.6426799370284707,
          "Figure": 0.32142857142857145,
          "Table": 0.17219387755102042
        },
        "Multi_Page": {
          "Text": 0.3891511387163561,
          "Layout": 0.3,
          "Figure": 0.33816993464052286,
          "Table": 0.1970991378314033
        }
      },
      "Locating": {
        "Cross_Element": {
          "Cross_Title": 0.20579683333369475,
          "Cross_Table": 0.07250077565407018,
          "Para_Title": 0.3550566235629909,
          "Figure_Table": 0.3903482919871031
        }
      }
    }
  },
  "sample_count": 2325,
  "completed_count": 2325,
  "failed_count": 0
}