{
  "overall_acc": 0.3211365740383888,
  "avg_acc": 0.3211365740383888,
  "rectified_avg_acc": 0.3211365740383888,
  "fine_grained_metrics": {
    "Main_Task": {
      "Understanding": 0.3989100108004243,
      "Reasoning": 0.2310084555263687,
      "Locating": 0.23222607039657786
    },
    "Element_Type": {
      "Text": 0.4205541817594332,
      "Layout": 0.2663853559054037,
      "Figure": 0.3289015326724194,
      "Table": 0.24283437553067447
    },
    "Evidence_Pages": {
      "Single_Page": 0.3513849376760964,
      "Multi_Page": 0.29477951037339883
    },
    "Num_of_Element_Types": {
      "Cross_Element": 0.3110111585198677
    },
    "Fine_Grained": {
      "Understanding": {
        "Single_Page": {
          "Text": 0.4840316263205448,
          "Layout": 0.4944831377367,
          "Figure": 0.3924371284127692,
          "Table": 0.30592389216882254
        },
        "Multi_Page": {
          "Text": 0.45491291148093516,
          "Layout": 0.4002210059703,
          "Figure": 0.32696687282574943,
          "Table": 0.2587385462905553
        }
      },
      "Reasoning": {
        "Single_Page": {
          "Text": 0.3443222834080935,
          "Layout": 0.397740944693645,
          "Figure": 0.35714285714285715,
          "Table": 0.16198979591836735
        },
        "Multi_Page": {
          "Text": 0.3108902691511387,
          "Layout": 0.2,
          "Figure": 0.28,
          "Table": 0.127536231884058
        }
      },
      "Locating": {
        "Cross_Element": {
          "Cross_Title": 0.16350482801175642,
          "Cross_Table": 0.0509990360761516,
          "Para_Title": 0.30375892975982743,
          "Figure_Table": 0.3484493358119789
        }
      }
    }
  },
  "sample_count": 2325,
  "completed_count": 2325,
  "failed_count": 0
}