{
  "overall_acc": 0.3235946475855844,
  "avg_acc": 0.3235946475855844,
  "rectified_avg_acc": 0.3235946475855844,
  "fine_grained_metrics": {
    "Main_Task": {
      "Understanding": 0.4027323805310847,
      "Reasoning": 0.24134437283903018,
      "Locating": 0.22785745949300804
    },
    "Element_Type": {
      "Text": 0.426698630843356,
      "Layout": 0.25800223770668285,
      "Figure": 0.34664657742701277,
      "Table": 0.24639311147904625
    },
    "Evidence_Pages": {
      "Single_Page": 0.35581197867685044,
      "Multi_Page": 0.2954919210916148
    },
    "Num_of_Element_Types": {
      "Cross_Element": 0.320350182223109
    },
    "Fine_Grained": {
      "Understanding": {
        "Single_Page": {
          "Text": 0.4721245736219023,
          "Layout": 0.4944831377367,
          "Figure": 0.4121951052387246,
          "Table": 0.31352845490646514
        },
        "Multi_Page": {
          "Text": 0.46225830434406767,
          "Layout": 0.3933750540295383,
          "Figure": 0.3309452308539255,
          "Table": 0.2670100203096434
        }
      },
      "Reasoning": {
        "Single_Page": {
          "Text": 0.3443222834080935,
          "Layout": 0.397740944693645,
          "Figure": 0.35714285714285715,
          "Table": 0.16198979591836735
        },
        "Multi_Page": {
          "Text": 0.3456728778467909,
          "Layout": 0.225,
          "Figure": 0.31529411764705884,
          "Table": 0.11304347826086956
        }
      },
      "Locating": {
        "Cross_Element": {
          "Cross_Title": 0.13304649927136947,
          "Cross_Table": 0.03379013713825671,
          "Para_Title": 0.3179012655262507,
          "Figure_Table": 0.3628076075219855
        }
      }
    }
  },
  "sample_count": 2325,
  "completed_count": 2325,
  "failed_count": 0
}