{
  "overall_acc": 0.4289058539429783,
  "avg_acc": 0.4289058539429783,
  "rectified_avg_acc": 0.4289058539429783,
  "fine_grained_metrics": {
    "Main_Task": {
      "Understanding": 0.49354997343933876,
      "Reasoning": 0.3461573386597611,
      "Locating": 0.3593677746345314
    },
    "Element_Type": {
      "Text": 0.5202010221436598,
      "Layout": 0.3734094984824055,
      "Figure": 0.431858459164272,
      "Table": 0.36633503779746784
    },
    "Evidence_Pages": {
      "Single_Page": 0.4576283880751655,
      "Multi_Page": 0.4040799042693243
    },
    "Num_of_Element_Types": {
      "Cross_Element": 0.42020030015092624
    },
    "Fine_Grained": {
      "Understanding": {
        "Single_Page": {
          "Text": 0.5343678023092011,
          "Layout": 0.5464282216383057,
          "Figure": 0.4524356859643397,
          "Table": 0.4171125977447069
        },
        "Multi_Page": {
          "Text": 0.5558763044340556,
          "Layout": 0.5299025708011558,
          "Figure": 0.4458679654534083,
          "Table": 0.38176432453417025
        }
      },
      "Reasoning": {
        "Single_Page": {
          "Text": 0.46280691964285714,
          "Layout": 0.5426897321428571,
          "Figure": 0.42857142857142855,
          "Table": 0.3048469387755102
        },
        "Multi_Page": {
          "Text": 0.39784679089026914,
          "Layout": 0.275,
          "Figure": 0.33816993464052286,
          "Table": 0.2562143170838823
        }
      },
      "Locating": {
        "Cross_Element": {
          "Cross_Title": 0.2594102382469701,
          "Cross_Table": 0.09685206100969011,
          "Para_Title": 0.49752331832359964,
          "Figure_Table": 0.5075977973411437
        }
      }
    }
  },
  "sample_count": 2325,
  "completed_count": 2325,
  "failed_count": 0
}