{
  "overall_acc": 0.4467241095381497,
  "avg_acc": 0.4467241095381497,
  "rectified_avg_acc": 0.4467241095381497,
  "fine_grained_metrics": {
    "Main_Task": {
      "Understanding": 0.5143111624036574,
      "Reasoning": 0.3666474872385725,
      "Locating": 0.3704348233771572
    },
    "Element_Type": {
      "Text": 0.5433630147630771,
      "Layout": 0.38247864042026314,
      "Figure": 0.4607315965656187,
      "Table": 0.3770075126561759
    },
    "Evidence_Pages": {
      "Single_Page": 0.46446222377910984,
      "Multi_Page": 0.4311789020390312
    },
    "Num_of_Element_Types": {
      "Cross_Element": 0.4368485567866828
    },
    "Fine_Grained": {
      "Understanding": {
        "Single_Page": {
          "Text": 0.5386958903771734,
          "Layout": 0.5633284660778268,
          "Figure": 0.5019224603456822,
          "Table": 0.4353604186931063
        },
        "Multi_Page": {
          "Text": 0.5792852730506979,
          "Layout": 0.5057130439506838,
          "Figure": 0.47750436332770846,
          "Table": 0.44515148059653153
        }
      },
      "Reasoning": {
        "Single_Page": {
          "Text": 0.5079241071428571,
          "Layout": 0.6097470238095238,
          "Figure": 0.4642857142857143,
          "Table": 0.2755102040816326
        },
        "Multi_Page": {
          "Text": 0.45002070393374743,
          "Layout": 0.375,
          "Figure": 0.38522875816993457,
          "Table": 0.27070707070707073
        }
      },
      "Locating": {
        "Cross_Element": {
          "Cross_Title": 0.27218878395289975,
          "Cross_Table": 0.08563918402604269,
          "Para_Title": 0.5247290501259615,
          "Figure_Table": 0.5197568814634341
        }
      }
    }
  },
  "sample_count": 2325,
  "completed_count": 2325,
  "failed_count": 0
}