{
  "overall_acc": 0.3828228596361115,
  "avg_acc": 0.3828228596361115,
  "rectified_avg_acc": 0.3828228596361115,
  "fine_grained_metrics": {
    "Main_Task": {
      "Understanding": 0.4446292791846912,
      "Reasoning": 0.3209909679895013,
      "Locating": 0.30671287772007266
    },
    "Element_Type": {
      "Text": 0.4894365835997013,
      "Layout": 0.3426283166586647,
      "Figure": 0.3936848289911589,
      "Table": 0.2902626509362647
    },
    "Evidence_Pages": {
      "Single_Page": 0.3924800272375588,
      "Multi_Page": 0.37486380397016833
    },
    "Num_of_Element_Types": {
      "Cross_Element": 0.37787497326860897
    },
    "Fine_Grained": {
      "Understanding": {
        "Single_Page": {
          "Text": 0.5053531508538025,
          "Layout": 0.5384100419475439,
          "Figure": 0.47170300763490813,
          "Table": 0.305539109249469
        },
        "Multi_Page": {
          "Text": 0.5135643590544066,
          "Layout": 0.45435846650438455,
          "Figure": 0.4077531931667095,
          "Table": 0.36142815474076534
        }
      },
      "Reasoning": {
        "Single_Page": {
          "Text": 0.44432228340809343,
          "Layout": 0.647740944693645,
          "Figure": 0.39285714285714285,
          "Table": 0.22321428571428573
        },
        "Multi_Page": {
          "Text": 0.45002070393374743,
          "Layout": 0.35,
          "Figure": 0.3264052287581699,
          "Table": 0.22722880983750549
        }
      },
      "Locating": {
        "Cross_Element": {
          "Cross_Title": 0.24580071289105157,
          "Cross_Table": 0.07940031203597402,
          "Para_Title": 0.4275855085924192,
          "Figure_Table": 0.41201667848768403
        }
      }
    }
  },
  "sample_count": 2325,
  "completed_count": 2325,
  "failed_count": 0
}