{
  "overall_acc": 0.32930913529735895,
  "avg_acc": 0.32930913529735895,
  "rectified_avg_acc": 0.32930913529735895,
  "fine_grained_metrics": {
    "Main_Task": {
      "Understanding": 0.4058958055307374,
      "Reasoning": 0.2387603935108648,
      "Locating": 0.24275536834956568
    },
    "Element_Type": {
      "Text": 0.43349846727001895,
      "Layout": 0.26966547390816714,
      "Figure": 0.345041821408869,
      "Table": 0.2459774307580637
    },
    "Evidence_Pages": {
      "Single_Page": 0.36085926059048057,
      "Multi_Page": 0.3018085916593207
    },
    "Num_of_Element_Types": {
      "Cross_Element": 0.3192852054283262
    },
    "Fine_Grained": {
      "Understanding": {
        "Single_Page": {
          "Text": 0.4932060341665442,
          "Layout": 0.486491129744692,
          "Figure": 0.3993610792172629,
          "Table": 0.30992164182772575
        },
        "Multi_Page": {
          "Text": 0.4632739473492466,
          "Layout": 0.39520231127137273,
          "Figure": 0.33928214376171,
          "Table": 0.2583244676156071
        }
      },
      "Reasoning": {
        "Single_Page": {
          "Text": 0.3193222834080935,
          "Layout": 0.397740944693645,
          "Figure": 0.35714285714285715,
          "Table": 0.17219387755102042
        },
        "Multi_Page": {
          "Text": 0.3456728778467909,
          "Layout": 0.225,
          "Figure": 0.31529411764705884,
          "Table": 0.09855072463768115
        }
      },
      "Locating": {
        "Cross_Element": {
          "Cross_Title": 0.1569287628191885,
          "Cross_Table": 0.05640363899361688,
          "Para_Title": 0.3313976835973924,
          "Figure_Table": 0.36651064290152696
        }
      }
    }
  },
  "sample_count": 2325,
  "completed_count": 2325,
  "failed_count": 0
}