{
  "overall_acc": 0.41870010183364403,
  "avg_acc": 0.41870010183364403,
  "rectified_avg_acc": 0.41870010183364403,
  "fine_grained_metrics": {
    "Main_Task": {
      "Understanding": 0.4806227261303449,
      "Reasoning": 0.3519987199274858,
      "Locating": 0.3450937893111754
    },
    "Element_Type": {
      "Text": 0.5059706175014825,
      "Layout": 0.36285027084724036,
      "Figure": 0.41993784132316603,
      "Table": 0.3584531199349303
    },
    "Evidence_Pages": {
      "Single_Page": 0.44433136381366656,
      "Multi_Page": 0.39660451716657363
    },
    "Num_of_Element_Types": {
      "Cross_Element": 0.4061241974903356
    },
    "Fine_Grained": {
      "Understanding": {
        "Single_Page": {
          "Text": 0.5137531493814453,
          "Layout": 0.5538719135246017,
          "Figure": 0.44062116243613714,
          "Table": 0.4184905906754321
        },
        "Multi_Page": {
          "Text": 0.5276566445452598,
          "Layout": 0.4903702943406098,
          "Figure": 0.4162403295139722,
          "Table": 0.39068437672614104
        }
      },
      "Reasoning": {
        "Single_Page": {
          "Text": 0.44432228340809343,
          "Layout": 0.647740944693645,
          "Figure": 0.42857142857142855,
          "Table": 0.3048469387755102
        },
        "Multi_Page": {
          "Text": 0.41523809523809524,
          "Layout": 0.3,
          "Figure": 0.37346405228758167,
          "Table": 0.2996925779534475
        }
      },
      "Locating": {
        "Cross_Element": {
          "Cross_Title": 0.25011840907328653,
          "Cross_Table": 0.057714860223793366,
          "Para_Title": 0.5152960750687907,
          "Figure_Table": 0.48354436655806926
        }
      }
    }
  },
  "sample_count": 2325,
  "completed_count": 2325,
  "failed_count": 0
}