{
  "overall_acc": 0.43032321350458386,
  "avg_acc": 0.43032321350458386,
  "rectified_avg_acc": 0.43032321350458386,
  "fine_grained_metrics": {
    "Main_Task": {
      "Understanding": 0.49538413521511726,
      "Reasoning": 0.34166280261482435,
      "Locating": 0.3633316355594679
    },
    "Element_Type": {
      "Text": 0.5231639888185788,
      "Layout": 0.37318493421348276,
      "Figure": 0.45438508691227714,
      "Table": 0.3635956186645915
    },
    "Evidence_Pages": {
      "Single_Page": 0.4603466362837552,
      "Multi_Page": 0.4043435755609866
    },
    "Num_of_Element_Types": {
      "Cross_Element": 0.4314574367957976
    },
    "Fine_Grained": {
      "Understanding": {
        "Single_Page": {
          "Text": 0.5313817793687592,
          "Layout": 0.5641559649095272,
          "Figure": 0.4923457521909259,
          "Table": 0.4207905746631437
        },
        "Multi_Page": {
          "Text": 0.5580285158795943,
          "Layout": 0.5216259132395108,
          "Figure": 0.45510912393366576,
          "Table": 0.3703807006597347
        }
      },
      "Reasoning": {
        "Single_Page": {
          "Text": 0.44432228340809343,
          "Layout": 0.5644076113603117,
          "Figure": 0.39285714285714285,
          "Table": 0.31505102040816324
        },
        "Multi_Page": {
          "Text": 0.39784679089026914,
          "Layout": 0.275,
          "Figure": 0.37346405228758167,
          "Table": 0.22722880983750549
        }
      },
      "Locating": {
        "Cross_Element": {
          "Cross_Title": 0.2474938992897383,
          "Cross_Table": 0.08308594896020073,
          "Para_Title": 0.5231037898233135,
          "Figure_Table": 0.5222301479732191
        }
      }
    }
  },
  "sample_count": 2325,
  "completed_count": 2325,
  "failed_count": 0
}