{
  "overall_acc": 0.3339602950987409,
  "avg_acc": 0.3339602950987409,
  "rectified_avg_acc": 0.3339602950987409,
  "fine_grained_metrics": {
    "Main_Task": {
      "Understanding": 0.4100569914114065,
      "Reasoning": 0.2516802901516917,
      "Locating": 0.24367852300933812
    },
    "Element_Type": {
      "Text": 0.42868013643200636,
      "Layout": 0.2621796105700579,
      "Figure": 0.3473687868382333,
      "Table": 0.2679930908118097
    },
    "Evidence_Pages": {
      "Single_Page": 0.37317219903406207,
      "Multi_Page": 0.29965892078076695
    },
    "Num_of_Element_Types": {
      "Cross_Element": 0.3195831172336355
    },
    "Fine_Grained": {
      "Understanding": {
        "Single_Page": {
          "Text": 0.4849409155167904,
          "Layout": 0.4773885656421279,
          "Figure": 0.4196342457670252,
          "Table": 0.33834945987587856
        },
        "Multi_Page": {
          "Text": 0.45703482998517725,
          "Layout": 0.3963433529750127,
          "Figure": 0.3485744366103316,
          "Table": 0.2707191215653579
        }
      },
      "Reasoning": {
        "Single_Page": {
          "Text": 0.2943222834080935,
          "Layout": 0.397740944693645,
          "Figure": 0.32142857142857145,
          "Table": 0.23341836734693877
        },
        "Multi_Page": {
          "Text": 0.37175983436853005,
          "Layout": 0.225,
          "Figure": 0.28,
          "Table": 0.08405797101449275
        }
      },
      "Locating": {
        "Cross_Element": {
          "Cross_Title": 0.14923295358408634,
          "Cross_Table": 0.042374039045928576,
          "Para_Title": 0.3176398286308558,
          "Figure_Table": 0.39179638259252986
        }
      }
    }
  },
  "sample_count": 2325,
  "completed_count": 2325,
  "failed_count": 0
}