{
  "overall_acc": 0.3920494754958475,
  "avg_acc": 0.3920494754958475,
  "rectified_avg_acc": 0.3920494754958475,
  "fine_grained_metrics": {
    "Main_Task": {
      "Understanding": 0.4630684258845678,
      "Reasoning": 0.32609129043478496,
      "Locating": 0.3017606442518931
    },
    "Element_Type": {
      "Text": 0.4983942637579617,
      "Layout": 0.34326069875420406,
      "Figure": 0.3919922633853246,
      "Table": 0.30404426302523985
    },
    "Evidence_Pages": {
      "Single_Page": 0.397860383978302,
      "Multi_Page": 0.3875232771053345
    },
    "Num_of_Element_Types": {
      "Cross_Element": 0.37904364555225506
    },
    "Fine_Grained": {
      "Understanding": {
        "Single_Page": {
          "Text": 0.513609807870143,
          "Layout": 0.5644289062538972,
          "Figure": 0.4697877157166426,
          "Table": 0.3473142454984366
        },
        "Multi_Page": {
          "Text": 0.5271269965834815,
          "Layout": 0.47464887114579574,
          "Figure": 0.4204235883812458,
          "Table": 0.36960316076925204
        }
      },
      "Reasoning": {
        "Single_Page": {
          "Text": 0.4422790141773243,
          "Layout": 0.4742633805910809,
          "Figure": 0.35714285714285715,
          "Table": 0.23341836734693877
        },
        "Multi_Page": {
          "Text": 0.45002070393374743,
          "Layout": 0.3,
          "Figure": 0.3388235294117647,
          "Table": 0.2417215634606939
        }
      },
      "Locating": {
        "Cross_Element": {
          "Cross_Title": 0.2304413891673194,
          "Cross_Table": 0.08705881986133904,
          "Para_Title": 0.433709174679494,
          "Figure_Table": 0.4026725554061262
        }
      }
    }
  },
  "sample_count": 2325,
  "completed_count": 2325,
  "failed_count": 0
}