{
  "overall_acc": 0.36335028947861103,
  "avg_acc": 0.36335028947861103,
  "rectified_avg_acc": 0.36335028947861103,
  "fine_grained_metrics": {
    "Main_Task": {
      "Understanding": 0.43240010719103417,
      "Reasoning": 0.28880510997759057,
      "Locating": 0.28136476581005376
    },
    "Element_Type": {
      "Text": 0.45279425431324477,
      "Layout": 0.30205235321757634,
      "Figure": 0.38157914779655183,
      "Table": 0.28793734271642374
    },
    "Evidence_Pages": {
      "Single_Page": 0.3977186928674519,
      "Multi_Page": 0.3334007249867038
    },
    "Num_of_Element_Types": {
      "Cross_Element": 0.34503923669294273
    },
    "Fine_Grained": {
      "Understanding": {
        "Single_Page": {
          "Text": 0.4874160776622029,
          "Layout": 0.5353129083801353,
          "Figure": 0.4296139091907509,
          "Table": 0.34518702994772166
        },
        "Multi_Page": {
          "Text": 0.4875118492029338,
          "Layout": 0.4298632355539953,
          "Figure": 0.39855516378846384,
          "Table": 0.2726919079555875
        }
      },
      "Reasoning": {
        "Single_Page": {
          "Text": 0.4329241071428571,
          "Layout": 0.6930803571428572,
          "Figure": 0.42857142857142855,
          "Table": 0.20280612244897958
        },
        "Multi_Page": {
          "Text": 0.37175983436853005,
          "Layout": 0.225,
          "Figure": 0.27934640522875814,
          "Table": 0.1837505489679403
        }
      },
      "Locating": {
        "Cross_Element": {
          "Cross_Title": 0.19493055720621674,
          "Cross_Table": 0.06627932902054748,
          "Para_Title": 0.34890241049532633,
          "Figure_Table": 0.4338382880739789
        }
      }
    }
  },
  "sample_count": 2325,
  "completed_count": 2325,
  "failed_count": 0
}