{
  "overall_acc": 0.3303735547076737,
  "avg_acc": 0.3303735547076737,
  "rectified_avg_acc": 0.3303735547076737,
  "fine_grained_metrics": {
    "Main_Task": {
      "Understanding": 0.40479429085776986,
      "Reasoning": 0.2436053547511749,
      "Locating": 0.2455884012524163
    },
    "Element_Type": {
      "Text": 0.4210886329855498,
      "Layout": 0.26358876597585273,
      "Figure": 0.34473827136924606,
      "Table": 0.2625737669012334
    },
    "Evidence_Pages": {
      "Single_Page": 0.37366371992333913,
      "Multi_Page": 0.2924423323732784
    },
    "Num_of_Element_Types": {
      "Cross_Element": 0.31576426725416756
    },
    "Fine_Grained": {
      "Understanding": {
        "Single_Page": {
          "Text": 0.48615766315266956,
          "Layout": 0.47409186234542466,
          "Figure": 0.42694979304699016,
          "Table": 0.32787198585179217
        },
        "Multi_Page": {
          "Text": 0.44527334104951344,
          "Layout": 0.39532863624821685,
          "Figure": 0.3325955280707344,
          "Table": 0.2688081867949784
        }
      },
      "Reasoning": {
        "Single_Page": {
          "Text": 0.2943222834080935,
          "Layout": 0.397740944693645,
          "Figure": 0.39285714285714285,
          "Table": 0.23341836734693877
        },
        "Multi_Page": {
          "Text": 0.33697722567287786,
          "Layout": 0.225,
          "Figure": 0.26676470588235296,
          "Table": 0.06956521739130435
        }
      },
      "Locating": {
        "Cross_Element": {
          "Cross_Title": 0.15283004713182002,
          "Cross_Table": 0.03840578507767461,
          "Para_Title": 0.3274883507843488,
          "Figure_Table": 0.3907362182670594
        }
      }
    }
  },
  "sample_count": 2325,
  "completed_count": 2325,
  "failed_count": 0
}