{
  "overall_acc": 0.4279618864992261,
  "avg_acc": 0.4279618864992261,
  "rectified_avg_acc": 0.4279618864992261,
  "fine_grained_metrics": {
    "Main_Task": {
      "Understanding": 0.49546269606520055,
      "Reasoning": 0.3606994988061033,
      "Locating": 0.3446914372139489
    },
    "Element_Type": {
      "Text": 0.5407008640545294,
      "Layout": 0.37462550038208536,
      "Figure": 0.43736453958061733,
      "Table": 0.34145783488478915
    },
    "Evidence_Pages": {
      "Single_Page": 0.4388725548479935,
      "Multi_Page": 0.4189623444405233
    },
    "Num_of_Element_Types": {
      "Cross_Element": 0.42692449293425233
    },
    "Fine_Grained": {
      "Understanding": {
        "Single_Page": {
          "Text": 0.534730288494172,
          "Layout": 0.5684760617533727,
          "Figure": 0.4625553104650915,
          "Table": 0.41406126385261366
        },
        "Multi_Page": {
          "Text": 0.576677813178982,
          "Layout": 0.5021419103385305,
          "Figure": 0.4729584995872536,
          "Table": 0.36492581830636894
        }
      },
      "Reasoning": {
        "Single_Page": {
          "Text": 0.5080477736041719,
          "Layout": 0.647740944693645,
          "Figure": 0.39285714285714285,
          "Table": 0.23341836734693877
        },
        "Multi_Page": {
          "Text": 0.4848033126293996,
          "Layout": 0.375,
          "Figure": 0.3969934640522875,
          "Table": 0.2535792709705753
        }
      },
      "Locating": {
        "Cross_Element": {
          "Cross_Title": 0.2644431522529264,
          "Cross_Table": 0.08244935432796509,
          "Para_Title": 0.49210913149908747,
          "Figure_Table": 0.47012946147254425
        }
      }
    }
  },
  "sample_count": 2325,
  "completed_count": 2325,
  "failed_count": 0
}