{
  "overall_acc": 0.41603453742006596,
  "avg_acc": 0.41603453742006596,
  "rectified_avg_acc": 0.41603453742006596,
  "fine_grained_metrics": {
    "Main_Task": {
      "Understanding": 0.48183595784712424,
      "Reasoning": 0.34166280261482435,
      "Locating": 0.33976215724566977
    },
    "Element_Type": {
      "Text": 0.5183521925610088,
      "Layout": 0.35245943882958786,
      "Figure": 0.43294065129059756,
      "Table": 0.3408452317803517
    },
    "Evidence_Pages": {
      "Single_Page": 0.42810024222896875,
      "Multi_Page": 0.4059892152401544
    },
    "Num_of_Element_Types": {
      "Cross_Element": 0.4077275221356059
    },
    "Fine_Grained": {
      "Understanding": {
        "Single_Page": {
          "Text": 0.5263777832167179,
          "Layout": 0.5469911852447475,
          "Figure": 0.4503721448795342,
          "Table": 0.39885558847221664
        },
        "Multi_Page": {
          "Text": 0.5498090168578615,
          "Layout": 0.4672607724563697,
          "Figure": 0.45137709291047395,
          "Table": 0.3837915999175897
        }
      },
      "Reasoning": {
        "Single_Page": {
          "Text": 0.3943222834080935,
          "Layout": 0.5644076113603117,
          "Figure": 0.35714285714285715,
          "Table": 0.21301020408163265
        },
        "Multi_Page": {
          "Text": 0.4848033126293996,
          "Layout": 0.325,
          "Figure": 0.3969934640522875,
          "Table": 0.27070707070707073
        }
      },
      "Locating": {
        "Cross_Element": {
          "Cross_Title": 0.25628122005577936,
          "Cross_Table": 0.07393546639024165,
          "Para_Title": 0.46583625398376244,
          "Figure_Table": 0.48262657356529426
        }
      }
    }
  },
  "sample_count": 2325,
  "completed_count": 2325,
  "failed_count": 0
}