{
  "overall_acc": 0.3257732763146139,
  "avg_acc": 0.3257732763146139,
  "rectified_avg_acc": 0.3257732763146139,
  "fine_grained_metrics": {
    "Main_Task": {
      "Understanding": 0.4033773209696788,
      "Reasoning": 0.2310084555263687,
      "Locating": 0.239747604571887
    },
    "Element_Type": {
      "Text": 0.42530544557616445,
      "Layout": 0.27201305710588997,
      "Figure": 0.33602383089260035,
      "Table": 0.24328994382723293
    },
    "Evidence_Pages": {
      "Single_Page": 0.3581442486245489,
      "Multi_Page": 0.29753756397141906
    },
    "Num_of_Element_Types": {
      "Cross_Element": 0.31335052488511456
    },
    "Fine_Grained": {
      "Understanding": {
        "Single_Page": {
          "Text": 0.47855364510726944,
          "Layout": 0.505472148725711,
          "Figure": 0.4206376749619437,
          "Table": 0.31352845490646514
        },
        "Multi_Page": {
          "Text": 0.46143829955419996,
          "Layout": 0.39628380989634593,
          "Figure": 0.3220407644513652,
          "Table": 0.2426667175035877
        }
      },
      "Reasoning": {
        "Single_Page": {
          "Text": 0.3443222834080935,
          "Layout": 0.397740944693645,
          "Figure": 0.35714285714285715,
          "Table": 0.16198979591836735
        },
        "Multi_Page": {
          "Text": 0.3108902691511387,
          "Layout": 0.225,
          "Figure": 0.28,
          "Table": 0.11304347826086956
        }
      },
      "Locating": {
        "Cross_Element": {
          "Cross_Title": 0.15998733133243842,
          "Cross_Table": 0.05510528481288863,
          "Para_Title": 0.32748744400517704,
          "Figure_Table": 0.35782721153466734
        }
      }
    }
  },
  "sample_count": 2325,
  "completed_count": 2325,
  "failed_count": 0
}