{
  "overall_acc": 0.45358002361738836,
  "avg_acc": 0.45358002361738836,
  "rectified_avg_acc": 0.45358002361738836,
  "fine_grained_metrics": {
    "Main_Task": {
      "Understanding": 0.517248690584906,
      "Reasoning": 0.38757603530896273,
      "Locating": 0.3764625997824751
    },
    "Element_Type": {
      "Text": 0.5512578032784109,
      "Layout": 0.3938852947221025,
      "Figure": 0.44591677508765154,
      "Table": 0.38107932055050203
    },
    "Evidence_Pages": {
      "Single_Page": 0.47937553372033953,
      "Multi_Page": 0.4313952004504842
    },
    "Num_of_Element_Types": {
      "Cross_Element": 0.4329252923147245
    },
    "Fine_Grained": {
      "Understanding": {
        "Single_Page": {
          "Text": 0.5587212622921205,
          "Layout": 0.5776483903584745,
          "Figure": 0.5010022043870799,
          "Table": 0.4344798639476293
        },
        "Multi_Page": {
          "Text": 0.5843194758433156,
          "Layout": 0.5280865613708661,
          "Figure": 0.4377822099029629,
          "Table": 0.3925404593592714
        }
      },
      "Reasoning": {
        "Single_Page": {
          "Text": 0.5135328097238829,
          "Layout": 0.5644076113603117,
          "Figure": 0.39285714285714285,
          "Table": 0.3354591836734694
        },
        "Multi_Page": {
          "Text": 0.4587163561076605,
          "Layout": 0.4,
          "Figure": 0.3499346405228758,
          "Table": 0.2996925779534475
        }
      },
      "Locating": {
        "Cross_Element": {
          "Cross_Title": 0.2940473156360058,
          "Cross_Table": 0.08308827258564008,
          "Para_Title": 0.5189359736142789,
          "Figure_Table": 0.5236997648269963
        }
      }
    }
  },
  "sample_count": 2325,
  "completed_count": 2325,
  "failed_count": 0
}