{
  "overall_acc": 0.39761700271319417,
  "avg_acc": 0.39761700271319417,
  "rectified_avg_acc": 0.3974459846475111,
  "fine_grained_metrics": {
    "Main_Task": {
      "Understanding": 0.45906611924489166,
      "Reasoning": 0.32548550403443816,
      "Locating": 0.3273091194571736
    },
    "Element_Type": {
      "Text": 0.4905528335786016,
      "Layout": 0.339897010639306,
      "Figure": 0.4001750448767296,
      "Table": 0.33218065772092426
    },
    "Evidence_Pages": {
      "Single_Page": 0.4308255399394922,
      "Multi_Page": 0.3684305684159338
    },
    "Num_of_Element_Types": {
      "Cross_Element": 0.3888484741524431
    },
    "Fine_Grained": {
      "Understanding": {
        "Single_Page": {
          "Text": 0.5214885230780992,
          "Layout": 0.5131008932290101,
          "Figure": 0.4282435151488898,
          "Table": 0.3997990581098287
        },
        "Multi_Page": {
          "Text": 0.5000760544405001,
          "Layout": 0.4658082180767613,
          "Figure": 0.3976374621877135,
          "Table": 0.3298618810283702
        }
      },
      "Reasoning": {
        "Single_Page": {
          "Text": 0.4378069196428571,
          "Layout": 0.6260230654761905,
          "Figure": 0.39285714285714285,
          "Table": 0.3048469387755102
        },
        "Multi_Page": {
          "Text": 0.4065424430641822,
          "Layout": 0.25,
          "Figure": 0.33816993464052286,
          "Table": 0.1837505489679403
        }
      },
      "Locating": {
        "Cross_Element": {
          "Cross_Title": 0.21955006003045954,
          "Cross_Table": 0.07604046347995574,
          "Para_Title": 0.4871944470413543,
          "Figure_Table": 0.4633053606643866
        }
      }
    }
  },
  "sample_count": 2325,
  "completed_count": 2324,
  "failed_count": 1
}