{
  "overall_acc": 0.33662258041126286,
  "avg_acc": 0.33662258041126286,
  "rectified_avg_acc": 0.33662258041126286,
  "fine_grained_metrics": {
    "Main_Task": {
      "Understanding": 0.4111629804010163,
      "Reasoning": 0.2516802901516917,
      "Locating": 0.2506066798978685
    },
    "Element_Type": {
      "Text": 0.4278582544042172,
      "Layout": 0.2732063752209854,
      "Figure": 0.35258304391811757,
      "Table": 0.2687665881362219
    },
    "Evidence_Pages": {
      "Single_Page": 0.37428831983054706,
      "Multi_Page": 0.30369948445642186
    },
    "Num_of_Element_Types": {
      "Cross_Element": 0.32530667461135365
    },
    "Fine_Grained": {
      "Understanding": {
        "Single_Page": {
          "Text": 0.48319691672120557,
          "Layout": 0.4883775766311389,
          "Figure": 0.4091679038497448,
          "Table": 0.33123735405547833
        },
        "Multi_Page": {
          "Text": 0.45996958943457056,
          "Layout": 0.4100567757000633,
          "Figure": 0.3502930285268555,
          "Table": 0.2923284521986801
        }
      },
      "Reasoning": {
        "Single_Page": {
          "Text": 0.2943222834080935,
          "Layout": 0.397740944693645,
          "Figure": 0.39285714285714285,
          "Table": 0.23341836734693877
        },
        "Multi_Page": {
          "Text": 0.3456728778467909,
          "Layout": 0.25,
          "Figure": 0.2917647058823529,
          "Table": 0.08405797101449275
        }
      },
      "Locating": {
        "Cross_Element": {
          "Cross_Title": 0.16625432444816407,
          "Cross_Table": 0.038208950905701033,
          "Para_Title": 0.3273817740056939,
          "Figure_Table": 0.3943242097923777
        }
      }
    }
  },
  "sample_count": 2325,
  "completed_count": 2325,
  "failed_count": 0
}