{
  "overall_acc": 0.41757649040789374,
  "avg_acc": 0.41757649040789374,
  "rectified_avg_acc": 0.41757649040789374,
  "fine_grained_metrics": {
    "Main_Task": {
      "Understanding": 0.4763107425230297,
      "Reasoning": 0.34706670746559604,
      "Locating": 0.35179319633531175
    },
    "Element_Type": {
      "Text": 0.5034580838559971,
      "Layout": 0.36297344615184585,
      "Figure": 0.4251152852869961,
      "Table": 0.35212643911323543
    },
    "Evidence_Pages": {
      "Single_Page": 0.43986409433747004,
      "Multi_Page": 0.3984503130792674
    },
    "Num_of_Element_Types": {
      "Cross_Element": 0.4056772188981307
    },
    "Fine_Grained": {
      "Understanding": {
        "Single_Page": {
          "Text": 0.5114843313256116,
          "Layout": 0.5476549659085282,
          "Figure": 0.41837119759400715,
          "Table": 0.40668022989318564
        },
        "Multi_Page": {
          "Text": 0.5303473122051598,
          "Layout": 0.4868682816567696,
          "Figure": 0.4280600192988303,
          "Table": 0.3686110850666406
        }
      },
      "Reasoning": {
        "Single_Page": {
          "Text": 0.4184800628393104,
          "Layout": 0.6449335427977014,
          "Figure": 0.5,
          "Table": 0.29591836734693877
        },
        "Multi_Page": {
          "Text": 0.39784679089026914,
          "Layout": 0.275,
          "Figure": 0.3499346405228758,
          "Table": 0.27070707070707073
        }
      },
      "Locating": {
        "Cross_Element": {
          "Cross_Title": 0.2514810500953609,
          "Cross_Table": 0.07431764968427777,
          "Para_Title": 0.5147989107057553,
          "Figure_Table": 0.49375370457561285
        }
      }
    }
  },
  "sample_count": 2325,
  "completed_count": 2325,
  "failed_count": 0
}