{
  "overall_acc": 0.42446160782021314,
  "avg_acc": 0.42446160782021314,
  "rectified_avg_acc": 0.42446160782021314,
  "fine_grained_metrics": {
    "Main_Task": {
      "Understanding": 0.4941379535537314,
      "Reasoning": 0.3364948439584936,
      "Locating": 0.34882914719823066
    },
    "Element_Type": {
      "Text": 0.5322434000142232,
      "Layout": 0.372437338265067,
      "Figure": 0.42703760382098754,
      "Table": 0.345753615885007
    },
    "Evidence_Pages": {
      "Single_Page": 0.43715421572968965,
      "Multi_Page": 0.4138729108857272
    },
    "Num_of_Element_Types": {
      "Cross_Element": 0.42167818173294863
    },
    "Fine_Grained": {
      "Understanding": {
        "Single_Page": {
          "Text": 0.5418091142738103,
          "Layout": 0.5707163163228198,
          "Figure": 0.4350852823482811,
          "Table": 0.4056326293272705
        },
        "Multi_Page": {
          "Text": 0.5651163362060789,
          "Layout": 0.4895839278909958,
          "Figure": 0.46211603378880906,
          "Table": 0.3973920267017238
        }
      },
      "Reasoning": {
        "Single_Page": {
          "Text": 0.44432228340809343,
          "Layout": 0.647740944693645,
          "Figure": 0.42857142857142855,
          "Table": 0.23341836734693877
        },
        "Multi_Page": {
          "Text": 0.4587163561076605,
          "Layout": 0.325,
          "Figure": 0.36169934640522877,
          "Table": 0.2272288098375055
        }
      },
      "Locating": {
        "Cross_Element": {
          "Cross_Title": 0.2624992341551303,
          "Cross_Table": 0.10000205504072457,
          "Para_Title": 0.49525233422790693,
          "Figure_Table": 0.47283152603131845
        }
      }
    }
  },
  "sample_count": 2325,
  "completed_count": 2325,
  "failed_count": 0
}