{
  "overall_acc": 0.2994540466085542,
  "avg_acc": 0.2994540466085542,
  "rectified_avg_acc": 0.2994540466085542,
  "fine_grained_metrics": {
    "Main_Task": {
      "Understanding": 0.3770739413831618,
      "Reasoning": 0.2065745354989541,
      "Locating": 0.21235022156478123
    },
    "Element_Type": {
      "Text": 0.390086410577035,
      "Layout": 0.25673993337950607,
      "Figure": 0.30737718633827943,
      "Table": 0.22250425919564162
    },
    "Evidence_Pages": {
      "Single_Page": 0.32282399008345547,
      "Multi_Page": 0.2791740139867246
    },
    "Num_of_Element_Types": {
      "Cross_Element": 0.2916044218784822
    },
    "Fine_Grained": {
      "Understanding": {
        "Single_Page": {
          "Text": 0.43620125398418147,
          "Layout": 0.536119475371263,
          "Figure": 0.35098986391205567,
          "Table": 0.2925222571235473
        },
        "Multi_Page": {
          "Text": 0.4275905608472718,
          "Layout": 0.3899263025349059,
          "Figure": 0.3144816653596418,
          "Table": 0.2408878424558698
        }
      },
      "Reasoning": {
        "Single_Page": {
          "Text": 0.2579241071428572,
          "Layout": 0.44308035714285715,
          "Figure": 0.32142857142857145,
          "Table": 0.1211734693877551
        },
        "Multi_Page": {
          "Text": 0.31958592132505176,
          "Layout": 0.175,
          "Figure": 0.2447058823529412,
          "Table": 0.11304347826086956
        }
      },
      "Locating": {
        "Cross_Element": {
          "Cross_Title": 0.13592035615821535,
          "Cross_Table": 0.049455970603951564,
          "Para_Title": 0.27940002655644575,
          "Figure_Table": 0.32794007127874747
        }
      }
    }
  },
  "sample_count": 2325,
  "completed_count": 2325,
  "failed_count": 0
}