{
  "overall_acc": 0.43755748392026633,
  "avg_acc": 0.43755748392026633,
  "rectified_avg_acc": 0.43736928715298884,
  "fine_grained_metrics": {
    "Main_Task": {
      "Understanding": 0.5016892602761126,
      "Reasoning": 0.36866600477102524,
      "Locating": 0.3605900694404369
    },
    "Element_Type": {
      "Text": 0.5414993587428844,
      "Layout": 0.37749728255556725,
      "Figure": 0.44718319171912296,
      "Table": 0.3581603554982316
    },
    "Evidence_Pages": {
      "Single_Page": 0.4666320847662021,
      "Multi_Page": 0.41207701136686126
    },
    "Num_of_Element_Types": {
      "Cross_Element": 0.4281859910140776
    },
    "Fine_Grained": {
      "Understanding": {
        "Single_Page": {
          "Text": 0.5449838730488992,
          "Layout": 0.5738256258214243,
          "Figure": 0.47329464948127303,
          "Table": 0.4214929000923672
        },
        "Multi_Page": {
          "Text": 0.5752447943474281,
          "Layout": 0.5185769585281268,
          "Figure": 0.45138718911736164,
          "Table": 0.3468820003121771
        }
      },
      "Reasoning": {
        "Single_Page": {
          "Text": 0.48853280972388297,
          "Layout": 0.5644076113603117,
          "Figure": 0.42857142857142855,
          "Table": 0.31505102040816324
        },
        "Multi_Page": {
          "Text": 0.45002070393374743,
          "Layout": 0.3,
          "Figure": 0.37346405228758167,
          "Table": 0.26609574000878344
        }
      },
      "Locating": {
        "Cross_Element": {
          "Cross_Title": 0.27303156582702437,
          "Cross_Table": 0.06374901581848048,
          "Para_Title": 0.5180467316314997,
          "Figure_Table": 0.5053072523949254
        }
      }
    }
  },
  "sample_count": 2325,
  "completed_count": 2324,
  "failed_count": 1
}