{
  "overall_acc": 0.3462387055801627,
  "avg_acc": 0.3462387055801627,
  "rectified_avg_acc": 0.3462387055801627,
  "fine_grained_metrics": {
    "Main_Task": {
      "Understanding": 0.4213680965226273,
      "Reasoning": 0.27493610410518005,
      "Locating": 0.25157435137776735
    },
    "Element_Type": {
      "Text": 0.44310954649947126,
      "Layout": 0.2699869395294441,
      "Figure": 0.357177090551091,
      "Table": 0.2793380537133875
    },
    "Evidence_Pages": {
      "Single_Page": 0.3902509514076145,
      "Multi_Page": 0.30769162649215964
    },
    "Num_of_Element_Types": {
      "Cross_Element": 0.3300124627400357
    },
    "Fine_Grained": {
      "Understanding": {
        "Single_Page": {
          "Text": 0.5028518148557353,
          "Layout": 0.49561319815247473,
          "Figure": 0.409005125170282,
          "Table": 0.3448883882155466
        },
        "Multi_Page": {
          "Text": 0.4668855219230747,
          "Layout": 0.39428428439682406,
          "Figure": 0.3544029392060756,
          "Table": 0.29543862157758716
        }
      },
      "Reasoning": {
        "Single_Page": {
          "Text": 0.3943222834080935,
          "Layout": 0.5644076113603117,
          "Figure": 0.42857142857142855,
          "Table": 0.26403061224489793
        },
        "Multi_Page": {
          "Text": 0.363064182194617,
          "Layout": 0.2,
          "Figure": 0.28,
          "Table": 0.08405797101449275
        }
      },
      "Locating": {
        "Cross_Element": {
          "Cross_Title": 0.1580684409213549,
          "Cross_Table": 0.039688645329998946,
          "Para_Title": 0.33472051585556256,
          "Figure_Table": 0.3991988640630477
        }
      }
    }
  },
  "sample_count": 2325,
  "completed_count": 2325,
  "failed_count": 0
}