{
  "overall_acc": 0.3945556148868406,
  "avg_acc": 0.3945556148868406,
  "rectified_avg_acc": 0.3945556148868406,
  "fine_grained_metrics": {
    "Main_Task": {
      "Understanding": 0.45491613742751214,
      "Reasoning": 0.32615892664583207,
      "Locating": 0.32468710960801406
    },
    "Element_Type": {
      "Text": 0.5003773192183428,
      "Layout": 0.35350747168956176,
      "Figure": 0.41582528391718143,
      "Table": 0.30590846397629745
    },
    "Evidence_Pages": {
      "Single_Page": 0.3991586918915869,
      "Multi_Page": 0.3909598803201782
    },
    "Num_of_Element_Types": {
      "Cross_Element": 0.40207417375153526
    },
    "Fine_Grained": {
      "Understanding": {
        "Single_Page": {
          "Text": 0.4777225286775563,
          "Layout": 0.5187616025431152,
          "Figure": 0.47547619449558515,
          "Table": 0.3455079023768539
        },
        "Multi_Page": {
          "Text": 0.5379805588338329,
          "Layout": 0.47086496960552177,
          "Figure": 0.4434555297634078,
          "Table": 0.35263874451471716
        }
      },
      "Reasoning": {
        "Single_Page": {
          "Text": 0.44432228340809343,
          "Layout": 0.48107427802697833,
          "Figure": 0.35714285714285715,
          "Table": 0.21301020408163265
        },
        "Multi_Page": {
          "Text": 0.45002070393374743,
          "Layout": 0.4,
          "Figure": 0.3499346405228758,
          "Table": 0.2417215634606939
        }
      },
      "Locating": {
        "Cross_Element": {
          "Cross_Title": 0.24774298129954359,
          "Cross_Table": 0.07795832334611368,
          "Para_Title": 0.4802500768135262,
          "Figure_Table": 0.4339575440315935
        }
      }
    }
  },
  "sample_count": 2325,
  "completed_count": 2325,
  "failed_count": 0
}