{
  "overall_acc": 0.45266832720497985,
  "avg_acc": 0.45266832720497985,
  "rectified_avg_acc": 0.452473631150268,
  "fine_grained_metrics": {
    "Main_Task": {
      "Understanding": 0.5129563602883283,
      "Reasoning": 0.39042172561609406,
      "Locating": 0.37885356657921115
    },
    "Element_Type": {
      "Text": 0.5475088701868852,
      "Layout": 0.3915291854283312,
      "Figure": 0.4467173060573796,
      "Table": 0.386461999329724
    },
    "Evidence_Pages": {
      "Single_Page": 0.47474725883354296,
      "Multi_Page": 0.43341661668236536
    },
    "Num_of_Element_Types": {
      "Cross_Element": 0.4348579812144188
    },
    "Fine_Grained": {
      "Understanding": {
        "Single_Page": {
          "Text": 0.5495812220522498,
          "Layout": 0.5673959616277848,
          "Figure": 0.48216909998505786,
          "Table": 0.429922230272825
        },
        "Multi_Page": {
          "Text": 0.5840834153985801,
          "Layout": 0.5219390611932344,
          "Figure": 0.4524695734397073,
          "Table": 0.4119664660701393
        }
      },
      "Reasoning": {
        "Single_Page": {
          "Text": 0.49988839285714287,
          "Layout": 0.6662946428571429,
          "Figure": 0.35714285714285715,
          "Table": 0.3252551020408163
        },
        "Multi_Page": {
          "Text": 0.4587163561076605,
          "Layout": 0.4,
          "Figure": 0.3499346405228758,
          "Table": 0.3380557493089463
        }
      },
      "Locating": {
        "Cross_Element": {
          "Cross_Title": 0.29420024306564724,
          "Cross_Table": 0.07999594507008563,
          "Para_Title": 0.5137621223795166,
          "Figure_Table": 0.5355154981451606
        }
      }
    }
  },
  "sample_count": 2325,
  "completed_count": 2324,
  "failed_count": 1
}