{
  "overall_acc": 0.3930145613239552,
  "avg_acc": 0.3930145613239552,
  "rectified_avg_acc": 0.3926764842819561,
  "fine_grained_metrics": {
    "Main_Task": {
      "Understanding": 0.4556968816114257,
      "Reasoning": 0.32031754537810736,
      "Locating": 0.3202571396420413
    },
    "Element_Type": {
      "Text": 0.48274750879759826,
      "Layout": 0.32955064721442756,
      "Figure": 0.4058411959306786,
      "Table": 0.3295484700546806
    },
    "Evidence_Pages": {
      "Single_Page": 0.4287053048213294,
      "Multi_Page": 0.36129912828116695
    },
    "Num_of_Element_Types": {
      "Cross_Element": 0.38147886593201435
    },
    "Fine_Grained": {
      "Understanding": {
        "Single_Page": {
          "Text": 0.5193839669566497,
          "Layout": 0.5209843141559092,
          "Figure": 0.43436344539415195,
          "Table": 0.3866665988366988
        },
        "Multi_Page": {
          "Text": 0.502641767015703,
          "Layout": 0.4580280279437941,
          "Figure": 0.4090630498455259,
          "Table": 0.31154356783942366
        }
      },
      "Reasoning": {
        "Single_Page": {
          "Text": 0.4128069196428571,
          "Layout": 0.6260230654761905,
          "Figure": 0.35714285714285715,
          "Table": 0.31505102040816324
        },
        "Multi_Page": {
          "Text": 0.39784679089026914,
          "Layout": 0.25,
          "Figure": 0.33816993464052286,
          "Table": 0.1837505489679403
        }
      },
      "Locating": {
        "Cross_Element": {
          "Cross_Title": 0.21796344385083888,
          "Cross_Table": 0.06992869848251909,
          "Para_Title": 0.4408439107809379,
          "Figure_Table": 0.47429189632646834
        }
      }
    }
  },
  "sample_count": 2325,
  "completed_count": 2323,
  "failed_count": 2
}