{
  "overall_acc": 0.4241080792345859,
  "avg_acc": 0.4241080792345859,
  "rectified_avg_acc": 0.4241080792345859,
  "fine_grained_metrics": {
    "Main_Task": {
      "Understanding": 0.4877060514317465,
      "Reasoning": 0.3519987199274858,
      "Locating": 0.35051677363858125
    },
    "Element_Type": {
      "Text": 0.5283341003327534,
      "Layout": 0.36610371090942784,
      "Figure": 0.435445455760952,
      "Table": 0.3487594883406463
    },
    "Evidence_Pages": {
      "Single_Page": 0.4370026135898746,
      "Multi_Page": 0.413270117093235
    },
    "Num_of_Element_Types": {
      "Cross_Element": 0.422053219372913
    },
    "Fine_Grained": {
      "Understanding": {
        "Single_Page": {
          "Text": 0.5436051589954053,
          "Layout": 0.5257251152209136,
          "Figure": 0.45702331766227167,
          "Table": 0.3916432042725209
        },
        "Multi_Page": {
          "Text": 0.5536393143312873,
          "Layout": 0.4919327966836349,
          "Figure": 0.44803860455816735,
          "Table": 0.4075950321585231
        }
      },
      "Reasoning": {
        "Single_Page": {
          "Text": 0.46932228340809345,
          "Layout": 0.647740944693645,
          "Figure": 0.35714285714285715,
          "Table": 0.24362244897959184
        },
        "Multi_Page": {
          "Text": 0.46741200828157353,
          "Layout": 0.325,
          "Figure": 0.4087581699346405,
          "Table": 0.2562143170838823
        }
      },
      "Locating": {
        "Cross_Element": {
          "Cross_Title": 0.2644584600083754,
          "Cross_Table": 0.0970591386687834,
          "Para_Title": 0.486006357762643,
          "Figure_Table": 0.4832930074951594
        }
      }
    }
  },
  "sample_count": 2325,
  "completed_count": 2325,
  "failed_count": 0
}