{
  "overall_acc": 0.43071367851564957,
  "avg_acc": 0.43071367851564957,
  "rectified_avg_acc": 0.43052842532058905,
  "fine_grained_metrics": {
    "Main_Task": {
      "Understanding": 0.4958140122393741,
      "Reasoning": 0.3487413179879265,
      "Locating": 0.35930774330287796
    },
    "Element_Type": {
      "Text": 0.5217811023338227,
      "Layout": 0.3668652909836927,
      "Figure": 0.44703747111703296,
      "Table": 0.36945845981822467
    },
    "Evidence_Pages": {
      "Single_Page": 0.46121465777807086,
      "Multi_Page": 0.4039601365194618
    },
    "Num_of_Element_Types": {
      "Cross_Element": 0.42604491846430353
    },
    "Fine_Grained": {
      "Understanding": {
        "Single_Page": {
          "Text": 0.5307721502303308,
          "Layout": 0.5604929612465236,
          "Figure": 0.46683699985825916,
          "Table": 0.42633665069499554
        },
        "Multi_Page": {
          "Text": 0.5630159572022244,
          "Layout": 0.5146325824318392,
          "Figure": 0.44852942804319146,
          "Table": 0.38386648999511686
        }
      },
      "Reasoning": {
        "Single_Page": {
          "Text": 0.4378069196428571,
          "Layout": 0.5426897321428571,
          "Figure": 0.42857142857142855,
          "Table": 0.31505102040816324
        },
        "Multi_Page": {
          "Text": 0.41523809523809524,
          "Layout": 0.3,
          "Figure": 0.3499346405228758,
          "Table": 0.2417215634606939
        }
      },
      "Locating": {
        "Cross_Element": {
          "Cross_Title": 0.25184881052819114,
          "Cross_Table": 0.08438736739065633,
          "Para_Title": 0.48539928490133893,
          "Figure_Table": 0.5279859755698171
        }
      }
    }
  },
  "sample_count": 2325,
  "completed_count": 2324,
  "failed_count": 1
}