{
  "overall_acc": 0.3626398578521683,
  "avg_acc": 0.3626398578521683,
  "rectified_avg_acc": 0.3626398578521683,
  "fine_grained_metrics": {
    "Main_Task": {
      "Understanding": 0.39738614382520504,
      "Reasoning": 0.3074117613302714,
      "Locating": 0.3312494116499951
    },
    "Element_Type": {
      "Text": 0.44744432333118855,
      "Layout": 0.325387830960944,
      "Figure": 0.3768465628682607,
      "Table": 0.307142096550356
    },
    "Evidence_Pages": {
      "Single_Page": 0.38238193050990876,
      "Multi_Page": 0.34568635728370817
    },
    "Num_of_Element_Types": {
      "Cross_Element": 0.37839895195699735
    },
    "Fine_Grained": {
      "Understanding": {
        "Single_Page": {
          "Text": 0.4452961405346254,
          "Layout": 0.4960748136481197,
          "Figure": 0.35550268884878505,
          "Table": 0.3020879862090317
        },
        "Multi_Page": {
          "Text": 0.4401282035865688,
          "Layout": 0.4318706115449137,
          "Figure": 0.36274268590289643,
          "Table": 0.31752755413411177
        }
      },
      "Reasoning": {
        "Single_Page": {
          "Text": 0.38977272727272727,
          "Layout": 0.5,
          "Figure": 0.25,
          "Table": 0.26403061224489793
        },
        "Multi_Page": {
          "Text": 0.37981921931020557,
          "Layout": 0.275,
          "Figure": 0.33816993464052286,
          "Table": 0.2417215634606939
        }
      },
      "Locating": {
        "Cross_Element": {
          "Cross_Title": 0.16100718490564386,
          "Cross_Table": 0.07546888438520755,
          "Para_Title": 0.5487667408197137,
          "Figure_Table": 0.4898951255665593
        }
      }
    }
  },
  "sample_count": 2325,
  "completed_count": 2325,
  "failed_count": 0
}