{
  "overall_acc": 0.456822802645529,
  "avg_acc": 0.456822802645529,
  "rectified_avg_acc": 0.45662631971965995,
  "fine_grained_metrics": {
    "Main_Task": {
      "Understanding": 0.5203543901092139,
      "Reasoning": 0.3876950343569704,
      "Locating": 0.38103267359181164
    },
    "Element_Type": {
      "Text": 0.5560022236912273,
      "Layout": 0.39596127821608834,
      "Figure": 0.44868316651428036,
      "Table": 0.3862887854849977
    },
    "Evidence_Pages": {
      "Single_Page": 0.47793950534920576,
      "Multi_Page": 0.4384295235784773
    },
    "Num_of_Element_Types": {
      "Cross_Element": 0.43944100087689364
    },
    "Fine_Grained": {
      "Understanding": {
        "Single_Page": {
          "Text": 0.5655456519071786,
          "Layout": 0.5706232376934067,
          "Figure": 0.5015709196050917,
          "Table": 0.45187529502761453
        },
        "Multi_Page": {
          "Text": 0.5853758735366356,
          "Layout": 0.5241612435276449,
          "Figure": 0.46737940750539675,
          "Table": 0.40619048459271423
        }
      },
      "Reasoning": {
        "Single_Page": {
          "Text": 0.538532809723883,
          "Layout": 0.5644076113603117,
          "Figure": 0.42857142857142855,
          "Table": 0.3163265306122449
        },
        "Multi_Page": {
          "Text": 0.4587163561076605,
          "Layout": 0.3,
          "Figure": 0.3499346405228758,
          "Table": 0.3420266740632873
        }
      },
      "Locating": {
        "Cross_Element": {
          "Cross_Title": 0.32103119471191804,
          "Cross_Table": 0.08330590915082293,
          "Para_Title": 0.5297421984456564,
          "Figure_Table": 0.5074424773556488
        }
      }
    }
  },
  "sample_count": 2325,
  "completed_count": 2324,
  "failed_count": 1
}