{
  "overall_acc": 0.37840771766131687,
  "avg_acc": 0.37840771766131687,
  "rectified_avg_acc": 0.3782449616537206,
  "fine_grained_metrics": {
    "Main_Task": {
      "Understanding": 0.4449511844192338,
      "Reasoning": 0.3003191333641783,
      "Locating": 0.3023333942443961
    },
    "Element_Type": {
      "Text": 0.476840737081354,
      "Layout": 0.3308285951201331,
      "Figure": 0.3847987994295044,
      "Table": 0.30072537350443024
    },
    "Evidence_Pages": {
      "Single_Page": 0.39296909998266766,
      "Multi_Page": 0.3657758614340196
    },
    "Num_of_Element_Types": {
      "Cross_Element": 0.37219487722672695
    },
    "Fine_Grained": {
      "Understanding": {
        "Single_Page": {
          "Text": 0.5010468314512551,
          "Layout": 0.519711480822186,
          "Figure": 0.4381024241191819,
          "Table": 0.3505559761166359
        },
        "Multi_Page": {
          "Text": 0.5035630651934023,
          "Layout": 0.43979926478858455,
          "Figure": 0.40429032346436683,
          "Table": 0.3530985082043275
        }
      },
      "Reasoning": {
        "Single_Page": {
          "Text": 0.41932228340809347,
          "Layout": 0.5644076113603117,
          "Figure": 0.35714285714285715,
          "Table": 0.17219387755102042
        },
        "Multi_Page": {
          "Text": 0.41523809523809524,
          "Layout": 0.4,
          "Figure": 0.27934640522875814,
          "Table": 0.2562143170838823
        }
      },
      "Locating": {
        "Cross_Element": {
          "Cross_Title": 0.227361909379405,
          "Cross_Table": 0.07697435742012083,
          "Para_Title": 0.41317411053729153,
          "Figure_Table": 0.42475473175779543
        }
      }
    }
  },
  "sample_count": 2325,
  "completed_count": 2324,
  "failed_count": 1
}