{
  "overall_acc": 0.43626808871716233,
  "avg_acc": 0.43626808871716233,
  "rectified_avg_acc": 0.43626808871716233,
  "fine_grained_metrics": {
    "Main_Task": {
      "Understanding": 0.49416458339849906,
      "Reasoning": 0.37957723055387277,
      "Locating": 0.3642882602571498
    },
    "Element_Type": {
      "Text": 0.5363134596535524,
      "Layout": 0.3771590266525935,
      "Figure": 0.44813526587995994,
      "Table": 0.3606632100630826
    },
    "Evidence_Pages": {
      "Single_Page": 0.4677489952639324,
      "Multi_Page": 0.40900297109262135
    },
    "Num_of_Element_Types": {
      "Cross_Element": 0.42801353263762054
    },
    "Fine_Grained": {
      "Understanding": {
        "Single_Page": {
          "Text": 0.5455706537613161,
          "Layout": 0.5725237875630641,
          "Figure": 0.458423301617459,
          "Table": 0.40438712857958964
        },
        "Multi_Page": {
          "Text": 0.5604169938207327,
          "Layout": 0.5071837685035124,
          "Figure": 0.4665774351250014,
          "Table": 0.35654381804650603
        }
      },
      "Reasoning": {
        "Single_Page": {
          "Text": 0.5190989191729324,
          "Layout": 0.5829613095238095,
          "Figure": 0.4642857142857143,
          "Table": 0.34566326530612246
        },
        "Multi_Page": {
          "Text": 0.45002070393374743,
          "Layout": 0.3,
          "Figure": 0.36169934640522877,
          "Table": 0.2516029863855951
        }
      },
      "Locating": {
        "Cross_Element": {
          "Cross_Title": 0.2763179360825083,
          "Cross_Table": 0.07082900361182441,
          "Para_Title": 0.5183336758362602,
          "Figure_Table": 0.5095422843353996
        }
      }
    }
  },
  "sample_count": 2325,
  "completed_count": 2325,
  "failed_count": 0
}