{
  "overall_acc": 0.3247659260266952,
  "avg_acc": 0.3247659260266952,
  "rectified_avg_acc": 0.3247659260266952,
  "fine_grained_metrics": {
    "Main_Task": {
      "Understanding": 0.3979056034615008,
      "Reasoning": 0.23324534140343545,
      "Locating": 0.24491822415293657
    },
    "Element_Type": {
      "Text": 0.42227466946241593,
      "Layout": 0.27720444948931966,
      "Figure": 0.34442860122183583,
      "Table": 0.24803118858605636
    },
    "Evidence_Pages": {
      "Single_Page": 0.3425115916751364,
      "Multi_Page": 0.30952488480580637
    },
    "Num_of_Element_Types": {
      "Cross_Element": 0.32631603430161954
    },
    "Fine_Grained": {
      "Understanding": {
        "Single_Page": {
          "Text": 0.4581758576818805,
          "Layout": 0.5064854211675549,
          "Figure": 0.36885113814433096,
          "Table": 0.2764847964445812
        },
        "Multi_Page": {
          "Text": 0.46395450872044475,
          "Layout": 0.4110024641056915,
          "Figure": 0.39591551356314325,
          "Table": 0.29254158061134145
        }
      },
      "Reasoning": {
        "Single_Page": {
          "Text": 0.3428039811085412,
          "Layout": 0.5593466036951373,
          "Figure": 0.32142857142857145,
          "Table": 0.16198979591836735
        },
        "Multi_Page": {
          "Text": 0.33739130434782605,
          "Layout": 0.2,
          "Figure": 0.23294117647058823,
          "Table": 0.15476504172156347
        }
      },
      "Locating": {
        "Cross_Element": {
          "Cross_Title": 0.16784167499147754,
          "Cross_Table": 0.06096718558404268,
          "Para_Title": 0.3140837058287276,
          "Figure_Table": 0.37130154125921555
        }
      }
    }
  },
  "sample_count": 2325,
  "completed_count": 2325,
  "failed_count": 0
}