{
  "overall_acc": 0.4131018832541783,
  "avg_acc": 0.4131018832541783,
  "rectified_avg_acc": 0.41292420502482163,
  "fine_grained_metrics": {
    "Main_Task": {
      "Understanding": 0.47815172284436,
      "Reasoning": 0.34055741610907914,
      "Locating": 0.3365618203639673
    },
    "Element_Type": {
      "Text": 0.5167290976509716,
      "Layout": 0.3500732950986045,
      "Figure": 0.42407786886063337,
      "Table": 0.338395163325586
    },
    "Evidence_Pages": {
      "Single_Page": 0.44629047903647723,
      "Multi_Page": 0.3839457586145047
    },
    "Num_of_Element_Types": {
      "Cross_Element": 0.40837575000808835
    },
    "Fine_Grained": {
      "Understanding": {
        "Single_Page": {
          "Text": 0.5352970069555709,
          "Layout": 0.5164067488640582,
          "Figure": 0.4434867314168695,
          "Table": 0.40680727124431504
        },
        "Multi_Page": {
          "Text": 0.5368627946426656,
          "Layout": 0.4891271697145737,
          "Figure": 0.4479764459229952,
          "Table": 0.34250046369029163
        }
      },
      "Reasoning": {
        "Single_Page": {
          "Text": 0.4856013531755353,
          "Layout": 0.5644076113603117,
          "Figure": 0.42857142857142855,
          "Table": 0.31505102040816324
        },
        "Multi_Page": {
          "Text": 0.4065424430641822,
          "Layout": 0.25,
          "Figure": 0.3499346405228758,
          "Table": 0.1970991378314033
        }
      },
      "Locating": {
        "Cross_Element": {
          "Cross_Title": 0.2327955618146687,
          "Cross_Table": 0.05586718353757895,
          "Para_Title": 0.518103249324597,
          "Figure_Table": 0.47229067941560193
        }
      }
    }
  },
  "sample_count": 2325,
  "completed_count": 2324,
  "failed_count": 1
}