{
  "overall_acc": 0.45429679129647255,
  "avg_acc": 0.45429679129647255,
  "rectified_avg_acc": 0.45429679129647255,
  "fine_grained_metrics": {
    "Main_Task": {
      "Understanding": 0.5174421641534328,
      "Reasoning": 0.3924303964740734,
      "Locating": 0.37581131839728704
    },
    "Element_Type": {
      "Text": 0.546407947684619,
      "Layout": 0.38941460242378517,
      "Figure": 0.43970762547616044,
      "Table": 0.3920256896521209
    },
    "Evidence_Pages": {
      "Single_Page": 0.47466583711945165,
      "Multi_Page": 0.43655967445315885
    },
    "Num_of_Element_Types": {
      "Cross_Element": 0.4278604955994885
    },
    "Fine_Grained": {
      "Understanding": {
        "Single_Page": {
          "Text": 0.5565946557812463,
          "Layout": 0.5512289764390604,
          "Figure": 0.4831709985060834,
          "Table": 0.43919013237045373
        },
        "Multi_Page": {
          "Text": 0.5860733747954476,
          "Layout": 0.5221373735279192,
          "Figure": 0.4394558913668137,
          "Table": 0.4235349356661691
        }
      },
      "Reasoning": {
        "Single_Page": {
          "Text": 0.44432228340809343,
          "Layout": 0.5644076113603117,
          "Figure": 0.35714285714285715,
          "Table": 0.35586734693877553
        },
        "Multi_Page": {
          "Text": 0.45002070393374743,
          "Layout": 0.425,
          "Figure": 0.33816993464052286,
          "Table": 0.3380557493089463
        }
      },
      "Locating": {
        "Cross_Element": {
          "Cross_Title": 0.2865114356282224,
          "Cross_Table": 0.0968818528547233,
          "Para_Title": 0.5096036994750406,
          "Figure_Table": 0.5263084304634896
        }
      }
    }
  },
  "sample_count": 2325,
  "completed_count": 2325,
  "failed_count": 0
}