{
  "overall_acc": 0.6113626973691964,
  "avg_acc": 0.6113626973691964,
  "rectified_avg_acc": 0.6113626973691964,
  "fine_grained_metrics": {
    "Main_Task": {
      "Understanding": 0.6721030354018143,
      "Reasoning": 0.6230007430059208,
      "Locating": 0.49624879256925875
    },
    "Element_Type": {
      "Text": 0.6736807109509373,
      "Layout": 0.5178652048836445,
      "Figure": 0.6204976337644726,
      "Table": 0.5897851630553141
    },
    "Evidence_Pages": {
      "Single_Page": 0.6578221918732401,
      "Multi_Page": 0.5710720452568538
    },
    "Num_of_Element_Types": {
      "Cross_Element": 0.586837522881256
    },
    "Fine_Grained": {
      "Understanding": {
        "Single_Page": {
          "Text": 0.6882672107309789,
          "Layout": 0.655918407913171,
          "Figure": 0.6702519433505493,
          "Table": 0.7149977897980647
        },
        "Multi_Page": {
          "Text": 0.6692528785556022,
          "Layout": 0.6203529390554782,
          "Figure": 0.6281942756023637,
          "Table": 0.6046070384125294
        }
      },
      "Reasoning": {
        "Single_Page": {
          "Text": 0.6443222834080935,
          "Layout": 0.8144076113603117,
          "Figure": 0.75,
          "Table": 0.6530612244897959
        },
        "Multi_Page": {
          "Text": 0.6498230754752494,
          "Layout": 0.55,
          "Figure": 0.6087581699346405,
          "Table": 0.5714720407266991
        }
      },
      "Locating": {
        "Cross_Element": {
          "Cross_Title": 0.41262686917802244,
          "Cross_Table": 0.221595024093755,
          "Para_Title": 0.6890207948160504,
          "Figure_Table": 0.6044938883343732
        }
      }
    }
  },
  "sample_count": 2325,
  "completed_count": 2325,
  "failed_count": 0
}