{
  "avg_acc": 0.436070963521903,
  "rectified_avg_acc": 0.436070963521903
}