{
  "Main_Task": {
    "Understanding": 0.4881866216202844,
    "Reasoning": 0.4420181734440635,
    "Locating": 0.339551059556199
  },
  "Element_Type": {
    "Text": 0.48980237758517514,
    "Layout": 0.3425175204162101,
    "Figure": 0.45654889541347415,
    "Table": 0.4169319870513375
  },
  "Evidence_Pages": {
    "Single_Page": 0.45434270036922514,
    "Multi_Page": 0.41980010810615875
  },
  "Num_of_Element_Types": {
    "Cross_Element": 0.41174741374052115
  },
  "Fine_Grained": {
    "Understanding": {
      "Single_Page": {
        "Text": 0.47989266050347773,
        "Layout": 0.3654069085642475,
        "Figure": 0.4835933458718303,
        "Table": 0.520710669473736
      },
      "Multi_Page": {
        "Text": 0.5096924203882365,
        "Layout": 0.4558922886443954,
        "Figure": 0.4872734796063692,
        "Table": 0.45438104556208264
      }
    },
    "Reasoning": {
      "Single_Page": {
        "Text": 0.3443222834080935,
        "Layout": 0.31440761136031165,
        "Figure": 0.42857142857142855,
        "Table": 0.41836734693877553
      },
      "Multi_Page": {
        "Text": 0.4925108225108225,
        "Layout": 0.4,
        "Figure": 0.5237908496732026,
        "Table": 0.3857034581438509
      }
    },
    "Locating": {
      "Cross_Element": {
        "Cross_Title": 0.2613269597545434,
        "Cross_Table": 0.13087341062580754,
        "Para_Title": 0.48442325614749115,
        "Figure_Table": 0.4355204833326271
      }
    }
  }
}