{
  "avg_acc": 0.4837293013181931,
  "rectified_avg_acc": 0.4837293013181931
}