{
  "Main_Task": {
    "Understanding": 0.5253512338158225,
    "Reasoning": 0.47598870221781453,
    "Locating": 0.41359915708408285
  },
  "Element_Type": {
    "Text": 0.5300394215317258,
    "Layout": 0.40730012306983776,
    "Figure": 0.49398653221205446,
    "Table": 0.471035908598163
  },
  "Evidence_Pages": {
    "Single_Page": 0.5023455176787631,
    "Multi_Page": 0.46722982847774414
  },
  "Num_of_Element_Types": {
    "Cross_Element": 0.4652347847368556
  },
  "Fine_Grained": {
    "Understanding": {
      "Single_Page": {
        "Text": 0.4872233710416933,
        "Layout": 0.4412586488418405,
        "Figure": 0.5105140667628145,
        "Table": 0.55303310919901
      },
      "Multi_Page": {
        "Text": 0.5502316895640808,
        "Layout": 0.5249974380757003,
        "Figure": 0.5306998133322146,
        "Table": 0.5167847727882178
      }
    },
    "Reasoning": {
      "Single_Page": {
        "Text": 0.407088240854902,
        "Layout": 0.48107427802697833,
        "Figure": 0.5357142857142857,
        "Table": 0.4897959183673469
      },
      "Multi_Page": {
        "Text": 0.5601656314699793,
        "Layout": 0.375,
        "Figure": 0.4675816993464052,
        "Table": 0.3675450153711023
      }
    },
    "Locating": {
      "Cross_Element": {
        "Cross_Title": 0.3332982401397877,
        "Cross_Table": 0.18137893413293085,
        "Para_Title": 0.5563001180482132,
        "Figure_Table": 0.525504788017254
      }
    }
  }
}