{
  "overall_acc": 0.31642536705399893,
  "overall_f1": 0.29945401075758005,
  "breakdowns": {
    "single_page": {
      "acc": 0.4200079303986189,
      "f1": 0.44304090578223,
      "count": 485
    },
    "cross_page": {
      "acc": 0.1748407295733947,
      "f1": 0.18406912756799612,
      "count": 369
    },
    "unanswerable": {
      "acc": 0.3360655737704918,
      "f1": 0.0,
      "count": 244
    }
  },
  "evidence_source_breakdowns": {
    "Chart": {
      "acc": 0.3328099240061422,
      "f1": 0.34847156748878416,
      "count": 178
    },
    "Figure": {
      "acc": 0.2106993710642829,
      "f1": 0.21242284167028894,
      "count": 293
    },
    "Generalized-text (Layout)": {
      "acc": 0.2836753749118695,
      "f1": 0.28734534749572344,
      "count": 119
    },
    "Pure-text (Plain-text)": {
      "acc": 0.29343152037653586,
      "f1": 0.30375033479211394,
      "count": 298
    },
    "Table": {
      "acc": 0.3699622368819013,
      "f1": 0.4083633804569847,
      "count": 218
    }
  },
  "document_type_breakdowns": {
    "Academic paper": {
      "acc": 0.2503426558686933,
      "f1": 0.24815650632757366,
      "count": 204
    },
    "Administration/Industry file": {
      "acc": 0.3881381209423537,
      "f1": 0.39480845750116045,
      "count": 81
    },
    "Brochure": {
      "acc": 0.29337032398645424,
      "f1": 0.28131431812656993,
      "count": 101
    },
    "Financial report": {
      "acc": 0.32957640649948344,
      "f1": 0.35893518246459427,
      "count": 117
    },
    "Guidebook": {
      "acc": 0.333079902574071,
      "f1": 0.31546935061987913,
      "count": 156
    },
    "Research report / Introduction": {
      "acc": 0.33887192383689596,
      "f1": 0.27561714019562183,
      "count": 293
    },
    "Tutorial/Workshop": {
      "acc": 0.3112964395218105,
      "f1": 0.3100017529361681,
      "count": 139
    }
  },
  "answer_format_breakdowns": {
    "Float": {
      "acc": 0.34375,
      "f1": 0.39145907473309605,
      "count": 160
    },
    "Int": {
      "acc": 0.2620689655172414,
      "f1": 0.26902654867256637,
      "count": 290
    },
    "List": {
      "acc": 0.19682590985111992,
      "f1": 0.20666720534367594,
      "count": 147
    },
    "None": {
      "acc": 0.3360655737704918,
      "f1": 0.0,
      "count": 244
    },
    "Str": {
      "acc": 0.4131466668311927,
      "f1": 0.4395177306714816,
      "count": 250
    }
  },
  "sample_count": 1091,
  "completed_count": 1091,
  "failed_count": 0
}