{
  "overall_acc": 0.28768884954738183,
  "overall_f1": 0.2602563458723679,
  "breakdowns": {
    "single_page": {
      "acc": 0.36180887761569275,
      "f1": 0.3892175927936324,
      "count": 485
    },
    "cross_page": {
      "acc": 0.1392716238823378,
      "f1": 0.15137328192218746,
      "count": 369
    },
    "unanswerable": {
      "acc": 0.3770491803278688,
      "f1": 0.0,
      "count": 244
    }
  },
  "evidence_source_breakdowns": {
    "Chart": {
      "acc": 0.2710121711971534,
      "f1": 0.2923646452914746,
      "count": 178
    },
    "Figure": {
      "acc": 0.1771649441559255,
      "f1": 0.18114566162105988,
      "count": 293
    },
    "Generalized-text (Layout)": {
      "acc": 0.24045808799710358,
      "f1": 0.24329966935379146,
      "count": 119
    },
    "Pure-text (Plain-text)": {
      "acc": 0.24234779464224995,
      "f1": 0.2582822492663824,
      "count": 298
    },
    "Table": {
      "acc": 0.32566751211125905,
      "f1": 0.3678524230064999,
      "count": 218
    }
  },
  "document_type_breakdowns": {
    "Academic paper": {
      "acc": 0.23570670886847356,
      "f1": 0.21791409074017773,
      "count": 204
    },
    "Administration/Industry file": {
      "acc": 0.338755404892971,
      "f1": 0.3199878775571739,
      "count": 81
    },
    "Brochure": {
      "acc": 0.2636673536894245,
      "f1": 0.23939515515404733,
      "count": 101
    },
    "Financial report": {
      "acc": 0.28284356944406575,
      "f1": 0.3027117053067675,
      "count": 117
    },
    "Guidebook": {
      "acc": 0.2891238586180271,
      "f1": 0.2732197612290402,
      "count": 156
    },
    "Research report / Introduction": {
      "acc": 0.3252200467037902,
      "f1": 0.25246335015621246,
      "count": 293
    },
    "Tutorial/Workshop": {
      "acc": 0.27503080916894995,
      "f1": 0.2680625105105927,
      "count": 139
    }
  },
  "answer_format_breakdowns": {
    "Float": {
      "acc": 0.275,
      "f1": 0.32835820895522394,
      "count": 160
    },
    "Int": {
      "acc": 0.23448275862068965,
      "f1": 0.2468239564428312,
      "count": 290
    },
    "List": {
      "acc": 0.17556740644975938,
      "f1": 0.18907259156127934,
      "count": 147
    },
    "None": {
      "acc": 0.3770491803278688,
      "f1": 0.0,
      "count": 244
    },
    "Str": {
      "acc": 0.33624050443231596,
      "f1": 0.3646860134840737,
      "count": 250
    }
  },
  "sample_count": 1091,
  "completed_count": 1091,
  "failed_count": 0
}