{
  "overall_acc": 0.2820617635482798,
  "overall_f1": 0.2377394368956776,
  "breakdowns": {
    "single_page": {
      "acc": 0.32490642153797894,
      "f1": 0.35816810902798074,
      "count": 485
    },
    "cross_page": {
      "acc": 0.11964707204675734,
      "f1": 0.1313981237656353,
      "count": 369
    },
    "unanswerable": {
      "acc": 0.45491803278688525,
      "f1": 0.0,
      "count": 244
    }
  },
  "evidence_source_breakdowns": {
    "Chart": {
      "acc": 0.24292228355670395,
      "f1": 0.2644658499883383,
      "count": 178
    },
    "Figure": {
      "acc": 0.15581357084209482,
      "f1": 0.16156581915429466,
      "count": 293
    },
    "Generalized-text (Layout)": {
      "acc": 0.22411821871605786,
      "f1": 0.22919703595724003,
      "count": 119
    },
    "Pure-text (Plain-text)": {
      "acc": 0.21539099499796852,
      "f1": 0.2335363225549413,
      "count": 298
    },
    "Table": {
      "acc": 0.26807983984468775,
      "f1": 0.31218154938120607,
      "count": 218
    }
  },
  "document_type_breakdowns": {
    "Academic paper": {
      "acc": 0.20681856270091564,
      "f1": 0.1731909986687057,
      "count": 204
    },
    "Administration/Industry file": {
      "acc": 0.3147499179245211,
      "f1": 0.28022338411948805,
      "count": 81
    },
    "Brochure": {
      "acc": 0.24386537349140475,
      "f1": 0.2176592928719985,
      "count": 101
    },
    "Financial report": {
      "acc": 0.2742965608970572,
      "f1": 0.3087893210053928,
      "count": 117
    },
    "Guidebook": {
      "acc": 0.2962375179055994,
      "f1": 0.26502677888836407,
      "count": 156
    },
    "Research report / Introduction": {
      "acc": 0.3308049055309698,
      "f1": 0.2218715712556698,
      "count": 293
    },
    "Tutorial/Workshop": {
      "acc": 0.28907671530118706,
      "f1": 0.2659177394437445,
      "count": 139
    }
  },
  "answer_format_breakdowns": {
    "Float": {
      "acc": 0.2375,
      "f1": 0.29687499999999994,
      "count": 160
    },
    "Int": {
      "acc": 0.20344827586206896,
      "f1": 0.2145454545454545,
      "count": 290
    },
    "List": {
      "acc": 0.16751923768730492,
      "f1": 0.1824098365928431,
      "count": 147
    },
    "None": {
      "acc": 0.45491803278688525,
      "f1": 0.0,
      "count": 244
    },
    "Str": {
      "acc": 0.30041622436455767,
      "f1": 0.3367894891979346,
      "count": 250
    }
  },
  "sample_count": 1091,
  "completed_count": 1091,
  "failed_count": 0
}