{
  "overall_acc": 0.3161446935528289,
  "overall_f1": 0.2938488307390621,
  "breakdowns": {
    "single_page": {
      "acc": 0.396745239128584,
      "f1": 0.4221203625616289,
      "count": 485
    },
    "cross_page": {
      "acc": 0.18290628641943937,
      "f1": 0.19422279047128957,
      "count": 369
    },
    "unanswerable": {
      "acc": 0.36885245901639346,
      "f1": 0.0,
      "count": 244
    }
  },
  "evidence_source_breakdowns": {
    "Chart": {
      "acc": 0.2878661037814231,
      "f1": 0.3050009909112697,
      "count": 178
    },
    "Figure": {
      "acc": 0.22236647186598565,
      "f1": 0.2272518327485696,
      "count": 293
    },
    "Generalized-text (Layout)": {
      "acc": 0.28907753577621526,
      "f1": 0.2917050371822673,
      "count": 119
    },
    "Pure-text (Plain-text)": {
      "acc": 0.2808875766245384,
      "f1": 0.2965680502145642,
      "count": 298
    },
    "Table": {
      "acc": 0.3606489202291351,
      "f1": 0.40112992147934406,
      "count": 218
    }
  },
  "document_type_breakdowns": {
    "Academic paper": {
      "acc": 0.24443832651553238,
      "f1": 0.23698425981200372,
      "count": 204
    },
    "Administration/Industry file": {
      "acc": 0.37579244193000805,
      "f1": 0.36603147908389433,
      "count": 81
    },
    "Brochure": {
      "acc": 0.28346933388744433,
      "f1": 0.2575047943170462,
      "count": 101
    },
    "Financial report": {
      "acc": 0.31248238940546635,
      "f1": 0.3339938749774815,
      "count": 117
    },
    "Guidebook": {
      "acc": 0.33262202711619554,
      "f1": 0.3157419685843876,
      "count": 156
    },
    "Research report / Introduction": {
      "acc": 0.3478697519473521,
      "f1": 0.2828127520025805,
      "count": 293
    },
    "Tutorial/Workshop": {
      "acc": 0.32808301026521586,
      "f1": 0.32416843471435347,
      "count": 139
    }
  },
  "answer_format_breakdowns": {
    "Float": {
      "acc": 0.33125,
      "f1": 0.3882783882783883,
      "count": 160
    },
    "Int": {
      "acc": 0.2827586206896552,
      "f1": 0.2907801418439716,
      "count": 290
    },
    "List": {
      "acc": 0.18074675091481815,
      "f1": 0.190464318168303,
      "count": 147
    },
    "None": {
      "acc": 0.36885245901639346,
      "f1": 0.0,
      "count": 244
    },
    "Str": {
      "acc": 0.3733763531266324,
      "f1": 0.40147994959852945,
      "count": 250
    }
  },
  "sample_count": 1091,
  "completed_count": 1091,
  "failed_count": 0
}