{
  "overall_acc": 0.2621663390678622,
  "overall_f1": 0.20309511612137637,
  "breakdowns": {
    "single_page": {
      "acc": 0.2629747504264574,
      "f1": 0.30579889593275206,
      "count": 485
    },
    "cross_page": {
      "acc": 0.09615371806559847,
      "f1": 0.11018857753480073,
      "count": 369
    },
    "unanswerable": {
      "acc": 0.5204918032786885,
      "f1": 0.0,
      "count": 244
    }
  },
  "evidence_source_breakdowns": {
    "Chart": {
      "acc": 0.2216676019087639,
      "f1": 0.254560213804903,
      "count": 178
    },
    "Figure": {
      "acc": 0.13875887101143072,
      "f1": 0.15012174449067653,
      "count": 293
    },
    "Generalized-text (Layout)": {
      "acc": 0.151089007031384,
      "f1": 0.168033568567614,
      "count": 119
    },
    "Pure-text (Plain-text)": {
      "acc": 0.17269289911574545,
      "f1": 0.1942384125711108,
      "count": 298
    },
    "Table": {
      "acc": 0.2003100110898276,
      "f1": 0.2466334243790891,
      "count": 218
    }
  },
  "document_type_breakdowns": {
    "Academic paper": {
      "acc": 0.18466032877797586,
      "f1": 0.12488767271375968,
      "count": 204
    },
    "Administration/Industry file": {
      "acc": 0.29005855989982976,
      "f1": 0.24991521535300337,
      "count": 81
    },
    "Brochure": {
      "acc": 0.2755485418082364,
      "f1": 0.2542359323414344,
      "count": 101
    },
    "Financial report": {
      "acc": 0.18590526282833975,
      "f1": 0.2019348173194327,
      "count": 117
    },
    "Guidebook": {
      "acc": 0.29026103824490923,
      "f1": 0.2422186356332335,
      "count": 156
    },
    "Research report / Introduction": {
      "acc": 0.3260523321956769,
      "f1": 0.2052320675105485,
      "count": 293
    },
    "Tutorial/Workshop": {
      "acc": 0.2479327462399828,
      "f1": 0.20513837193933893,
      "count": 139
    }
  },
  "answer_format_breakdowns": {
    "Float": {
      "acc": 0.18125,
      "f1": 0.2416666666666667,
      "count": 160
    },
    "Int": {
      "acc": 0.1724137931034483,
      "f1": 0.1890359168241966,
      "count": 290
    },
    "List": {
      "acc": 0.13711313585263163,
      "f1": 0.15746586695575665,
      "count": 147
    },
    "None": {
      "acc": 0.5204918032786885,
      "f1": 0.0,
      "count": 244
    },
    "Str": {
      "acc": 0.23947137981080335,
      "f1": 0.2823954950599096,
      "count": 250
    }
  },
  "sample_count": 1091,
  "completed_count": 1091,
  "failed_count": 0
}