{
  "overall_acc": 0.34380929537743227,
  "overall_f1": 0.3321282400188842,
  "breakdowns": {
    "single_page": {
      "acc": 0.4522184003410476,
      "f1": 0.47763939377012765,
      "count": 485
    },
    "cross_page": {
      "acc": 0.2107588539061532,
      "f1": 0.21968931381743087,
      "count": 369
    },
    "unanswerable": {
      "acc": 0.32786885245901637,
      "f1": 0.0,
      "count": 244
    }
  },
  "evidence_source_breakdowns": {
    "Chart": {
      "acc": 0.3215739689499624,
      "f1": 0.3367068616064312,
      "count": 178
    },
    "Figure": {
      "acc": 0.2656441134663632,
      "f1": 0.2753896962209477,
      "count": 293
    },
    "Generalized-text (Layout)": {
      "acc": 0.28947769584024086,
      "f1": 0.29696418797404023,
      "count": 119
    },
    "Pure-text (Plain-text)": {
      "acc": 0.3369285714239225,
      "f1": 0.35019471275561886,
      "count": 298
    },
    "Table": {
      "acc": 0.39805608492987776,
      "f1": 0.430651248211977,
      "count": 218
    }
  },
  "document_type_breakdowns": {
    "Academic paper": {
      "acc": 0.27914167547653645,
      "f1": 0.277612699681048,
      "count": 204
    },
    "Administration/Industry file": {
      "acc": 0.4514564898162782,
      "f1": 0.4652567953588362,
      "count": 81
    },
    "Brochure": {
      "acc": 0.30525151210526613,
      "f1": 0.3038870908544927,
      "count": 101
    },
    "Financial report": {
      "acc": 0.4252215021445791,
      "f1": 0.45898375129144364,
      "count": 117
    },
    "Guidebook": {
      "acc": 0.3372770942712627,
      "f1": 0.32622672053266655,
      "count": 156
    },
    "Research report / Introduction": {
      "acc": 0.32739193624769336,
      "f1": 0.2722014827277985,
      "count": 293
    },
    "Tutorial/Workshop": {
      "acc": 0.37741497326624357,
      "f1": 0.36675680408445444,
      "count": 139
    }
  },
  "answer_format_breakdowns": {
    "Float": {
      "acc": 0.4125,
      "f1": 0.4551724137931034,
      "count": 160
    },
    "Int": {
      "acc": 0.30344827586206896,
      "f1": 0.3093145869947275,
      "count": 290
    },
    "List": {
      "acc": 0.20030457404406984,
      "f1": 0.21031980274627332,
      "count": 147
    },
    "None": {
      "acc": 0.32786885245901637,
      "f1": 0.0,
      "count": 244
    },
    "Str": {
      "acc": 0.44660467548920135,
      "f1": 0.4711019783641364,
      "count": 250
    }
  },
  "sample_count": 1091,
  "completed_count": 1091,
  "failed_count": 0
}