{
  "overall_acc": 0.5674796460032353,
  "avg_acc": 0.5674796460032353,
  "rectified_avg_acc": 0.5672355687361371,
  "fine_grained_metrics": {
    "Main_Task": {
      "Understanding": 0.633199687959479,
      "Reasoning": 0.5756673264730615,
      "Locating": 0.4445643594716702
    },
    "Element_Type": {
      "Text": 0.6482266684215175,
      "Layout": 0.47713682948943986,
      "Figure": 0.5550682968207018,
      "Table": 0.5187988588239166
    },
    "Evidence_Pages": {
      "Single_Page": 0.6028162076735649,
      "Multi_Page": 0.5365403108327739
    },
    "Num_of_Element_Types": {
      "Cross_Element": 0.5259040761867971
    },
    "Fine_Grained": {
      "Understanding": {
        "Single_Page": {
          "Text": 0.6483725571908084,
          "Layout": 0.5935471683180411,
          "Figure": 0.635787632389728,
          "Table": 0.6631367697497004
        },
        "Multi_Page": {
          "Text": 0.6474597026697914,
          "Layout": 0.6136712508197641,
          "Figure": 0.5596726188494721,
          "Table": 0.5097484600992523
        }
      },
      "Reasoning": {
        "Single_Page": {
          "Text": 0.5193222834080935,
          "Layout": 0.7310742780269783,
          "Figure": 0.8214285714285714,
          "Table": 0.5714285714285714
        },
        "Multi_Page": {
          "Text": 0.6403369094673442,
          "Layout": 0.425,
          "Figure": 0.5499346405228758,
          "Table": 0.49439911031776385
        }
      },
      "Locating": {
        "Cross_Element": {
          "Cross_Title": 0.35916238896462815,
          "Cross_Table": 0.1507006294074203,
          "Para_Title": 0.6946900138013403,
          "Figure_Table": 0.5308215517523898
        }
      }
    }
  },
  "sample_count": 2325,
  "completed_count": 2324,
  "failed_count": 1
}