{
  "overall_acc": 0.575469760248062,
  "avg_acc": 0.575469760248062,
  "rectified_avg_acc": 0.575469760248062,
  "fine_grained_metrics": {
    "Main_Task": {
      "Understanding": 0.6370483244893573,
      "Reasoning": 0.592338160848322,
      "Locating": 0.4559442546592405
    },
    "Element_Type": {
      "Text": 0.6442818593658426,
      "Layout": 0.4967395085129438,
      "Figure": 0.5613900344820888,
      "Table": 0.5292052342133725
    },
    "Evidence_Pages": {
      "Single_Page": 0.6033504212248346,
      "Multi_Page": 0.5512010724184885
    },
    "Num_of_Element_Types": {
      "Cross_Element": 0.5310434464954943
    },
    "Fine_Grained": {
      "Understanding": {
        "Single_Page": {
          "Text": 0.6320567115136013,
          "Layout": 0.6213815449361928,
          "Figure": 0.6428197138615751,
          "Table": 0.6670145848249734
        },
        "Multi_Page": {
          "Text": 0.6492317261726834,
          "Layout": 0.5999271082970068,
          "Figure": 0.5878411299051262,
          "Table": 0.5549612661626562
        }
      },
      "Reasoning": {
        "Single_Page": {
          "Text": 0.5443222834080934,
          "Layout": 0.7310742780269783,
          "Figure": 0.75,
          "Table": 0.5918367346938775
        },
        "Multi_Page": {
          "Text": 0.6316412572934312,
          "Layout": 0.55,
          "Figure": 0.5734640522875817,
          "Table": 0.5299297321036451
        }
      },
      "Locating": {
        "Cross_Element": {
          "Cross_Title": 0.4144067307847118,
          "Cross_Table": 0.14655603478726945,
          "Para_Title": 0.691183863562466,
          "Figure_Table": 0.5213301056674947
        }
      }
    }
  },
  "sample_count": 2325,
  "completed_count": 2325,
  "failed_count": 0
}