{
  "avg_acc": 0.5330293857714093,
  "rectified_avg_acc": 0.5330293857714093
}