{
  "Main_Task": {
    "Understanding": 0.5136444147233793,
    "Reasoning": 0.47230208431514253,
    "Locating": 0.3958703457985079
  },
  "Element_Type": {
    "Text": 0.5187522046729336,
    "Layout": 0.3884748609398671,
    "Figure": 0.47467691583045785,
    "Table": 0.4602280925108577
  },
  "Evidence_Pages": {
    "Single_Page": 0.49104653642886165,
    "Multi_Page": 0.45426232067483935
  },
  "Num_of_Element_Types": {
    "Cross_Element": 0.4455894179463895
  },
  "Fine_Grained": {
    "Understanding": {
      "Single_Page": {
        "Text": 0.47740116975615904,
        "Layout": 0.4021413611223666,
        "Figure": 0.506788393806814,
        "Table": 0.547697062206407
      },
      "Multi_Page": {
        "Text": 0.544623913664787,
        "Layout": 0.5030138365235671,
        "Figure": 0.5003949373085986,
        "Table": 0.48317372618774923
      }
    },
    "Reasoning": {
      "Single_Page": {
        "Text": 0.357088240854902,
        "Layout": 0.48107427802697833,
        "Figure": 0.5357142857142857,
        "Table": 0.45918367346938777
      },
      "Multi_Page": {
        "Text": 0.5255994729907773,
        "Layout": 0.375,
        "Figure": 0.4793464052287581,
        "Table": 0.44762704180656493
      }
    },
    "Locating": {
      "Cross_Element": {
        "Cross_Title": 0.3094979378914724,
        "Cross_Table": 0.16293468554796092,
        "Para_Title": 0.5547220853752901,
        "Figure_Table": 0.5038706005987843
      }
    }
  }
}