{
  "avg_acc": 0.471557335252079,
  "rectified_avg_acc": 0.471557335252079
}