{
  "avg_acc": 0.5384709682710401,
  "rectified_avg_acc": 0.5384709682710401
}