{
  "Main_Task": {
    "Understanding": 0.5815139324168295,
    "Reasoning": 0.5487041462840749,
    "Locating": 0.45579090449512544
  },
  "Element_Type": {
    "Text": 0.5858379301541253,
    "Layout": 0.4652990026174084,
    "Figure": 0.5342822315718929,
    "Table": 0.5191199245758985
  },
  "Evidence_Pages": {
    "Single_Page": 0.5495561561489336,
    "Multi_Page": 0.5287527128821937
  },
  "Num_of_Element_Types": {
    "Cross_Element": 0.5084896122385507
  },
  "Fine_Grained": {
    "Understanding": {
      "Single_Page": {
        "Text": 0.5324197646141022,
        "Layout": 0.5706638632920304,
        "Figure": 0.5593497034974095,
        "Table": 0.6185088323396473
      },
      "Multi_Page": {
        "Text": 0.6065661415518193,
        "Layout": 0.5337197335144654,
        "Figure": 0.5521776743684965,
        "Table": 0.6025517122452352
      }
    },
    "Reasoning": {
      "Single_Page": {
        "Text": 0.46932228340809345,
        "Layout": 0.5644076113603117,
        "Figure": 0.6785714285714286,
        "Table": 0.5102040816326531
      },
      "Multi_Page": {
        "Text": 0.6065424430641821,
        "Layout": 0.475,
        "Figure": 0.52640522875817,
        "Table": 0.5025911286780852
      }
    },
    "Locating": {
      "Cross_Element": {
        "Cross_Title": 0.40372804966499704,
        "Cross_Table": 0.19542363058668935,
        "Para_Title": 0.6364387630801984,
        "Figure_Table": 0.5359733880759203
      }
    }
  }
}