{
  "Main_Task": {
    "Understanding": 0.49031852354101063,
    "Reasoning": 0.3547262536627715,
    "Locating": 0.35389556298551766
  },
  "Element_Type": {
    "Text": 0.5311060375356824,
    "Layout": 0.38107942719395366,
    "Figure": 0.4265479346531403,
    "Table": 0.35032287275573515
  },
  "Evidence_Pages": {
    "Single_Page": 0.4353622151753182,
    "Multi_Page": 0.4202044715587647
  },
  "Num_of_Element_Types": {
    "Cross_Element": 0.42576594426997716
  },
  "Fine_Grained": {
    "Understanding": {
      "Single_Page": {
        "Text": 0.5313526646389118,
        "Layout": 0.5386306800968456,
        "Figure": 0.46126215109049945,
        "Table": 0.39749174643162183
      },
      "Multi_Page": {
        "Text": 0.5594077595835216,
        "Layout": 0.5162079086965562,
        "Figure": 0.4344960553729302,
        "Table": 0.4332980440519953
      }
    },
    "Reasoning": {
      "Single_Page": {
        "Text": 0.5193222834080935,
        "Layout": 0.647740944693645,
        "Figure": 0.39285714285714285,
        "Table": 0.22321428571428573
      },
      "Multi_Page": {
        "Text": 0.4761076604554865,
        "Layout": 0.4,
        "Figure": 0.39764705882352935,
        "Table": 0.2562143170838823
      }
    },
    "Locating": {
      "Cross_Element": {
        "Cross_Title": 0.27952855970698975,
        "Cross_Table": 0.09637649505757993,
        "Para_Title": 0.48873103200573387,
        "Figure_Table": 0.47910210394713953
      }
    }
  }
}