{
  "avg_acc": 0.4269687747113566,
  "rectified_avg_acc": 0.4269687747113566
}