{
  "overall_acc": 0.5001043712345776,
  "overall_f1": 0.46816431986543633,
  "breakdowns": {
    "single_page": {
      "acc": 0.5529887593241977,
      "f1": 0.61209197272613,
      "count": 485
    },
    "cross_page": {
      "acc": 0.2585753949720551,
      "f1": 0.3092846701610643,
      "count": 369
    },
    "unanswerable": {
      "acc": 0.7663934426229508,
      "f1": 0.0,
      "count": 244
    }
  },
  "evidence_source_breakdowns": {
    "Chart": {
      "acc": 0.42668539325842697,
      "f1": 0.48069620253164563,
      "count": 178
    },
    "Figure": {
      "acc": 0.3673417204376038,
      "f1": 0.4176891181166384,
      "count": 293
    },
    "Generalized-text (Layout)": {
      "acc": 0.37496338994936407,
      "f1": 0.4209494660752295,
      "count": 119
    },
    "Pure-text (Plain-text)": {
      "acc": 0.40645515341702926,
      "f1": 0.4553868067383322,
      "count": 298
    },
    "Table": {
      "acc": 0.4031236347750109,
      "f1": 0.4800052617732176,
      "count": 218
    }
  },
  "document_type_breakdowns": {
    "Academic paper": {
      "acc": 0.5019198921507443,
      "f1": 0.44242972892858473,
      "count": 204
    },
    "Administration/Industry file": {
      "acc": 0.5643535622690076,
      "f1": 0.5407047693188366,
      "count": 81
    },
    "Brochure": {
      "acc": 0.49504950495049505,
      "f1": 0.4615384615384615,
      "count": 101
    },
    "Financial report": {
      "acc": 0.3841880341880342,
      "f1": 0.47559523809523807,
      "count": 117
    },
    "Guidebook": {
      "acc": 0.5082061166707569,
      "f1": 0.47046013028108324,
      "count": 156
    },
    "Research report / Introduction": {
      "acc": 0.4986994233738963,
      "f1": 0.42666130851404316,
      "count": 293
    },
    "Tutorial/Workshop": {
      "acc": 0.5551114188862813,
      "f1": 0.5348617830970772,
      "count": 139
    }
  },
  "answer_format_breakdowns": {
    "Float": {
      "acc": 0.44375,
      "f1": 0.5419847328244275,
      "count": 160
    },
    "Int": {
      "acc": 0.30689655172413793,
      "f1": 0.34765625,
      "count": 290
    },
    "List": {
      "acc": 0.3580388589544345,
      "f1": 0.40485932512539896,
      "count": 147
    },
    "None": {
      "acc": 0.7663934426229508,
      "f1": 0.0,
      "count": 244
    },
    "Str": {
      "acc": 0.5839286270024894,
      "f1": 0.6620505975084914,
      "count": 250
    }
  },
  "sample_count": 1091,
  "completed_count": 1091,
  "failed_count": 0
}