{
  "overall_acc": 0.5153174568646908,
  "overall_f1": 0.4934464288314296,
  "breakdowns": {
    "single_page": {
      "acc": 0.6141377332770577,
      "f1": 0.6507683024800357,
      "count": 484
    },
    "cross_page": {
      "acc": 0.30360416938062046,
      "f1": 0.3423125350620206,
      "count": 367
    },
    "unanswerable": {
      "acc": 0.6516393442622951,
      "f1": 0.0,
      "count": 244
    }
  },
  "evidence_source_breakdowns": {
    "Chart": {
      "acc": 0.4438202247191011,
      "f1": 0.47305389221556887,
      "count": 178
    },
    "Figure": {
      "acc": 0.40275605862934627,
      "f1": 0.4416368752206902,
      "count": 292
    },
    "Generalized-text (Layout)": {
      "acc": 0.42643785921593597,
      "f1": 0.45430233102005824,
      "count": 119
    },
    "Pure-text (Plain-text)": {
      "acc": 0.46452245007081355,
      "f1": 0.5019032260342016,
      "count": 296
    },
    "Table": {
      "acc": 0.4575783509884892,
      "f1": 0.521230982490825,
      "count": 217
    }
  },
  "document_type_breakdowns": {
    "Academic paper": {
      "acc": 0.4819964349376114,
      "f1": 0.4527458889233633,
      "count": 204
    },
    "Administration/Industry file": {
      "acc": 0.5835811844117492,
      "f1": 0.5733304917841312,
      "count": 80
    },
    "Brochure": {
      "acc": 0.4547438132517571,
      "f1": 0.45479905238515783,
      "count": 101
    },
    "Financial report": {
      "acc": 0.5457671957671958,
      "f1": 0.5922371031746032,
      "count": 117
    },
    "Guidebook": {
      "acc": 0.48268416594063096,
      "f1": 0.445754787024542,
      "count": 155
    },
    "Research report / Introduction": {
      "acc": 0.5059253936890007,
      "f1": 0.4539440582588547,
      "count": 293
    },
    "Tutorial/Workshop": {
      "acc": 0.6001126990848307,
      "f1": 0.5737316271104399,
      "count": 138
    }
  },
  "answer_format_breakdowns": {
    "Float": {
      "acc": 0.51875,
      "f1": 0.5804195804195803,
      "count": 160
    },
    "Int": {
      "acc": 0.3633217993079585,
      "f1": 0.39697542533081287,
      "count": 289
    },
    "List": {
      "acc": 0.3929230907066252,
      "f1": 0.4278495876583252,
      "count": 147
    },
    "None": {
      "acc": 0.6516393442622951,
      "f1": 0.0,
      "count": 244
    },
    "Str": {
      "acc": 0.6286520110278618,
      "f1": 0.6808109115061561,
      "count": 248
    }
  },
  "sample_count": 1091,
  "completed_count": 1088,
  "failed_count": 3
}