{
  "overall_acc": 0.5645029562873786,
  "overall_f1": 0.5418638525704276,
  "breakdowns": {
    "single_page": {
      "acc": 0.655526711903503,
      "f1": 0.6950713497407689,
      "count": 212
    },
    "cross_page": {
      "acc": 0.3533358754401276,
      "f1": 0.38792819890979047,
      "count": 157
    },
    "unanswerable": {
      "acc": 0.6886792452830188,
      "f1": 0.0,
      "count": 106
    }
  },
  "evidence_source_breakdowns": {
    "Chart": {
      "acc": 0.5,
      "f1": 0.5389221556886228,
      "count": 90
    },
    "Figure": {
      "acc": 0.492650114743138,
      "f1": 0.5346313230928615,
      "count": 129
    },
    "Generalized-text (Layout)": {
      "acc": 0.4660877305603219,
      "f1": 0.49716024593101005,
      "count": 72
    },
    "Pure-text (Plain-text)": {
      "acc": 0.53472611382872,
      "f1": 0.566856106674956,
      "count": 123
    },
    "Table": {
      "acc": 0.5435185185185185,
      "f1": 0.5879345603271983,
      "count": 90
    }
  },
  "document_type_breakdowns": {
    "Academic paper": {
      "acc": 0.6793650793650793,
      "f1": 0.6602098466505245,
      "count": 75
    },
    "Administration/Industry file": {
      "acc": 0.5116973618715779,
      "f1": 0.4911341585814653,
      "count": 41
    },
    "Brochure": {
      "acc": 0.4857142857142857,
      "f1": 0.4528301886792453,
      "count": 35
    },
    "Financial report": {
      "acc": 0.6633333333333333,
      "f1": 0.6625000000000001,
      "count": 15
    },
    "Guidebook": {
      "acc": 0.5242613174301979,
      "f1": 0.5216937657594991,
      "count": 68
    },
    "Research report / Introduction": {
      "acc": 0.5187457119964383,
      "f1": 0.4805836438325915,
      "count": 166
    },
    "Tutorial/Workshop": {
      "acc": 0.6361370111370112,
      "f1": 0.6189031094691472,
      "count": 72
    }
  },
  "answer_format_breakdowns": {
    "Float": {
      "acc": 0.6101694915254238,
      "f1": 0.6545454545454547,
      "count": 59
    },
    "Int": {
      "acc": 0.3798449612403101,
      "f1": 0.4100418410041841,
      "count": 129
    },
    "List": {
      "acc": 0.47004223812363344,
      "f1": 0.4947813032880352,
      "count": 60
    },
    "None": {
      "acc": 0.6886792452830188,
      "f1": 0.0,
      "count": 106
    },
    "Str": {
      "acc": 0.6800242464425819,
      "f1": 0.7361730374332538,
      "count": 118
    }
  },
  "sample_count": 1091,
  "completed_count": 472,
  "failed_count": 619
}