{
  "overall_acc": 0.5326473222843927,
  "overall_f1": 0.5118597146883754,
  "breakdowns": {
    "single_page": {
      "acc": 0.6022449140043831,
      "f1": 0.6436968235249457,
      "count": 485
    },
    "cross_page": {
      "acc": 0.3469632664502617,
      "f1": 0.3915273557191027,
      "count": 369
    },
    "unanswerable": {
      "acc": 0.680327868852459,
      "f1": 0.0,
      "count": 244
    }
  },
  "evidence_source_breakdowns": {
    "Chart": {
      "acc": 0.4541198501872659,
      "f1": 0.49439347604485223,
      "count": 178
    },
    "Figure": {
      "acc": 0.4245962079040981,
      "f1": 0.4698913202145902,
      "count": 293
    },
    "Generalized-text (Layout)": {
      "acc": 0.46699408170493156,
      "f1": 0.49164230380979146,
      "count": 119
    },
    "Pure-text (Plain-text)": {
      "acc": 0.4601743017473117,
      "f1": 0.497672097629751,
      "count": 298
    },
    "Table": {
      "acc": 0.511733297283756,
      "f1": 0.5720915836300452,
      "count": 218
    }
  },
  "document_type_breakdowns": {
    "Academic paper": {
      "acc": 0.49250308515014396,
      "f1": 0.447613665795484,
      "count": 204
    },
    "Administration/Industry file": {
      "acc": 0.61546429271297,
      "f1": 0.6056417233560091,
      "count": 81
    },
    "Brochure": {
      "acc": 0.504720239465807,
      "f1": 0.519178495922682,
      "count": 101
    },
    "Financial report": {
      "acc": 0.5372201872201873,
      "f1": 0.5848666168037896,
      "count": 117
    },
    "Guidebook": {
      "acc": 0.527962168925492,
      "f1": 0.48798353551841334,
      "count": 156
    },
    "Research report / Introduction": {
      "acc": 0.5264912036307248,
      "f1": 0.4830263876584056,
      "count": 293
    },
    "Tutorial/Workshop": {
      "acc": 0.5779817584525536,
      "f1": 0.5571780697174172,
      "count": 139
    }
  },
  "answer_format_breakdowns": {
    "Float": {
      "acc": 0.55,
      "f1": 0.6263345195729537,
      "count": 160
    },
    "Int": {
      "acc": 0.3758620689655172,
      "f1": 0.40977443609022557,
      "count": 290
    },
    "List": {
      "acc": 0.41629076751473537,
      "f1": 0.4483131342466381,
      "count": 147
    },
    "None": {
      "acc": 0.680327868852459,
      "f1": 0.0,
      "count": 244
    },
    "Str": {
      "acc": 0.6276939431504251,
      "f1": 0.6852553964524292,
      "count": 250
    }
  },
  "sample_count": 1091,
  "completed_count": 1091,
  "failed_count": 0
}