{
  "overall_acc": 0.5366597400808889,
  "overall_f1": 0.5202372589982466,
  "breakdowns": {
    "single_page": {
      "acc": 0.6000484766350197,
      "f1": 0.6408928590709898,
      "count": 466
    },
    "cross_page": {
      "acc": 0.38253163201204937,
      "f1": 0.4224795556082444,
      "count": 349
    },
    "unanswerable": {
      "acc": 0.646551724137931,
      "f1": 0.0,
      "count": 232
    }
  },
  "evidence_source_breakdowns": {
    "Chart": {
      "acc": 0.4727544910179641,
      "f1": 0.5093548387096775,
      "count": 167
    },
    "Figure": {
      "acc": 0.4257105648506997,
      "f1": 0.46786011240796765,
      "count": 280
    },
    "Generalized-text (Layout)": {
      "acc": 0.49472959685349066,
      "f1": 0.5304777241009124,
      "count": 113
    },
    "Pure-text (Plain-text)": {
      "acc": 0.5151224188404586,
      "f1": 0.5531616681015709,
      "count": 283
    },
    "Table": {
      "acc": 0.4780523583841119,
      "f1": 0.530889724310777,
      "count": 211
    }
  },
  "document_type_breakdowns": {
    "Academic paper": {
      "acc": 0.4889597731702995,
      "f1": 0.47269321800132813,
      "count": 189
    },
    "Administration/Industry file": {
      "acc": 0.621727478870336,
      "f1": 0.5995612337075751,
      "count": 77
    },
    "Brochure": {
      "acc": 0.509480868759464,
      "f1": 0.49904223160037114,
      "count": 98
    },
    "Financial report": {
      "acc": 0.5081896551724138,
      "f1": 0.5497354497354499,
      "count": 116
    },
    "Guidebook": {
      "acc": 0.5561018303719927,
      "f1": 0.5436085647909729,
      "count": 151
    },
    "Research report / Introduction": {
      "acc": 0.5034768740031899,
      "f1": 0.44901594086739693,
      "count": 275
    },
    "Tutorial/Workshop": {
      "acc": 0.6457692149734803,
      "f1": 0.6362434447227802,
      "count": 134
    }
  },
  "answer_format_breakdowns": {
    "Float": {
      "acc": 0.5096774193548387,
      "f1": 0.5703971119133574,
      "count": 155
    },
    "Int": {
      "acc": 0.38489208633093525,
      "f1": 0.4123314065510597,
      "count": 278
    },
    "List": {
      "acc": 0.4797304034237239,
      "f1": 0.5109772113095604,
      "count": 139
    },
    "None": {
      "acc": 0.646551724137931,
      "f1": 0.0,
      "count": 232
    },
    "Str": {
      "acc": 0.6586593373229948,
      "f1": 0.7229935051545432,
      "count": 236
    }
  },
  "sample_count": 1091,
  "completed_count": 1040,
  "failed_count": 51
}