{
  "overall_acc": 0.5479068388113845,
  "overall_f1": 0.5250680137379033,
  "breakdowns": {
    "single_page": {
      "acc": 0.6312398870542614,
      "f1": 0.6609236914827188,
      "count": 288
    },
    "cross_page": {
      "acc": 0.3724235385015818,
      "f1": 0.4087109602017359,
      "count": 214
    },
    "unanswerable": {
      "acc": 0.6447368421052632,
      "f1": 0.0,
      "count": 152
    }
  },
  "evidence_source_breakdowns": {
    "Chart": {
      "acc": 0.51994301994302,
      "f1": 0.5632716049382717,
      "count": 117
    },
    "Figure": {
      "acc": 0.46149751374593034,
      "f1": 0.5061268364306131,
      "count": 182
    },
    "Generalized-text (Layout)": {
      "acc": 0.4691820602409143,
      "f1": 0.4841366191431873,
      "count": 95
    },
    "Pure-text (Plain-text)": {
      "acc": 0.48062504764858477,
      "f1": 0.5065677096037112,
      "count": 168
    },
    "Table": {
      "acc": 0.5210941232680363,
      "f1": 0.5600544315497586,
      "count": 115
    }
  },
  "document_type_breakdowns": {
    "Academic paper": {
      "acc": 0.4849859542167234,
      "f1": 0.4603769112243688,
      "count": 117
    },
    "Administration/Industry file": {
      "acc": 0.5907221645720435,
      "f1": 0.5681891804340784,
      "count": 59
    },
    "Brochure": {
      "acc": 0.5306122448979592,
      "f1": 0.5316455696202531,
      "count": 49
    },
    "Financial report": {
      "acc": 0.598,
      "f1": 0.5527777777777777,
      "count": 25
    },
    "Guidebook": {
      "acc": 0.5183307731694828,
      "f1": 0.48802492373596423,
      "count": 90
    },
    "Research report / Introduction": {
      "acc": 0.5500554542502436,
      "f1": 0.532025064944424,
      "count": 215
    },
    "Tutorial/Workshop": {
      "acc": 0.6199790011826385,
      "f1": 0.5904758001266581,
      "count": 92
    }
  },
  "answer_format_breakdowns": {
    "Float": {
      "acc": 0.6470588235294118,
      "f1": 0.7213114754098361,
      "count": 68
    },
    "Int": {
      "acc": 0.3595505617977528,
      "f1": 0.3855421686746988,
      "count": 178
    },
    "List": {
      "acc": 0.452893122727026,
      "f1": 0.4798510466988728,
      "count": 89
    },
    "None": {
      "acc": 0.6447368421052632,
      "f1": 0.0,
      "count": 152
    },
    "Str": {
      "acc": 0.6761764799266279,
      "f1": 0.7188587162010662,
      "count": 160
    }
  },
  "sample_count": 1091,
  "completed_count": 647,
  "failed_count": 444
}