{
  "overall_acc": 0.522450903334727,
  "overall_f1": 0.49438846268765535,
  "breakdowns": {
    "single_page": {
      "acc": 0.5943142381261306,
      "f1": 0.6371160394834612,
      "count": 485
    },
    "cross_page": {
      "acc": 0.31097975622497,
      "f1": 0.353081630913889,
      "count": 369
    },
    "unanswerable": {
      "acc": 0.7090163934426229,
      "f1": 0.0,
      "count": 244
    }
  },
  "evidence_source_breakdowns": {
    "Chart": {
      "acc": 0.46601123595505617,
      "f1": 0.5073394495412844,
      "count": 178
    },
    "Figure": {
      "acc": 0.4033143261388511,
      "f1": 0.4438192584149648,
      "count": 293
    },
    "Generalized-text (Layout)": {
      "acc": 0.4023990962844765,
      "f1": 0.43818217250329633,
      "count": 119
    },
    "Pure-text (Plain-text)": {
      "acc": 0.47365671763073297,
      "f1": 0.5118409844133776,
      "count": 298
    },
    "Table": {
      "acc": 0.4694934270622344,
      "f1": 0.5289383312639127,
      "count": 218
    }
  },
  "document_type_breakdowns": {
    "Academic paper": {
      "acc": 0.5274703557312254,
      "f1": 0.4838104903322295,
      "count": 204
    },
    "Administration/Industry file": {
      "acc": 0.566480338905588,
      "f1": 0.5480817908558773,
      "count": 81
    },
    "Brochure": {
      "acc": 0.46534653465346537,
      "f1": 0.4444444444444444,
      "count": 101
    },
    "Financial report": {
      "acc": 0.520940170940171,
      "f1": 0.5850828729281768,
      "count": 117
    },
    "Guidebook": {
      "acc": 0.5110531627870337,
      "f1": 0.4692078025744739,
      "count": 156
    },
    "Research report / Introduction": {
      "acc": 0.5100648378625745,
      "f1": 0.4503566144276354,
      "count": 293
    },
    "Tutorial/Workshop": {
      "acc": 0.5710919757493025,
      "f1": 0.5507715531052175,
      "count": 139
    }
  },
  "answer_format_breakdowns": {
    "Float": {
      "acc": 0.53125,
      "f1": 0.6159420289855072,
      "count": 160
    },
    "Int": {
      "acc": 0.35517241379310344,
      "f1": 0.3886792452830189,
      "count": 290
    },
    "List": {
      "acc": 0.3778013256584685,
      "f1": 0.41445369307309604,
      "count": 147
    },
    "None": {
      "acc": 0.7090163934426229,
      "f1": 0.0,
      "count": 244
    },
    "Str": {
      "acc": 0.6138285626655695,
      "f1": 0.6657576601578844,
      "count": 250
    }
  },
  "sample_count": 1091,
  "completed_count": 1091,
  "failed_count": 0
}