{
  "overall_acc": 0.5391778566697393,
  "overall_f1": 0.5207333718772161,
  "breakdowns": {
    "single_page": {
      "acc": 0.6272261907155207,
      "f1": 0.6690532027771077,
      "count": 320
    },
    "cross_page": {
      "acc": 0.29301211666553,
      "f1": 0.3359872271098078,
      "count": 215
    },
    "unanswerable": {
      "acc": 0.7205882352941176,
      "f1": 0.0,
      "count": 136
    }
  },
  "evidence_source_breakdowns": {
    "Chart": {
      "acc": 0.5075757575757576,
      "f1": 0.5469387755102041,
      "count": 132
    },
    "Figure": {
      "acc": 0.4351365301365301,
      "f1": 0.48568228872576696,
      "count": 182
    },
    "Generalized-text (Layout)": {
      "acc": 0.42790760260148014,
      "f1": 0.4748730711796914,
      "count": 91
    },
    "Pure-text (Plain-text)": {
      "acc": 0.4435161360937852,
      "f1": 0.4834474553360003,
      "count": 186
    },
    "Table": {
      "acc": 0.48989898989898994,
      "f1": 0.5403791610688162,
      "count": 114
    }
  },
  "document_type_breakdowns": {
    "Academic paper": {
      "acc": 0.5149147727272727,
      "f1": 0.49903288201160534,
      "count": 128
    },
    "Administration/Industry file": {
      "acc": 0.5567342321544002,
      "f1": 0.5172883968402175,
      "count": 52
    },
    "Brochure": {
      "acc": 0.4656565656565656,
      "f1": 0.4747474747474747,
      "count": 60
    },
    "Financial report": {
      "acc": 0.6758064516129032,
      "f1": 0.718,
      "count": 31
    },
    "Guidebook": {
      "acc": 0.4796774193548387,
      "f1": 0.46890097524381097,
      "count": 107
    },
    "Research report / Introduction": {
      "acc": 0.5556123318003747,
      "f1": 0.5129545718601138,
      "count": 206
    },
    "Tutorial/Workshop": {
      "acc": 0.6021140819964349,
      "f1": 0.5936317722681359,
      "count": 85
    }
  },
  "answer_format_breakdowns": {
    "Float": {
      "acc": 0.6375,
      "f1": 0.6938775510204082,
      "count": 80
    },
    "Int": {
      "acc": 0.35978835978835977,
      "f1": 0.39766081871345027,
      "count": 189
    },
    "List": {
      "acc": 0.4241501976284585,
      "f1": 0.4537420718816068,
      "count": 92
    },
    "None": {
      "acc": 0.7205882352941176,
      "f1": 0.0,
      "count": 136
    },
    "Str": {
      "acc": 0.6086521391292871,
      "f1": 0.6754075350337895,
      "count": 172
    }
  },
  "sample_count": 1091,
  "completed_count": 669,
  "failed_count": 422
}