{
  "overall_acc": 0.5349525100953656,
  "overall_f1": 0.49407570288358255,
  "breakdowns": {
    "single_page": {
      "acc": 0.5987011235308941,
      "f1": 0.6417449951572983,
      "count": 82
    },
    "cross_page": {
      "acc": 0.3016350411132195,
      "f1": 0.3171832391087462,
      "count": 51
    },
    "unanswerable": {
      "acc": 0.7105263157894737,
      "f1": 0.0,
      "count": 38
    }
  },
  "evidence_source_breakdowns": {
    "Chart": {
      "acc": 0.4857142857142857,
      "f1": 0.53125,
      "count": 35
    },
    "Figure": {
      "acc": 0.40453502415458936,
      "f1": 0.42833120204603575,
      "count": 36
    },
    "Generalized-text (Layout)": {
      "acc": 0.6431697054698456,
      "f1": 0.6646086956521737,
      "count": 31
    },
    "Pure-text (Plain-text)": {
      "acc": 0.5354109362118515,
      "f1": 0.5323733043261041,
      "count": 45
    },
    "Table": {
      "acc": 0.4838709677419355,
      "f1": 0.5,
      "count": 31
    }
  },
  "document_type_breakdowns": {
    "Academic paper": {
      "acc": 0.5799438990182328,
      "f1": 0.5097132284921368,
      "count": 31
    },
    "Administration/Industry file": {
      "acc": 0.3,
      "f1": 0.26666666666666666,
      "count": 10
    },
    "Brochure": {
      "acc": 0.6,
      "f1": 0.6250000000000001,
      "count": 10
    },
    "Guidebook": {
      "acc": 0.5086693548387097,
      "f1": 0.3982830385015609,
      "count": 20
    },
    "Research report / Introduction": {
      "acc": 0.559712534347918,
      "f1": 0.5242690058479533,
      "count": 83
    },
    "Tutorial/Workshop": {
      "acc": 0.46288770053475936,
      "f1": 0.4918181818181818,
      "count": 17
    }
  },
  "answer_format_breakdowns": {
    "Float": {
      "acc": 0.5882352941176471,
      "f1": 0.6666666666666667,
      "count": 17
    },
    "Int": {
      "acc": 0.32608695652173914,
      "f1": 0.3529411764705882,
      "count": 46
    },
    "List": {
      "acc": 0.3466666666666666,
      "f1": 0.35374149659863946,
      "count": 25
    },
    "None": {
      "acc": 0.7105263157894737,
      "f1": 0.0,
      "count": 38
    },
    "Str": {
      "acc": 0.6846713902142411,
      "f1": 0.7165165711544382,
      "count": 45
    }
  },
  "sample_count": 1091,
  "completed_count": 171,
  "failed_count": 920
}