{
  "overall_acc": 0.538828282859728,
  "overall_f1": 0.501967264936965,
  "breakdowns": {
    "single_page": {
      "acc": 0.5982913874462856,
      "f1": 0.6399351930202227,
      "count": 485
    },
    "cross_page": {
      "acc": 0.3210638733849319,
      "f1": 0.36021800428553336,
      "count": 368
    },
    "unanswerable": {
      "acc": 0.7622950819672131,
      "f1": 0.0,
      "count": 244
    }
  },
  "evidence_source_breakdowns": {
    "Chart": {
      "acc": 0.498839518783339,
      "f1": 0.5365162195977905,
      "count": 178
    },
    "Figure": {
      "acc": 0.3772636309641011,
      "f1": 0.4225471272003207,
      "count": 293
    },
    "Generalized-text (Layout)": {
      "acc": 0.41850135127942806,
      "f1": 0.4518672296504808,
      "count": 119
    },
    "Pure-text (Plain-text)": {
      "acc": 0.48408463617326275,
      "f1": 0.5199137181046678,
      "count": 298
    },
    "Table": {
      "acc": 0.47596664472240513,
      "f1": 0.5245372405372405,
      "count": 217
    }
  },
  "document_type_breakdowns": {
    "Academic paper": {
      "acc": 0.48677591185331126,
      "f1": 0.4231739369689508,
      "count": 204
    },
    "Administration/Industry file": {
      "acc": 0.5470544446734923,
      "f1": 0.4969083609598833,
      "count": 81
    },
    "Brochure": {
      "acc": 0.4849182592677872,
      "f1": 0.4456316781898177,
      "count": 101
    },
    "Financial report": {
      "acc": 0.5599137931034484,
      "f1": 0.6077319587628868,
      "count": 116
    },
    "Guidebook": {
      "acc": 0.5439438831777541,
      "f1": 0.48781874039938566,
      "count": 156
    },
    "Research report / Introduction": {
      "acc": 0.553893125615777,
      "f1": 0.4905117956679063,
      "count": 293
    },
    "Tutorial/Workshop": {
      "acc": 0.5945068813904772,
      "f1": 0.5926582357045802,
      "count": 139
    }
  },
  "answer_format_breakdowns": {
    "Float": {
      "acc": 0.5723270440251572,
      "f1": 0.6363636363636364,
      "count": 159
    },
    "Int": {
      "acc": 0.3793103448275862,
      "f1": 0.41044776119402987,
      "count": 290
    },
    "List": {
      "acc": 0.3546694404746891,
      "f1": 0.3905348895114554,
      "count": 147
    },
    "None": {
      "acc": 0.7622950819672131,
      "f1": 0.0,
      "count": 244
    },
    "Str": {
      "acc": 0.5927456822692968,
      "f1": 0.6556921264040895,
      "count": 250
    }
  },
  "sample_count": 1091,
  "completed_count": 1090,
  "failed_count": 1
}