{
  "overall_acc": 0.507543994964909,
  "overall_f1": 0.4804925122656943,
  "breakdowns": {
    "single_page": {
      "acc": 0.5816451900347026,
      "f1": 0.6309428803578234,
      "count": 482
    },
    "cross_page": {
      "acc": 0.2911166129023557,
      "f1": 0.33077336512434846,
      "count": 367
    },
    "unanswerable": {
      "acc": 0.6885245901639344,
      "f1": 0.0,
      "count": 244
    }
  },
  "evidence_source_breakdowns": {
    "Chart": {
      "acc": 0.44260299625468164,
      "f1": 0.481855249745158,
      "count": 178
    },
    "Figure": {
      "acc": 0.39366667651650583,
      "f1": 0.44102854560052995,
      "count": 293
    },
    "Generalized-text (Layout)": {
      "acc": 0.4025095256865064,
      "f1": 0.4397789262130347,
      "count": 118
    },
    "Pure-text (Plain-text)": {
      "acc": 0.43760741413478377,
      "f1": 0.47698245037416326,
      "count": 297
    },
    "Table": {
      "acc": 0.446132317295108,
      "f1": 0.5062317238317238,
      "count": 215
    }
  },
  "document_type_breakdowns": {
    "Academic paper": {
      "acc": 0.48263546798029555,
      "f1": 0.44577702702702704,
      "count": 203
    },
    "Administration/Industry file": {
      "acc": 0.527855586679116,
      "f1": 0.4881952781112445,
      "count": 81
    },
    "Brochure": {
      "acc": 0.45916138125440453,
      "f1": 0.4312991638573034,
      "count": 100
    },
    "Financial report": {
      "acc": 0.5069838056680163,
      "f1": 0.5790250447227192,
      "count": 114
    },
    "Guidebook": {
      "acc": 0.5523565815904526,
      "f1": 0.5277861993693911,
      "count": 156
    },
    "Research report / Introduction": {
      "acc": 0.4979599466958531,
      "f1": 0.4364187591353638,
      "count": 293
    },
    "Tutorial/Workshop": {
      "acc": 0.5372611002107405,
      "f1": 0.5134205908853795,
      "count": 139
    }
  },
  "answer_format_breakdowns": {
    "Float": {
      "acc": 0.5126582278481012,
      "f1": 0.6,
      "count": 158
    },
    "Int": {
      "acc": 0.3310344827586207,
      "f1": 0.3609022556390977,
      "count": 290
    },
    "List": {
      "acc": 0.41186595474187065,
      "f1": 0.4454254029060231,
      "count": 146
    },
    "None": {
      "acc": 0.6885245901639344,
      "f1": 0.0,
      "count": 244
    },
    "Str": {
      "acc": 0.588953020724105,
      "f1": 0.6535138663963224,
      "count": 248
    }
  },
  "sample_count": 1091,
  "completed_count": 1086,
  "failed_count": 5
}