{
  "overall_acc": 0.49683077773991324,
  "overall_f1": 0.46753686865968497,
  "breakdowns": {
    "single_page": {
      "acc": 0.567606956315162,
      "f1": 0.6197684092355663,
      "count": 485
    },
    "cross_page": {
      "acc": 0.2540731834726065,
      "f1": 0.3024290474238445,
      "count": 369
    },
    "unanswerable": {
      "acc": 0.7336065573770492,
      "f1": 0.0,
      "count": 244
    }
  },
  "evidence_source_breakdowns": {
    "Chart": {
      "acc": 0.4363715614103061,
      "f1": 0.47946998722860795,
      "count": 178
    },
    "Figure": {
      "acc": 0.38861291994842967,
      "f1": 0.44080948526795183,
      "count": 293
    },
    "Generalized-text (Layout)": {
      "acc": 0.41107439248991523,
      "f1": 0.45419765598388545,
      "count": 119
    },
    "Pure-text (Plain-text)": {
      "acc": 0.40094846510766097,
      "f1": 0.4450299709885607,
      "count": 298
    },
    "Table": {
      "acc": 0.38894515270662056,
      "f1": 0.46550024050024047,
      "count": 218
    }
  },
  "document_type_breakdowns": {
    "Academic paper": {
      "acc": 0.4836724017670309,
      "f1": 0.4323852895686544,
      "count": 204
    },
    "Administration/Industry file": {
      "acc": 0.5025473583059409,
      "f1": 0.47913445198034205,
      "count": 81
    },
    "Brochure": {
      "acc": 0.47061682912477293,
      "f1": 0.43492827229795955,
      "count": 101
    },
    "Financial report": {
      "acc": 0.42692307692307696,
      "f1": 0.4908571428571429,
      "count": 117
    },
    "Guidebook": {
      "acc": 0.5159615485780974,
      "f1": 0.49324445847273957,
      "count": 156
    },
    "Research report / Introduction": {
      "acc": 0.5023217688802446,
      "f1": 0.4359013914095584,
      "count": 293
    },
    "Tutorial/Workshop": {
      "acc": 0.557656783663978,
      "f1": 0.5434066627816627,
      "count": 139
    }
  },
  "answer_format_breakdowns": {
    "Float": {
      "acc": 0.475,
      "f1": 0.5671641791044776,
      "count": 160
    },
    "Int": {
      "acc": 0.3,
      "f1": 0.3372093023255814,
      "count": 290
    },
    "List": {
      "acc": 0.35066893424036283,
      "f1": 0.3950063856960409,
      "count": 147
    },
    "None": {
      "acc": 0.7336065573770492,
      "f1": 0.0,
      "count": 244
    },
    "Str": {
      "acc": 0.5939761807236482,
      "f1": 0.6704020098461041,
      "count": 250
    }
  },
  "sample_count": 1091,
  "completed_count": 1091,
  "failed_count": 0
}