{
  "overall_acc": 0.5236303488420311,
  "overall_f1": 0.4934840331918301,
  "breakdowns": {
    "single_page": {
      "acc": 0.5862252293105492,
      "f1": 0.6376156614332562,
      "count": 485
    },
    "cross_page": {
      "acc": 0.31696876523316964,
      "f1": 0.3533579286134126,
      "count": 369
    },
    "unanswerable": {
      "acc": 0.7213114754098361,
      "f1": 0.0,
      "count": 244
    }
  },
  "evidence_source_breakdowns": {
    "Chart": {
      "acc": 0.45818808694968927,
      "f1": 0.5003526348284951,
      "count": 178
    },
    "Figure": {
      "acc": 0.3906764130825564,
      "f1": 0.4334034259467786,
      "count": 293
    },
    "Generalized-text (Layout)": {
      "acc": 0.39234951123306466,
      "f1": 0.41917056730949265,
      "count": 119
    },
    "Pure-text (Plain-text)": {
      "acc": 0.45602324179103526,
      "f1": 0.49479818062851644,
      "count": 298
    },
    "Table": {
      "acc": 0.4706839032527106,
      "f1": 0.5264719736222326,
      "count": 218
    }
  },
  "document_type_breakdowns": {
    "Academic paper": {
      "acc": 0.46503220777517457,
      "f1": 0.418326944234609,
      "count": 204
    },
    "Administration/Industry file": {
      "acc": 0.5667674477198287,
      "f1": 0.5350920856147338,
      "count": 81
    },
    "Brochure": {
      "acc": 0.4752475247524752,
      "f1": 0.46052631578947373,
      "count": 101
    },
    "Financial report": {
      "acc": 0.5551282051282052,
      "f1": 0.6068062827225131,
      "count": 117
    },
    "Guidebook": {
      "acc": 0.5337862955157475,
      "f1": 0.5023742289513738,
      "count": 156
    },
    "Research report / Introduction": {
      "acc": 0.5201574756002635,
      "f1": 0.44917022285443337,
      "count": 293
    },
    "Tutorial/Workshop": {
      "acc": 0.5890588092365494,
      "f1": 0.570277852227432,
      "count": 139
    }
  },
  "answer_format_breakdowns": {
    "Float": {
      "acc": 0.53125,
      "f1": 0.5964912280701754,
      "count": 160
    },
    "Int": {
      "acc": 0.3413793103448276,
      "f1": 0.37218045112781956,
      "count": 290
    },
    "List": {
      "acc": 0.38341670001333866,
      "f1": 0.42537550869404367,
      "count": 147
    },
    "None": {
      "acc": 0.7213114754098361,
      "f1": 0.0,
      "count": 244
    },
    "Str": {
      "acc": 0.6196738227387805,
      "f1": 0.6854798924101554,
      "count": 250
    }
  },
  "sample_count": 1091,
  "completed_count": 1091,
  "failed_count": 0
}