{
  "overall_acc": 0.5297101816035661,
  "overall_f1": 0.4980393178362059,
  "breakdowns": {
    "single_page": {
      "acc": 0.6178925570279847,
      "f1": 0.6591844372940825,
      "count": 485
    },
    "cross_page": {
      "acc": 0.29874232512443893,
      "f1": 0.3335428682932465,
      "count": 369
    },
    "unanswerable": {
      "acc": 0.7172131147540983,
      "f1": 0.0,
      "count": 244
    }
  },
  "evidence_source_breakdowns": {
    "Chart": {
      "acc": 0.4491573033707865,
      "f1": 0.48308157099697885,
      "count": 178
    },
    "Figure": {
      "acc": 0.4119707558274111,
      "f1": 0.448409262694977,
      "count": 293
    },
    "Generalized-text (Layout)": {
      "acc": 0.42833990739152805,
      "f1": 0.4502022430593859,
      "count": 119
    },
    "Pure-text (Plain-text)": {
      "acc": 0.4826572866288959,
      "f1": 0.5134404180690844,
      "count": 298
    },
    "Table": {
      "acc": 0.4786839307481509,
      "f1": 0.5439636679110362,
      "count": 218
    }
  },
  "document_type_breakdowns": {
    "Academic paper": {
      "acc": 0.5184054915672562,
      "f1": 0.4774633352758352,
      "count": 204
    },
    "Administration/Industry file": {
      "acc": 0.6408415217939027,
      "f1": 0.6079400510204082,
      "count": 81
    },
    "Brochure": {
      "acc": 0.4552152889707575,
      "f1": 0.4355992844364937,
      "count": 101
    },
    "Financial report": {
      "acc": 0.5123931623931625,
      "f1": 0.5755434782608696,
      "count": 117
    },
    "Guidebook": {
      "acc": 0.5196577851372373,
      "f1": 0.4919535731155949,
      "count": 156
    },
    "Research report / Introduction": {
      "acc": 0.526959035814793,
      "f1": 0.4512028864431611,
      "count": 293
    },
    "Tutorial/Workshop": {
      "acc": 0.5673278303832684,
      "f1": 0.535727485400688,
      "count": 139
    }
  },
  "answer_format_breakdowns": {
    "Float": {
      "acc": 0.50625,
      "f1": 0.5912408759124088,
      "count": 160
    },
    "Int": {
      "acc": 0.35517241379310344,
      "f1": 0.3807763401109057,
      "count": 290
    },
    "List": {
      "acc": 0.41464634338583917,
      "f1": 0.44329463620158804,
      "count": 147
    },
    "None": {
      "acc": 0.7172131147540983,
      "f1": 0.0,
      "count": 244
    },
    "Str": {
      "acc": 0.6318431826070888,
      "f1": 0.6882823339946501,
      "count": 250
    }
  },
  "sample_count": 1091,
  "completed_count": 1091,
  "failed_count": 0
}