{
  "overall_acc": 0.4875345500798878,
  "overall_f1": 0.4571246038046082,
  "breakdowns": {
    "single_page": {
      "acc": 0.5529797253345288,
      "f1": 0.6092480712667743,
      "count": 485
    },
    "cross_page": {
      "acc": 0.2431030551488105,
      "f1": 0.29077804651510886,
      "count": 369
    },
    "unanswerable": {
      "acc": 0.7336065573770492,
      "f1": 0.0,
      "count": 244
    }
  },
  "evidence_source_breakdowns": {
    "Chart": {
      "acc": 0.4314812277336256,
      "f1": 0.48456566900053855,
      "count": 178
    },
    "Figure": {
      "acc": 0.35028328937701714,
      "f1": 0.3945861536137268,
      "count": 293
    },
    "Generalized-text (Layout)": {
      "acc": 0.3413499445712128,
      "f1": 0.3887142909471228,
      "count": 119
    },
    "Pure-text (Plain-text)": {
      "acc": 0.4058834779765513,
      "f1": 0.4511800639572462,
      "count": 298
    },
    "Table": {
      "acc": 0.389038713579998,
      "f1": 0.46432376487778154,
      "count": 218
    }
  },
  "document_type_breakdowns": {
    "Academic paper": {
      "acc": 0.47741008822917563,
      "f1": 0.4293504264614105,
      "count": 204
    },
    "Administration/Industry file": {
      "acc": 0.5744946557434343,
      "f1": 0.5708110266978211,
      "count": 81
    },
    "Brochure": {
      "acc": 0.44386537349140476,
      "f1": 0.4058558193555358,
      "count": 101
    },
    "Financial report": {
      "acc": 0.3572320841551611,
      "f1": 0.4303643724696356,
      "count": 117
    },
    "Guidebook": {
      "acc": 0.4673455140749661,
      "f1": 0.42448778457642267,
      "count": 156
    },
    "Research report / Introduction": {
      "acc": 0.5055253619404492,
      "f1": 0.43275844748015885,
      "count": 293
    },
    "Tutorial/Workshop": {
      "acc": 0.5778638935982411,
      "f1": 0.5637671141136029,
      "count": 139
    }
  },
  "answer_format_breakdowns": {
    "Float": {
      "acc": 0.425,
      "f1": 0.5190839694656489,
      "count": 160
    },
    "Int": {
      "acc": 0.3103448275862069,
      "f1": 0.3488372093023256,
      "count": 290
    },
    "List": {
      "acc": 0.3483674079564529,
      "f1": 0.38942972600455195,
      "count": 147
    },
    "None": {
      "acc": 0.7336065573770492,
      "f1": 0.0,
      "count": 244
    },
    "Str": {
      "acc": 0.574760740670236,
      "f1": 0.6561195669751553,
      "count": 250
    }
  },
  "sample_count": 1091,
  "completed_count": 1091,
  "failed_count": 0
}