{
  "overall_acc": 0.506788515745329,
  "overall_f1": 0.4816431077712629,
  "breakdowns": {
    "single_page": {
      "acc": 0.582744187850166,
      "f1": 0.630857311533251,
      "count": 485
    },
    "cross_page": {
      "acc": 0.28800905032743485,
      "f1": 0.3321104361588233,
      "count": 369
    },
    "unanswerable": {
      "acc": 0.6967213114754098,
      "f1": 0.0,
      "count": 244
    }
  },
  "evidence_source_breakdowns": {
    "Chart": {
      "acc": 0.47097378277153557,
      "f1": 0.5111788617886179,
      "count": 178
    },
    "Figure": {
      "acc": 0.3911813854312741,
      "f1": 0.4343040697718417,
      "count": 293
    },
    "Generalized-text (Layout)": {
      "acc": 0.38425183738091506,
      "f1": 0.417999706993728,
      "count": 119
    },
    "Pure-text (Plain-text)": {
      "acc": 0.4367856325213928,
      "f1": 0.47571692908572816,
      "count": 298
    },
    "Table": {
      "acc": 0.4497001469478534,
      "f1": 0.5175180375180376,
      "count": 218
    }
  },
  "document_type_breakdowns": {
    "Academic paper": {
      "acc": 0.49237677284352477,
      "f1": 0.448373580636601,
      "count": 204
    },
    "Administration/Industry file": {
      "acc": 0.5463382884017804,
      "f1": 0.5202161509765197,
      "count": 81
    },
    "Brochure": {
      "acc": 0.41453979284971687,
      "f1": 0.3874969003734417,
      "count": 101
    },
    "Financial report": {
      "acc": 0.47739112739112743,
      "f1": 0.5448607858443925,
      "count": 117
    },
    "Guidebook": {
      "acc": 0.5257433337272047,
      "f1": 0.5044099150550763,
      "count": 156
    },
    "Research report / Introduction": {
      "acc": 0.5197592958505478,
      "f1": 0.460688758934373,
      "count": 293
    },
    "Tutorial/Workshop": {
      "acc": 0.5480524671172153,
      "f1": 0.5299933295216314,
      "count": 139
    }
  },
  "answer_format_breakdowns": {
    "Float": {
      "acc": 0.50625,
      "f1": 0.5977859778597786,
      "count": 160
    },
    "Int": {
      "acc": 0.33448275862068966,
      "f1": 0.3688212927756654,
      "count": 290
    },
    "List": {
      "acc": 0.35248372942250494,
      "f1": 0.38812815149893803,
      "count": 147
    },
    "None": {
      "acc": 0.6967213114754098,
      "f1": 0.0,
      "count": 244
    },
    "Str": {
      "acc": 0.612364649812183,
      "f1": 0.677394524128521,
      "count": 250
    }
  },
  "sample_count": 1091,
  "completed_count": 1091,
  "failed_count": 0
}