{
  "overall_acc": 0.4895361198998366,
  "overall_f1": 0.4574727478174699,
  "breakdowns": {
    "single_page": {
      "acc": 0.5586908355704181,
      "f1": 0.6138722215154715,
      "count": 485
    },
    "cross_page": {
      "acc": 0.24422452997037655,
      "f1": 0.2888424729457338,
      "count": 369
    },
    "unanswerable": {
      "acc": 0.7377049180327869,
      "f1": 0.0,
      "count": 244
    }
  },
  "evidence_source_breakdowns": {
    "Chart": {
      "acc": 0.42696629213483145,
      "f1": 0.47352024922118385,
      "count": 178
    },
    "Figure": {
      "acc": 0.3897441707688035,
      "f1": 0.43605898837356644,
      "count": 293
    },
    "Generalized-text (Layout)": {
      "acc": 0.4024591202940804,
      "f1": 0.45306894024150307,
      "count": 119
    },
    "Pure-text (Plain-text)": {
      "acc": 0.4429806951440241,
      "f1": 0.4827902189767018,
      "count": 298
    },
    "Table": {
      "acc": 0.36986079669565913,
      "f1": 0.45297558246996455,
      "count": 218
    }
  },
  "document_type_breakdowns": {
    "Academic paper": {
      "acc": 0.4677555607223126,
      "f1": 0.4265425999121651,
      "count": 204
    },
    "Administration/Industry file": {
      "acc": 0.47460241111034757,
      "f1": 0.42996415121850656,
      "count": 81
    },
    "Brochure": {
      "acc": 0.4217821782178218,
      "f1": 0.4028169014084507,
      "count": 101
    },
    "Financial report": {
      "acc": 0.37564102564102564,
      "f1": 0.4384146341463415,
      "count": 117
    },
    "Guidebook": {
      "acc": 0.5274981392275914,
      "f1": 0.4981390240664092,
      "count": 156
    },
    "Research report / Introduction": {
      "acc": 0.5201574756002635,
      "f1": 0.45090344314651964,
      "count": 293
    },
    "Tutorial/Workshop": {
      "acc": 0.5681519931874125,
      "f1": 0.5389522260102974,
      "count": 139
    }
  },
  "answer_format_breakdowns": {
    "Float": {
      "acc": 0.3875,
      "f1": 0.4769230769230769,
      "count": 160
    },
    "Int": {
      "acc": 0.31724137931034485,
      "f1": 0.35658914728682173,
      "count": 290
    },
    "List": {
      "acc": 0.36984329963869605,
      "f1": 0.4103167173350062,
      "count": 147
    },
    "None": {
      "acc": 0.7377049180327869,
      "f1": 0.0,
      "count": 244
    },
    "Str": {
      "acc": 0.5828677670553335,
      "f1": 0.6578642969021823,
      "count": 250
    }
  },
  "sample_count": 1091,
  "completed_count": 1091,
  "failed_count": 0
}