{
  "overall_acc": 0.5131554191778674,
  "overall_f1": 0.4834415142607724,
  "breakdowns": {
    "single_page": {
      "acc": 0.5876827110752676,
      "f1": 0.6341502610716018,
      "count": 485
    },
    "cross_page": {
      "acc": 0.2840825134188308,
      "f1": 0.32707159891278803,
      "count": 369
    },
    "unanswerable": {
      "acc": 0.7213114754098361,
      "f1": 0.0,
      "count": 244
    }
  },
  "evidence_source_breakdowns": {
    "Chart": {
      "acc": 0.4435393258426966,
      "f1": 0.4934375,
      "count": 178
    },
    "Figure": {
      "acc": 0.3988145830937788,
      "f1": 0.43789489556337385,
      "count": 293
    },
    "Generalized-text (Layout)": {
      "acc": 0.4334507849073473,
      "f1": 0.4727162934950872,
      "count": 119
    },
    "Pure-text (Plain-text)": {
      "acc": 0.44373190702334386,
      "f1": 0.4837722748781616,
      "count": 298
    },
    "Table": {
      "acc": 0.42229139362166884,
      "f1": 0.4883794366552987,
      "count": 218
    }
  },
  "document_type_breakdowns": {
    "Academic paper": {
      "acc": 0.5023889793071379,
      "f1": 0.4665779072186394,
      "count": 204
    },
    "Administration/Industry file": {
      "acc": 0.5403124212648022,
      "f1": 0.49608843537414965,
      "count": 81
    },
    "Brochure": {
      "acc": 0.44494449444944495,
      "f1": 0.40733869305297876,
      "count": 101
    },
    "Financial report": {
      "acc": 0.48593813593813595,
      "f1": 0.5497812097812098,
      "count": 117
    },
    "Guidebook": {
      "acc": 0.5340743284493285,
      "f1": 0.4895185419300464,
      "count": 156
    },
    "Research report / Introduction": {
      "acc": 0.5157642697902786,
      "f1": 0.4587139460519784,
      "count": 293
    },
    "Tutorial/Workshop": {
      "acc": 0.5566274984974502,
      "f1": 0.5330705232068088,
      "count": 139
    }
  },
  "answer_format_breakdowns": {
    "Float": {
      "acc": 0.5375,
      "f1": 0.618705035971223,
      "count": 160
    },
    "Int": {
      "acc": 0.32068965517241377,
      "f1": 0.35361216730038025,
      "count": 290
    },
    "List": {
      "acc": 0.34098900306252006,
      "f1": 0.376882582332259,
      "count": 147
    },
    "None": {
      "acc": 0.7213114754098361,
      "f1": 0.0,
      "count": 244
    },
    "Str": {
      "acc": 0.6189087154914517,
      "f1": 0.6876763505460574,
      "count": 250
    }
  },
  "sample_count": 1091,
  "completed_count": 1091,
  "failed_count": 0
}