{
  "overall_acc": 0.49714846186547595,
  "overall_f1": 0.473812182501909,
  "breakdowns": {
    "single_page": {
      "acc": 0.5709115817997849,
      "f1": 0.6248953106641192,
      "count": 485
    },
    "cross_page": {
      "acc": 0.2642191184887225,
      "f1": 0.315014070185262,
      "count": 369
    },
    "unanswerable": {
      "acc": 0.7131147540983607,
      "f1": 0.0,
      "count": 244
    }
  },
  "evidence_source_breakdowns": {
    "Chart": {
      "acc": 0.4435393258426966,
      "f1": 0.4919003115264798,
      "count": 178
    },
    "Figure": {
      "acc": 0.3749884872761805,
      "f1": 0.4266332406064706,
      "count": 293
    },
    "Generalized-text (Layout)": {
      "acc": 0.3776436288801235,
      "f1": 0.4300439410213846,
      "count": 119
    },
    "Pure-text (Plain-text)": {
      "acc": 0.4286360619862012,
      "f1": 0.4757114204336743,
      "count": 298
    },
    "Table": {
      "acc": 0.3892430199769649,
      "f1": 0.46495878550673075,
      "count": 218
    }
  },
  "document_type_breakdowns": {
    "Academic paper": {
      "acc": 0.47879836426549227,
      "f1": 0.43741039936283993,
      "count": 204
    },
    "Administration/Industry file": {
      "acc": 0.5523709914629074,
      "f1": 0.5457008384749249,
      "count": 81
    },
    "Brochure": {
      "acc": 0.46511627906976744,
      "f1": 0.45357083951839017,
      "count": 101
    },
    "Financial report": {
      "acc": 0.4004680504680505,
      "f1": 0.46532648987738817,
      "count": 117
    },
    "Guidebook": {
      "acc": 0.506721660955532,
      "f1": 0.471027865240389,
      "count": 156
    },
    "Research report / Introduction": {
      "acc": 0.4896114005149393,
      "f1": 0.43044350535706666,
      "count": 293
    },
    "Tutorial/Workshop": {
      "acc": 0.6016966167325879,
      "f1": 0.5881298565805607,
      "count": 139
    }
  },
  "answer_format_breakdowns": {
    "Float": {
      "acc": 0.4375,
      "f1": 0.532319391634981,
      "count": 160
    },
    "Int": {
      "acc": 0.32068965517241377,
      "f1": 0.3675889328063241,
      "count": 290
    },
    "List": {
      "acc": 0.33186161910651707,
      "f1": 0.365420659240884,
      "count": 147
    },
    "None": {
      "acc": 0.7131147540983607,
      "f1": 0.0,
      "count": 244
    },
    "Str": {
      "acc": 0.6264212555463049,
      "f1": 0.6975737812319655,
      "count": 250
    }
  },
  "sample_count": 1091,
  "completed_count": 1091,
  "failed_count": 0
}