{
  "overall_acc": 0.512076304148786,
  "overall_f1": 0.4817015038623045,
  "breakdowns": {
    "single_page": {
      "acc": 0.5842191619317265,
      "f1": 0.6334383073398806,
      "count": 485
    },
    "cross_page": {
      "acc": 0.2827342934673121,
      "f1": 0.32350063345562224,
      "count": 369
    },
    "unanswerable": {
      "acc": 0.7172131147540983,
      "f1": 0.0,
      "count": 244
    }
  },
  "evidence_source_breakdowns": {
    "Chart": {
      "acc": 0.449438202247191,
      "f1": 0.48632218844984804,
      "count": 178
    },
    "Figure": {
      "acc": 0.3958110111352432,
      "f1": 0.4443377242207652,
      "count": 293
    },
    "Generalized-text (Layout)": {
      "acc": 0.3776436288801235,
      "f1": 0.41452445128994986,
      "count": 119
    },
    "Pure-text (Plain-text)": {
      "acc": 0.4274157891387788,
      "f1": 0.45973448925513666,
      "count": 298
    },
    "Table": {
      "acc": 0.4621708566662695,
      "f1": 0.527794956366385,
      "count": 218
    }
  },
  "document_type_breakdowns": {
    "Academic paper": {
      "acc": 0.511352495543672,
      "f1": 0.48303769401330376,
      "count": 204
    },
    "Administration/Industry file": {
      "acc": 0.553771551686997,
      "f1": 0.4815402530104315,
      "count": 81
    },
    "Brochure": {
      "acc": 0.42514251425142513,
      "f1": 0.39373325087610805,
      "count": 101
    },
    "Financial report": {
      "acc": 0.47739112739112743,
      "f1": 0.5478545264259551,
      "count": 117
    },
    "Guidebook": {
      "acc": 0.5084966914805624,
      "f1": 0.4786386244138127,
      "count": 156
    },
    "Research report / Introduction": {
      "acc": 0.5169151547811509,
      "f1": 0.44396184636348146,
      "count": 293
    },
    "Tutorial/Workshop": {
      "acc": 0.575022035847258,
      "f1": 0.5600753549791483,
      "count": 139
    }
  },
  "answer_format_breakdowns": {
    "Float": {
      "acc": 0.5125,
      "f1": 0.5942028985507246,
      "count": 160
    },
    "Int": {
      "acc": 0.33793103448275863,
      "f1": 0.36981132075471695,
      "count": 290
    },
    "List": {
      "acc": 0.3672952817490633,
      "f1": 0.39994375123786885,
      "count": 147
    },
    "None": {
      "acc": 0.7172131147540983,
      "f1": 0.0,
      "count": 244
    },
    "Str": {
      "acc": 0.5987313656368527,
      "f1": 0.6682269705768445,
      "count": 250
    }
  },
  "sample_count": 1091,
  "completed_count": 1091,
  "failed_count": 0
}