{
  "overall_acc": 0.5305155841022875,
  "overall_f1": 0.5111704783886296,
  "breakdowns": {
    "single_page": {
      "acc": 0.6016005799059271,
      "f1": 0.646620701813697,
      "count": 485
    },
    "cross_page": {
      "acc": 0.3442174010873198,
      "f1": 0.3878357893167053,
      "count": 369
    },
    "unanswerable": {
      "acc": 0.6762295081967213,
      "f1": 0.0,
      "count": 244
    }
  },
  "evidence_source_breakdowns": {
    "Chart": {
      "acc": 0.48065995092341474,
      "f1": 0.5248924617445878,
      "count": 178
    },
    "Figure": {
      "acc": 0.4295094842786319,
      "f1": 0.4770729277422879,
      "count": 293
    },
    "Generalized-text (Layout)": {
      "acc": 0.4918695971284923,
      "f1": 0.5226114469490231,
      "count": 119
    },
    "Pure-text (Plain-text)": {
      "acc": 0.4527662695899704,
      "f1": 0.4987594222392806,
      "count": 298
    },
    "Table": {
      "acc": 0.47388429613200256,
      "f1": 0.5311402393664604,
      "count": 218
    }
  },
  "document_type_breakdowns": {
    "Academic paper": {
      "acc": 0.4885117653020466,
      "f1": 0.45124673623104816,
      "count": 204
    },
    "Administration/Industry file": {
      "acc": 0.5530856806307556,
      "f1": 0.5550378314897859,
      "count": 81
    },
    "Brochure": {
      "acc": 0.5247524752475248,
      "f1": 0.5324675324675324,
      "count": 101
    },
    "Financial report": {
      "acc": 0.4944851444851445,
      "f1": 0.5505704365079365,
      "count": 117
    },
    "Guidebook": {
      "acc": 0.5731910574205095,
      "f1": 0.538752675066662,
      "count": 156
    },
    "Research report / Introduction": {
      "acc": 0.5221611039316714,
      "f1": 0.4711211704422102,
      "count": 293
    },
    "Tutorial/Workshop": {
      "acc": 0.58324022797515,
      "f1": 0.5652669061104865,
      "count": 139
    }
  },
  "answer_format_breakdowns": {
    "Float": {
      "acc": 0.5125,
      "f1": 0.5836298932384341,
      "count": 160
    },
    "Int": {
      "acc": 0.3758620689655172,
      "f1": 0.41132075471698115,
      "count": 290
    },
    "List": {
      "acc": 0.4070637143746388,
      "f1": 0.44161155729204354,
      "count": 147
    },
    "None": {
      "acc": 0.6762295081967213,
      "f1": 0.0,
      "count": 244
    },
    "Str": {
      "acc": 0.651816544970095,
      "f1": 0.7115901145961736,
      "count": 250
    }
  },
  "sample_count": 1091,
  "completed_count": 1091,
  "failed_count": 0
}