{
  "overall_acc": 0.5239073666800174,
  "overall_f1": 0.49915665799872067,
  "breakdowns": {
    "single_page": {
      "acc": 0.6002721360657246,
      "f1": 0.6461999055708644,
      "count": 468
    },
    "cross_page": {
      "acc": 0.3053429496731027,
      "f1": 0.3502463246250296,
      "count": 351
    },
    "unanswerable": {
      "acc": 0.7016806722689075,
      "f1": 0.0,
      "count": 238
    }
  },
  "evidence_source_breakdowns": {
    "Chart": {
      "acc": 0.48440545808966856,
      "f1": 0.5309829059829059,
      "count": 171
    },
    "Figure": {
      "acc": 0.43305867935314574,
      "f1": 0.4795824694246019,
      "count": 286
    },
    "Generalized-text (Layout)": {
      "acc": 0.4049710811013714,
      "f1": 0.4407592231521903,
      "count": 117
    },
    "Pure-text (Plain-text)": {
      "acc": 0.43123732772921874,
      "f1": 0.4753059659534621,
      "count": 291
    },
    "Table": {
      "acc": 0.450987955938451,
      "f1": 0.5090371022574413,
      "count": 202
    }
  },
  "document_type_breakdowns": {
    "Academic paper": {
      "acc": 0.5049442048947977,
      "f1": 0.45970038371656907,
      "count": 198
    },
    "Administration/Industry file": {
      "acc": 0.5813676119798569,
      "f1": 0.5553441715669318,
      "count": 77
    },
    "Brochure": {
      "acc": 0.43410852713178294,
      "f1": 0.4263565891472868,
      "count": 99
    },
    "Financial report": {
      "acc": 0.4994897959183674,
      "f1": 0.5563291139240507,
      "count": 98
    },
    "Guidebook": {
      "acc": 0.5410095856524428,
      "f1": 0.5094708994708994,
      "count": 154
    },
    "Research report / Introduction": {
      "acc": 0.5085195871942233,
      "f1": 0.45586527080071226,
      "count": 287
    },
    "Tutorial/Workshop": {
      "acc": 0.6143878424900323,
      "f1": 0.5987785253188096,
      "count": 137
    }
  },
  "answer_format_breakdowns": {
    "Float": {
      "acc": 0.5314685314685315,
      "f1": 0.6229508196721312,
      "count": 143
    },
    "Int": {
      "acc": 0.3674911660777385,
      "f1": 0.4007707129094413,
      "count": 283
    },
    "List": {
      "acc": 0.3702526156014528,
      "f1": 0.41203209362651944,
      "count": 143
    },
    "None": {
      "acc": 0.7016806722689075,
      "f1": 0.0,
      "count": 238
    },
    "Str": {
      "acc": 0.617928440259302,
      "f1": 0.6763811305541008,
      "count": 243
    }
  },
  "sample_count": 1091,
  "completed_count": 1050,
  "failed_count": 41
}