{
  "overall_acc": 0.48845103859939876,
  "overall_f1": 0.47038472193838976,
  "breakdowns": {
    "single_page": {
      "acc": 0.5683373598146655,
      "f1": 0.6250430011780895,
      "count": 485
    },
    "cross_page": {
      "acc": 0.26085762493721193,
      "f1": 0.31150959094443753,
      "count": 369
    },
    "unanswerable": {
      "acc": 0.680327868852459,
      "f1": 0.0,
      "count": 244
    }
  },
  "evidence_source_breakdowns": {
    "Chart": {
      "acc": 0.42696629213483145,
      "f1": 0.47798742138364775,
      "count": 178
    },
    "Figure": {
      "acc": 0.37504707834328815,
      "f1": 0.42500514494864183,
      "count": 293
    },
    "Generalized-text (Layout)": {
      "acc": 0.42565110436406645,
      "f1": 0.47785359829550855,
      "count": 119
    },
    "Pure-text (Plain-text)": {
      "acc": 0.42146296325366384,
      "f1": 0.4710779806624681,
      "count": 298
    },
    "Table": {
      "acc": 0.40729377655983157,
      "f1": 0.490447169218119,
      "count": 218
    }
  },
  "document_type_breakdowns": {
    "Academic paper": {
      "acc": 0.4623651374425368,
      "f1": 0.45161223216143126,
      "count": 204
    },
    "Administration/Industry file": {
      "acc": 0.4910543828069602,
      "f1": 0.4764064801178204,
      "count": 81
    },
    "Brochure": {
      "acc": 0.46511627906976744,
      "f1": 0.4350577440278437,
      "count": 101
    },
    "Financial report": {
      "acc": 0.44065009065009064,
      "f1": 0.506318870523416,
      "count": 117
    },
    "Guidebook": {
      "acc": 0.508911244875885,
      "f1": 0.48562637679141135,
      "count": 156
    },
    "Research report / Introduction": {
      "acc": 0.5055253619404492,
      "f1": 0.44559465524275804,
      "count": 293
    },
    "Tutorial/Workshop": {
      "acc": 0.5234553958633519,
      "f1": 0.5166066040094897,
      "count": 139
    }
  },
  "answer_format_breakdowns": {
    "Float": {
      "acc": 0.48125,
      "f1": 0.5789473684210527,
      "count": 160
    },
    "Int": {
      "acc": 0.30689655172413793,
      "f1": 0.35317460317460325,
      "count": 290
    },
    "List": {
      "acc": 0.3377473137649301,
      "f1": 0.3719015365052039,
      "count": 147
    },
    "None": {
      "acc": 0.680327868852459,
      "f1": 0.0,
      "count": 244
    },
    "Str": {
      "acc": 0.6050049119539971,
      "f1": 0.6797807999483113,
      "count": 250
    }
  },
  "sample_count": 1091,
  "completed_count": 1091,
  "failed_count": 0
}