{
  "overall_acc": 0.5135487631477514,
  "overall_f1": 0.4894080057463376,
  "breakdowns": {
    "single_page": {
      "acc": 0.5931611461756047,
      "f1": 0.6386419929355365,
      "count": 485
    },
    "cross_page": {
      "acc": 0.29972505338490124,
      "f1": 0.34294122387295684,
      "count": 369
    },
    "unanswerable": {
      "acc": 0.6926229508196722,
      "f1": 0.0,
      "count": 244
    }
  },
  "evidence_source_breakdowns": {
    "Chart": {
      "acc": 0.4694025760482324,
      "f1": 0.5157633242999097,
      "count": 178
    },
    "Figure": {
      "acc": 0.4133016973545984,
      "f1": 0.4559745070459357,
      "count": 293
    },
    "Generalized-text (Layout)": {
      "acc": 0.45327388098096383,
      "f1": 0.48792250540769305,
      "count": 119
    },
    "Pure-text (Plain-text)": {
      "acc": 0.42589226073938397,
      "f1": 0.4576942507646429,
      "count": 298
    },
    "Table": {
      "acc": 0.43893950086610634,
      "f1": 0.5023279108159745,
      "count": 218
    }
  },
  "document_type_breakdowns": {
    "Academic paper": {
      "acc": 0.5059834773070067,
      "f1": 0.4737543706293706,
      "count": 204
    },
    "Administration/Industry file": {
      "acc": 0.4926933736457546,
      "f1": 0.45885973436993843,
      "count": 81
    },
    "Brochure": {
      "acc": 0.4737985993721323,
      "f1": 0.46783434277295793,
      "count": 101
    },
    "Financial report": {
      "acc": 0.4700854700854701,
      "f1": 0.5414364640883979,
      "count": 117
    },
    "Guidebook": {
      "acc": 0.5264293837882548,
      "f1": 0.4989097327980064,
      "count": 156
    },
    "Research report / Introduction": {
      "acc": 0.5066762469313215,
      "f1": 0.43851049191606467,
      "count": 293
    },
    "Tutorial/Workshop": {
      "acc": 0.6023030589915905,
      "f1": 0.5861693943909447,
      "count": 139
    }
  },
  "answer_format_breakdowns": {
    "Float": {
      "acc": 0.49375,
      "f1": 0.5745454545454546,
      "count": 160
    },
    "Int": {
      "acc": 0.35517241379310344,
      "f1": 0.3901515151515152,
      "count": 290
    },
    "List": {
      "acc": 0.37176548274987653,
      "f1": 0.40331753479137894,
      "count": 147
    },
    "None": {
      "acc": 0.6926229508196722,
      "f1": 0.0,
      "count": 244
    },
    "Str": {
      "acc": 0.61852869851986,
      "f1": 0.6872541094665111,
      "count": 250
    }
  },
  "sample_count": 1091,
  "completed_count": 1091,
  "failed_count": 0
}