{
  "overall_acc": 0.512828454145763,
  "overall_f1": 0.485437776548136,
  "breakdowns": {
    "single_page": {
      "acc": 0.5691469879143775,
      "f1": 0.6230719290539611,
      "count": 485
    },
    "cross_page": {
      "acc": 0.3047684399310416,
      "f1": 0.3492532743309141,
      "count": 369
    },
    "unanswerable": {
      "acc": 0.7213114754098361,
      "f1": 0.0,
      "count": 244
    }
  },
  "evidence_source_breakdowns": {
    "Chart": {
      "acc": 0.4098314606741573,
      "f1": 0.4617088607594937,
      "count": 178
    },
    "Figure": {
      "acc": 0.3937469224871699,
      "f1": 0.4346918695889392,
      "count": 293
    },
    "Generalized-text (Layout)": {
      "acc": 0.42833990739152805,
      "f1": 0.4831511751620079,
      "count": 119
    },
    "Pure-text (Plain-text)": {
      "acc": 0.44533369902211717,
      "f1": 0.4865121611755845,
      "count": 298
    },
    "Table": {
      "acc": 0.48287988769640144,
      "f1": 0.5473376142667481,
      "count": 218
    }
  },
  "document_type_breakdowns": {
    "Academic paper": {
      "acc": 0.4978506787330317,
      "f1": 0.460080971659919,
      "count": 204
    },
    "Administration/Industry file": {
      "acc": 0.5646406710832481,
      "f1": 0.5513634025038587,
      "count": 81
    },
    "Brochure": {
      "acc": 0.48514851485148514,
      "f1": 0.48684210526315785,
      "count": 101
    },
    "Financial report": {
      "acc": 0.5294871794871795,
      "f1": 0.5845744680851064,
      "count": 117
    },
    "Guidebook": {
      "acc": 0.5236805521024979,
      "f1": 0.4751696117521209,
      "count": 156
    },
    "Research report / Introduction": {
      "acc": 0.4929999914461923,
      "f1": 0.42543575563594127,
      "count": 293
    },
    "Tutorial/Workshop": {
      "acc": 0.5403255182159847,
      "f1": 0.5155849226409892,
      "count": 139
    }
  },
  "answer_format_breakdowns": {
    "Float": {
      "acc": 0.475,
      "f1": 0.5629629629629629,
      "count": 160
    },
    "Int": {
      "acc": 0.32068965517241377,
      "f1": 0.35564053537284895,
      "count": 290
    },
    "List": {
      "acc": 0.3769541149793251,
      "f1": 0.4166334955034646,
      "count": 147
    },
    "None": {
      "acc": 0.7213114754098361,
      "f1": 0.0,
      "count": 244
    },
    "Str": {
      "acc": 0.6363343542842667,
      "f1": 0.7023557994307579,
      "count": 250
    }
  },
  "sample_count": 1091,
  "completed_count": 1091,
  "failed_count": 0
}