{
  "overall_acc": 0.4795398782880789,
  "overall_f1": 0.45519790560459455,
  "breakdowns": {
    "single_page": {
      "acc": 0.5576123435832709,
      "f1": 0.6193020764353311,
      "count": 485
    },
    "cross_page": {
      "acc": 0.22150683082495304,
      "f1": 0.27200006846724684,
      "count": 369
    },
    "unanswerable": {
      "acc": 0.7254098360655737,
      "f1": 0.0,
      "count": 244
    }
  },
  "evidence_source_breakdowns": {
    "Chart": {
      "acc": 0.4372659176029962,
      "f1": 0.5087145969498911,
      "count": 178
    },
    "Figure": {
      "acc": 0.36560642569249185,
      "f1": 0.41816338444939805,
      "count": 293
    },
    "Generalized-text (Layout)": {
      "acc": 0.3817548385813953,
      "f1": 0.42515622766685207,
      "count": 119
    },
    "Pure-text (Plain-text)": {
      "acc": 0.39421220642280025,
      "f1": 0.4459009500559779,
      "count": 298
    },
    "Table": {
      "acc": 0.3768219548036062,
      "f1": 0.45333623545914054,
      "count": 218
    }
  },
  "document_type_breakdowns": {
    "Academic paper": {
      "acc": 0.4699713460263332,
      "f1": 0.42817566974088717,
      "count": 204
    },
    "Administration/Industry file": {
      "acc": 0.5403124212648022,
      "f1": 0.529421768707483,
      "count": 81
    },
    "Brochure": {
      "acc": 0.4354133087727377,
      "f1": 0.41101764802902857,
      "count": 101
    },
    "Financial report": {
      "acc": 0.3927350427350428,
      "f1": 0.46646706586826353,
      "count": 117
    },
    "Guidebook": {
      "acc": 0.503731695098244,
      "f1": 0.46193739210343426,
      "count": 156
    },
    "Research report / Introduction": {
      "acc": 0.48901819394903645,
      "f1": 0.43332817905947385,
      "count": 293
    },
    "Tutorial/Workshop": {
      "acc": 0.5161678205182225,
      "f1": 0.502355495733647,
      "count": 139
    }
  },
  "answer_format_breakdowns": {
    "Float": {
      "acc": 0.43125,
      "f1": 0.5348837209302325,
      "count": 160
    },
    "Int": {
      "acc": 0.2827586206896552,
      "f1": 0.33131313131313134,
      "count": 290
    },
    "List": {
      "acc": 0.32940770824924487,
      "f1": 0.3797877106873646,
      "count": 147
    },
    "None": {
      "acc": 0.7254098360655737,
      "f1": 0.0,
      "count": 244
    },
    "Str": {
      "acc": 0.5870202963986205,
      "f1": 0.6580945026890365,
      "count": 250
    }
  },
  "sample_count": 1091,
  "completed_count": 1091,
  "failed_count": 0
}