{
  "overall_acc": 0.5000641225192081,
  "overall_f1": 0.4745035665613908,
  "breakdowns": {
    "single_page": {
      "acc": 0.5868985264922487,
      "f1": 0.634332547370743,
      "count": 483
    },
    "cross_page": {
      "acc": 0.2645710753067701,
      "f1": 0.3072708374607109,
      "count": 367
    },
    "unanswerable": {
      "acc": 0.6900826446280992,
      "f1": 0.0,
      "count": 242
    }
  },
  "evidence_source_breakdowns": {
    "Chart": {
      "acc": 0.47752808988764045,
      "f1": 0.53125,
      "count": 178
    },
    "Figure": {
      "acc": 0.39036571786601276,
      "f1": 0.4359235308555066,
      "count": 291
    },
    "Generalized-text (Layout)": {
      "acc": 0.41886968451977064,
      "f1": 0.44404993143502464,
      "count": 119
    },
    "Pure-text (Plain-text)": {
      "acc": 0.41027516608346526,
      "f1": 0.44744747736707635,
      "count": 296
    },
    "Table": {
      "acc": 0.42874099786542186,
      "f1": 0.48955742838721567,
      "count": 217
    }
  },
  "document_type_breakdowns": {
    "Academic paper": {
      "acc": 0.46743630884827614,
      "f1": 0.43059517671994046,
      "count": 202
    },
    "Administration/Industry file": {
      "acc": 0.5238520408163265,
      "f1": 0.48674272858749795,
      "count": 80
    },
    "Brochure": {
      "acc": 0.4453142988717476,
      "f1": 0.4050911376492772,
      "count": 101
    },
    "Financial report": {
      "acc": 0.455644499178982,
      "f1": 0.5264579989299091,
      "count": 116
    },
    "Guidebook": {
      "acc": 0.5047619047619047,
      "f1": 0.4757727652464495,
      "count": 155
    },
    "Research report / Introduction": {
      "acc": 0.5255102653895012,
      "f1": 0.47305338589191426,
      "count": 292
    },
    "Tutorial/Workshop": {
      "acc": 0.5519473126478048,
      "f1": 0.5300997799817279,
      "count": 139
    }
  },
  "answer_format_breakdowns": {
    "Float": {
      "acc": 0.5220125786163522,
      "f1": 0.6217228464419475,
      "count": 159
    },
    "Int": {
      "acc": 0.3402777777777778,
      "f1": 0.37191650853889946,
      "count": 288
    },
    "List": {
      "acc": 0.29046803652968034,
      "f1": 0.32006289308176095,
      "count": 146
    },
    "None": {
      "acc": 0.6900826446280992,
      "f1": 0.0,
      "count": 242
    },
    "Str": {
      "acc": 0.6086449584000297,
      "f1": 0.6777783501113918,
      "count": 250
    }
  },
  "sample_count": 1091,
  "completed_count": 1085,
  "failed_count": 6
}