{
  "overall_acc": 0.4976656290908832,
  "overall_f1": 0.4697548573991518,
  "breakdowns": {
    "single_page": {
      "acc": 0.5651513492845136,
      "f1": 0.6234846614023002,
      "count": 485
    },
    "cross_page": {
      "acc": 0.24350893478364372,
      "f1": 0.29655048493453634,
      "count": 369
    },
    "unanswerable": {
      "acc": 0.7581967213114754,
      "f1": 0.0,
      "count": 244
    }
  },
  "evidence_source_breakdowns": {
    "Chart": {
      "acc": 0.4486160591942998,
      "f1": 0.5006498967810996,
      "count": 178
    },
    "Figure": {
      "acc": 0.36088083590153236,
      "f1": 0.411775891459515,
      "count": 293
    },
    "Generalized-text (Layout)": {
      "acc": 0.35833934902864806,
      "f1": 0.4120036959846291,
      "count": 119
    },
    "Pure-text (Plain-text)": {
      "acc": 0.40383113605709126,
      "f1": 0.4537368196230682,
      "count": 298
    },
    "Table": {
      "acc": 0.39537832198382655,
      "f1": 0.47860940557569764,
      "count": 218
    }
  },
  "document_type_breakdowns": {
    "Academic paper": {
      "acc": 0.4718582887700535,
      "f1": 0.42837566844919783,
      "count": 204
    },
    "Administration/Industry file": {
      "acc": 0.5522949920709025,
      "f1": 0.5209473619956457,
      "count": 81
    },
    "Brochure": {
      "acc": 0.45016600355441105,
      "f1": 0.43837073897835266,
      "count": 101
    },
    "Financial report": {
      "acc": 0.40770013462321153,
      "f1": 0.48743611677743404,
      "count": 117
    },
    "Guidebook": {
      "acc": 0.5193579618527024,
      "f1": 0.4798175751042676,
      "count": 156
    },
    "Research report / Introduction": {
      "acc": 0.5089383312237257,
      "f1": 0.4366863711706848,
      "count": 293
    },
    "Tutorial/Workshop": {
      "acc": 0.5658400062146415,
      "f1": 0.5543438544599536,
      "count": 139
    }
  },
  "answer_format_breakdowns": {
    "Float": {
      "acc": 0.43125,
      "f1": 0.5247148288973384,
      "count": 160
    },
    "Int": {
      "acc": 0.30689655172413793,
      "f1": 0.3538767395626243,
      "count": 290
    },
    "List": {
      "acc": 0.3348186551219858,
      "f1": 0.3815375372320303,
      "count": 147
    },
    "None": {
      "acc": 0.7581967213114754,
      "f1": 0.0,
      "count": 244
    },
    "Str": {
      "acc": 0.6029394361408869,
      "f1": 0.6836048028808241,
      "count": 250
    }
  },
  "sample_count": 1091,
  "completed_count": 1091,
  "failed_count": 0
}