{
  "overall_acc": 0.5124093328566147,
  "overall_f1": 0.4901657268650789,
  "breakdowns": {
    "single_page": {
      "acc": 0.6073535636287074,
      "f1": 0.6530149712910606,
      "count": 484
    },
    "cross_page": {
      "acc": 0.26831178324502875,
      "f1": 0.316316447339986,
      "count": 369
    },
    "unanswerable": {
      "acc": 0.699016393442623,
      "f1": 0.0,
      "count": 244
    }
  },
  "evidence_source_breakdowns": {
    "Chart": {
      "acc": 0.42696629213483145,
      "f1": 0.47204968944099374,
      "count": 178
    },
    "Figure": {
      "acc": 0.4067940372933163,
      "f1": 0.45441190229435163,
      "count": 292
    },
    "Generalized-text (Layout)": {
      "acc": 0.4162998665689975,
      "f1": 0.46009179262285016,
      "count": 119
    },
    "Pure-text (Plain-text)": {
      "acc": 0.4369104517223068,
      "f1": 0.4771028839828877,
      "count": 297
    },
    "Table": {
      "acc": 0.42387505460899955,
      "f1": 0.5008388179119886,
      "count": 218
    }
  },
  "document_type_breakdowns": {
    "Academic paper": {
      "acc": 0.477516652594052,
      "f1": 0.4343383365012781,
      "count": 204
    },
    "Administration/Industry file": {
      "acc": 0.5290445396265502,
      "f1": 0.5016158694448908,
      "count": 81
    },
    "Brochure": {
      "acc": 0.49504950495049505,
      "f1": 0.48000000000000004,
      "count": 101
    },
    "Financial report": {
      "acc": 0.520940170940171,
      "f1": 0.6105555555555555,
      "count": 117
    },
    "Guidebook": {
      "acc": 0.5411994056528147,
      "f1": 0.525314981370055,
      "count": 155
    },
    "Research report / Introduction": {
      "acc": 0.5005863078205077,
      "f1": 0.4309457629944746,
      "count": 293
    },
    "Tutorial/Workshop": {
      "acc": 0.5521760568861712,
      "f1": 0.5379381223429175,
      "count": 139
    }
  },
  "answer_format_breakdowns": {
    "Float": {
      "acc": 0.53125,
      "f1": 0.625,
      "count": 160
    },
    "Int": {
      "acc": 0.3482758620689655,
      "f1": 0.3862332695984703,
      "count": 290
    },
    "List": {
      "acc": 0.3870425008152192,
      "f1": 0.4277838166905054,
      "count": 147
    },
    "None": {
      "acc": 0.699016393442623,
      "f1": 0.0,
      "count": 244
    },
    "Str": {
      "acc": 0.5826141574051115,
      "f1": 0.6476380589012177,
      "count": 249
    }
  },
  "sample_count": 1091,
  "completed_count": 1090,
  "failed_count": 1
}