{
  "overall_acc": 0.5275582657753826,
  "overall_f1": 0.4970310300719617,
  "breakdowns": {
    "single_page": {
      "acc": 0.5944265838445619,
      "f1": 0.6389656123148368,
      "count": 475
    },
    "cross_page": {
      "acc": 0.3118531544256673,
      "f1": 0.35175853437587123,
      "count": 357
    },
    "unanswerable": {
      "acc": 0.7307692307692307,
      "f1": 0.0,
      "count": 234
    }
  },
  "evidence_source_breakdowns": {
    "Chart": {
      "acc": 0.4817234848484848,
      "f1": 0.5332285115303984,
      "count": 176
    },
    "Figure": {
      "acc": 0.4116022964777413,
      "f1": 0.45245078437849523,
      "count": 281
    },
    "Generalized-text (Layout)": {
      "acc": 0.3966919511167299,
      "f1": 0.4173922902494331,
      "count": 113
    },
    "Pure-text (Plain-text)": {
      "acc": 0.44351616621528045,
      "f1": 0.4812137441674756,
      "count": 294
    },
    "Table": {
      "acc": 0.4734460117235237,
      "f1": 0.525202232977032,
      "count": 209
    }
  },
  "document_type_breakdowns": {
    "Academic paper": {
      "acc": 0.5067033976124885,
      "f1": 0.46496279521190553,
      "count": 198
    },
    "Administration/Industry file": {
      "acc": 0.5827228327228327,
      "f1": 0.5198740653286108,
      "count": 78
    },
    "Brochure": {
      "acc": 0.4502701432933991,
      "f1": 0.4107881136950905,
      "count": 99
    },
    "Financial report": {
      "acc": 0.545,
      "f1": 0.6165714285714287,
      "count": 110
    },
    "Guidebook": {
      "acc": 0.5125194625402574,
      "f1": 0.47112967765073055,
      "count": 153
    },
    "Research report / Introduction": {
      "acc": 0.5273064239546235,
      "f1": 0.4728651653948767,
      "count": 285
    },
    "Tutorial/Workshop": {
      "acc": 0.5858823308434035,
      "f1": 0.5627316779971012,
      "count": 136
    }
  },
  "answer_format_breakdowns": {
    "Float": {
      "acc": 0.5424836601307189,
      "f1": 0.6335877862595419,
      "count": 153
    },
    "Int": {
      "acc": 0.3333333333333333,
      "f1": 0.36084452975047987,
      "count": 282
    },
    "List": {
      "acc": 0.3902871638165756,
      "f1": 0.4260386597387047,
      "count": 143
    },
    "None": {
      "acc": 0.7307692307692307,
      "f1": 0.0,
      "count": 234
    },
    "Str": {
      "acc": 0.6270167572079345,
      "f1": 0.6852793762405301,
      "count": 247
    }
  },
  "sample_count": 1091,
  "completed_count": 1059,
  "failed_count": 32
}