{
  "overall_acc": 0.5058387606793175,
  "overall_f1": 0.48251108035559437,
  "breakdowns": {
    "single_page": {
      "acc": 0.6038944891158109,
      "f1": 0.6476633349053762,
      "count": 257
    },
    "cross_page": {
      "acc": 0.29137089016121276,
      "f1": 0.32502217606715567,
      "count": 198
    },
    "unanswerable": {
      "acc": 0.6511627906976745,
      "f1": 0.0,
      "count": 129
    }
  },
  "evidence_source_breakdowns": {
    "Chart": {
      "acc": 0.4668224299065421,
      "f1": 0.5203125,
      "count": 107
    },
    "Figure": {
      "acc": 0.41518024156913047,
      "f1": 0.45094174831016937,
      "count": 162
    },
    "Generalized-text (Layout)": {
      "acc": 0.39530163713837185,
      "f1": 0.42824344023323613,
      "count": 91
    },
    "Pure-text (Plain-text)": {
      "acc": 0.429290112698966,
      "f1": 0.46363695215899525,
      "count": 151
    },
    "Table": {
      "acc": 0.45271473075211394,
      "f1": 0.5153242147923,
      "count": 107
    }
  },
  "document_type_breakdowns": {
    "Academic paper": {
      "acc": 0.5277777777777778,
      "f1": 0.5064935064935066,
      "count": 108
    },
    "Administration/Industry file": {
      "acc": 0.5312925170068027,
      "f1": 0.5238990332975295,
      "count": 45
    },
    "Brochure": {
      "acc": 0.4090909090909091,
      "f1": 0.411764705882353,
      "count": 44
    },
    "Financial report": {
      "acc": 0.6975,
      "f1": 0.6392857142857142,
      "count": 20
    },
    "Guidebook": {
      "acc": 0.4889369663844532,
      "f1": 0.4713026339568085,
      "count": 86
    },
    "Research report / Introduction": {
      "acc": 0.474118672315306,
      "f1": 0.4402873503202451,
      "count": 197
    },
    "Tutorial/Workshop": {
      "acc": 0.5627678905456683,
      "f1": 0.5430699855699854,
      "count": 81
    }
  },
  "answer_format_breakdowns": {
    "Float": {
      "acc": 0.5692307692307692,
      "f1": 0.6218487394957983,
      "count": 65
    },
    "Int": {
      "acc": 0.3670886075949367,
      "f1": 0.39590443686006827,
      "count": 158
    },
    "List": {
      "acc": 0.3008888888888889,
      "f1": 0.34717948717948716,
      "count": 75
    },
    "None": {
      "acc": 0.6511627906976745,
      "f1": 0.0,
      "count": 129
    },
    "Str": {
      "acc": 0.5995172291429666,
      "f1": 0.6524781151096598,
      "count": 154
    }
  },
  "sample_count": 1091,
  "completed_count": 581,
  "failed_count": 510
}