{
  "overall_acc": 0.5186083327929562,
  "overall_f1": 0.4827503209992184,
  "breakdowns": {
    "single_page": {
      "acc": 0.5834765746363789,
      "f1": 0.6328424031494492,
      "count": 482
    },
    "cross_page": {
      "acc": 0.2730974874078951,
      "f1": 0.3163561294133056,
      "count": 362
    },
    "unanswerable": {
      "acc": 0.7613168724279835,
      "f1": 0.0,
      "count": 243
    }
  },
  "evidence_source_breakdowns": {
    "Chart": {
      "acc": 0.4603932584269663,
      "f1": 0.5058641975308641,
      "count": 178
    },
    "Figure": {
      "acc": 0.3878582399310459,
      "f1": 0.4337615560241442,
      "count": 289
    },
    "Generalized-text (Layout)": {
      "acc": 0.39915857526986914,
      "f1": 0.43778682448953393,
      "count": 119
    },
    "Pure-text (Plain-text)": {
      "acc": 0.42510187855253284,
      "f1": 0.4657835751373198,
      "count": 295
    },
    "Table": {
      "acc": 0.41901916549803875,
      "f1": 0.48489605632462773,
      "count": 213
    }
  },
  "document_type_breakdowns": {
    "Academic paper": {
      "acc": 0.4747369870017501,
      "f1": 0.41581590311282407,
      "count": 201
    },
    "Administration/Industry file": {
      "acc": 0.5529936044675942,
      "f1": 0.5433305605312893,
      "count": 79
    },
    "Brochure": {
      "acc": 0.504720239465807,
      "f1": 0.46864474739374495,
      "count": 101
    },
    "Financial report": {
      "acc": 0.4469298245614035,
      "f1": 0.5196531791907516,
      "count": 114
    },
    "Guidebook": {
      "acc": 0.5327030651811421,
      "f1": 0.4874471500269914,
      "count": 155
    },
    "Research report / Introduction": {
      "acc": 0.526003177640108,
      "f1": 0.4467114338273264,
      "count": 293
    },
    "Tutorial/Workshop": {
      "acc": 0.6012680287476337,
      "f1": 0.5820952935139786,
      "count": 137
    }
  },
  "answer_format_breakdowns": {
    "Float": {
      "acc": 0.4810126582278481,
      "f1": 0.5650557620817844,
      "count": 158
    },
    "Int": {
      "acc": 0.3356401384083045,
      "f1": 0.3695238095238095,
      "count": 289
    },
    "List": {
      "acc": 0.3520913660468494,
      "f1": 0.39000889777497166,
      "count": 144
    },
    "None": {
      "acc": 0.7613168724279835,
      "f1": 0.0,
      "count": 243
    },
    "Str": {
      "acc": 0.6154302549010016,
      "f1": 0.6850490620164995,
      "count": 246
    }
  },
  "sample_count": 1091,
  "completed_count": 1080,
  "failed_count": 11
}