{
  "overall_acc": 0.5203632677140058,
  "overall_f1": 0.49453989714716196,
  "breakdowns": {
    "single_page": {
      "acc": 0.5910777270600156,
      "f1": 0.6402081429195114,
      "count": 483
    },
    "cross_page": {
      "acc": 0.3067345701099317,
      "f1": 0.3509614151025265,
      "count": 369
    },
    "unanswerable": {
      "acc": 0.7172131147540983,
      "f1": 0.0,
      "count": 244
    }
  },
  "evidence_source_breakdowns": {
    "Chart": {
      "acc": 0.43820224719101125,
      "f1": 0.47706422018348627,
      "count": 178
    },
    "Figure": {
      "acc": 0.40381784681712585,
      "f1": 0.45064631870823824,
      "count": 292
    },
    "Generalized-text (Layout)": {
      "acc": 0.40352243932653864,
      "f1": 0.43977026264652413,
      "count": 118
    },
    "Pure-text (Plain-text)": {
      "acc": 0.4614238926694346,
      "f1": 0.5032290183695249,
      "count": 296
    },
    "Table": {
      "acc": 0.48084864444311454,
      "f1": 0.5424890070559363,
      "count": 217
    }
  },
  "document_type_breakdowns": {
    "Academic paper": {
      "acc": 0.5397678982130978,
      "f1": 0.5139254482126421,
      "count": 202
    },
    "Administration/Industry file": {
      "acc": 0.6143923547024321,
      "f1": 0.5842988358133951,
      "count": 81
    },
    "Brochure": {
      "acc": 0.4937477136417961,
      "f1": 0.49473819417684695,
      "count": 101
    },
    "Financial report": {
      "acc": 0.5123931623931625,
      "f1": 0.570879120879121,
      "count": 117
    },
    "Guidebook": {
      "acc": 0.4900165034798265,
      "f1": 0.45323854222777915,
      "count": 156
    },
    "Research report / Introduction": {
      "acc": 0.48843613717204354,
      "f1": 0.418239745412328,
      "count": 293
    },
    "Tutorial/Workshop": {
      "acc": 0.5647756874714133,
      "f1": 0.5424888731936457,
      "count": 139
    }
  },
  "answer_format_breakdowns": {
    "Float": {
      "acc": 0.49375,
      "f1": 0.5703971119133574,
      "count": 160
    },
    "Int": {
      "acc": 0.35294117647058826,
      "f1": 0.385633270321361,
      "count": 289
    },
    "List": {
      "acc": 0.39615559275239853,
      "f1": 0.43950846894039686,
      "count": 147
    },
    "None": {
      "acc": 0.7172131147540983,
      "f1": 0.0,
      "count": 244
    },
    "Str": {
      "acc": 0.6122117526343361,
      "f1": 0.6866699387655393,
      "count": 249
    }
  },
  "sample_count": 1091,
  "completed_count": 1089,
  "failed_count": 2
}