{
  "overall_acc": 0.47264976789370594,
  "overall_f1": 0.4347373247844081,
  "breakdowns": {
    "single_page": {
      "acc": 0.5327900130393306,
      "f1": 0.5927559212259073,
      "count": 485
    },
    "cross_page": {
      "acc": 0.21750065162048196,
      "f1": 0.2588959369288963,
      "count": 369
    },
    "unanswerable": {
      "acc": 0.7459016393442623,
      "f1": 0.0,
      "count": 244
    }
  },
  "evidence_source_breakdowns": {
    "Chart": {
      "acc": 0.37363747901330235,
      "f1": 0.41828598279476614,
      "count": 178
    },
    "Figure": {
      "acc": 0.33972057651582177,
      "f1": 0.3908426272029789,
      "count": 293
    },
    "Generalized-text (Layout)": {
      "acc": 0.3338316693136882,
      "f1": 0.38015281003185547,
      "count": 119
    },
    "Pure-text (Plain-text)": {
      "acc": 0.38758877133476977,
      "f1": 0.43811966152362036,
      "count": 298
    },
    "Table": {
      "acc": 0.4066474045831844,
      "f1": 0.4884249818134116,
      "count": 218
    }
  },
  "document_type_breakdowns": {
    "Academic paper": {
      "acc": 0.432081482478575,
      "f1": 0.3660191417929145,
      "count": 204
    },
    "Administration/Industry file": {
      "acc": 0.4791027522119959,
      "f1": 0.4673499651961625,
      "count": 81
    },
    "Brochure": {
      "acc": 0.45544554455445546,
      "f1": 0.40268456375838935,
      "count": 101
    },
    "Financial report": {
      "acc": 0.435307987032125,
      "f1": 0.4934601664684899,
      "count": 117
    },
    "Guidebook": {
      "acc": 0.5285555790363483,
      "f1": 0.5086006336006336,
      "count": 156
    },
    "Research report / Introduction": {
      "acc": 0.4879304150690956,
      "f1": 0.40598257899868906,
      "count": 293
    },
    "Tutorial/Workshop": {
      "acc": 0.477407445968045,
      "f1": 0.4553811056688295,
      "count": 139
    }
  },
  "answer_format_breakdowns": {
    "Float": {
      "acc": 0.45625,
      "f1": 0.5427509293680297,
      "count": 160
    },
    "Int": {
      "acc": 0.29310344827586204,
      "f1": 0.33530571992110453,
      "count": 290
    },
    "List": {
      "acc": 0.32704284612395684,
      "f1": 0.3628324406054465,
      "count": 147
    },
    "None": {
      "acc": 0.7459016393442623,
      "f1": 0.0,
      "count": 244
    },
    "Str": {
      "acc": 0.5103423935672461,
      "f1": 0.5906740666287571,
      "count": 250
    }
  },
  "sample_count": 1091,
  "completed_count": 1091,
  "failed_count": 0
}