{
  "overall_acc": 0.3174187776784409,
  "avg_acc": 0.3174187776784409,
  "rectified_avg_acc": 0.3174187776784409,
  "fine_grained_metrics": {
    "Main_Task": {
      "Understanding": 0.37447600483955756,
      "Reasoning": 0.24988674116581092,
      "Locating": 0.25297671259803656
    },
    "Element_Type": {
      "Text": 0.4181066771222438,
      "Layout": 0.2971065058944593,
      "Figure": 0.324553221133285,
      "Table": 0.226673137409804
    },
    "Evidence_Pages": {
      "Single_Page": 0.3008481372059958,
      "Multi_Page": 0.33265987328148033
    },
    "Num_of_Element_Types": {
      "Cross_Element": 0.3252370368049128
    },
    "Fine_Grained": {
      "Understanding": {
        "Single_Page": {
          "Text": 0.4355325159360496,
          "Layout": 0.43914432859234864,
          "Figure": 0.372814912904347,
          "Table": 0.24762285194395672
        },
        "Multi_Page": {
          "Text": 0.43705572446226054,
          "Layout": 0.39575957770809383,
          "Figure": 0.3882304774623106,
          "Table": 0.30297590941494434
        }
      },
      "Reasoning": {
        "Single_Page": {
          "Text": 0.2,
          "Layout": 0.25,
          "Figure": 0.17857142857142858,
          "Table": 0.14158163265306123
        },
        "Multi_Page": {
          "Text": 0.3995859213250517,
          "Layout": 0.35,
          "Figure": 0.3176470588235294,
          "Table": 0.17215634606938954
        }
      },
      "Locating": {
        "Cross_Element": {
          "Cross_Title": 0.19662046639870143,
          "Cross_Table": 0.09258273440506246,
          "Para_Title": 0.40311714264898546,
          "Figure_Table": 0.300457265937435
        }
      }
    }
  },
  "sample_count": 2325,
  "completed_count": 2325,
  "failed_count": 0
}