{
  "overall_acc": 0.425,
  "avg_acc": 0.425,
  "rectified_avg_acc": 0.0036559139784946237,
  "fine_grained_metrics": {
    "Main_Task": {
      "Understanding": 0.003218020917135961,
      "Reasoning": 0.007751937984496124,
      "Locating": 0.002158273381294964
    },
    "Element_Type": {
      "Text": 0.006036217303822937,
      "Layout": 0.0019255455712451862,
      "Figure": 0.007194244604316547,
      "Table": 0.0
    },
    "Evidence_Pages": {
      "Single_Page": 0.0036596523330283625,
      "Multi_Page": 0.003658536585365854
    },
    "Num_of_Element_Types": {
      "Cross_Element": 0.004640371229698376
    },
    "Fine_Grained": {
      "Understanding": {
        "Single_Page": {
          "Text": 0.007722007722007722,
          "Layout": 0.0,
          "Figure": 0.0,
          "Table": 0.0
        },
        "Multi_Page": {
          "Text": 0.004514672686230248,
          "Layout": 0.0,
          "Figure": 0.005747126436781609,
          "Table": 0.0
        }
      },
      "Reasoning": {
        "Single_Page": {
          "Text": 0.0,
          "Layout": 0.0,
          "Figure": 0.07142857142857142,
          "Table": 0.0
        },
        "Multi_Page": {
          "Text": 0.008695652173913044,
          "Layout": 0.0,
          "Figure": 0.011764705882352941,
          "Table": 0.0
        }
      },
      "Locating": {
        "Cross_Element": {
          "Cross_Title": 0.0024875621890547263,
          "Cross_Table": 0.0,
          "Para_Title": 0.0072992700729927005,
          "Figure_Table": 0.0
        }
      }
    }
  },
  "sample_count": 20,
  "completed_count": 20,
  "failed_count": 0
}