{
  "overall_acc": 0.3606164450879021,
  "avg_acc": 0.3606164450879021,
  "rectified_avg_acc": 0.3606164450879021,
  "fine_grained_metrics": {
    "Main_Task": {
      "Understanding": 0.4371862465161414,
      "Reasoning": 0.2870643104119236,
      "Locating": 0.2646285500437327
    },
    "Element_Type": {
      "Text": 0.4600521583042873,
      "Layout": 0.31047248820956247,
      "Figure": 0.3898018262312352,
      "Table": 0.2586842460101014
    },
    "Evidence_Pages": {
      "Single_Page": 0.348497516538152,
      "Multi_Page": 0.3719719099619291
    },
    "Num_of_Element_Types": {
      "Cross_Element": 0.3454108109102481
    },
    "Fine_Grained": {
      "Understanding": {
        "Single_Page": {
          "Text": 0.46780263285730145,
          "Layout": 0.4716906920871115,
          "Figure": 0.4057060188100485,
          "Table": 0.3134007981280533
        },
        "Multi_Page": {
          "Text": 0.5191365630769632,
          "Layout": 0.42509890658141775,
          "Figure": 0.44098102709222287,
          "Table": 0.37078622214708096
        }
      },
      "Reasoning": {
        "Single_Page": {
          "Text": 0.35,
          "Layout": 0.4166666666666667,
          "Figure": 0.42857142857142855,
          "Table": 0.15178571428571427
        },
        "Multi_Page": {
          "Text": 0.41233954451345756,
          "Layout": 0.35,
          "Figure": 0.4329411764705882,
          "Table": 0.13912812333864966
        }
      },
      "Locating": {
        "Cross_Element": {
          "Cross_Title": 0.2539293362859356,
          "Cross_Table": 0.08764276529815035,
          "Para_Title": 0.3265286013304975,
          "Figure_Table": 0.33376467046353264
        }
      }
    }
  },
  "sample_count": 2325,
  "completed_count": 2325,
  "failed_count": 0
}