{
  "Main_Task": {
    "Understanding": 0.485048326531592,
    "Reasoning": 0.3521422743346061,
    "Locating": 0.3619501796117513
  },
  "Element_Type": {
    "Text": 0.5369363888434064,
    "Layout": 0.37630028332340154,
    "Figure": 0.4263942106166612,
    "Table": 0.3447534638785747
  },
  "Evidence_Pages": {
    "Single_Page": 0.43325124882716193,
    "Multi_Page": 0.42049259342141515
  },
  "Num_of_Element_Types": {
    "Cross_Element": 0.426632390828826
  },
  "Fine_Grained": {
    "Understanding": {
      "Single_Page": {
        "Text": 0.5405259624493081,
        "Layout": 0.5268665461522605,
        "Figure": 0.46433039059034503,
        "Table": 0.36257841621608783
      },
      "Multi_Page": {
        "Text": 0.5607857656378538,
        "Layout": 0.49791626366341796,
        "Figure": 0.4369526284547833,
        "Table": 0.41481772359971875
      }
    },
    "Reasoning": {
      "Single_Page": {
        "Text": 0.5193222834080935,
        "Layout": 0.647740944693645,
        "Figure": 0.32142857142857145,
        "Table": 0.2538265306122449
      },
      "Multi_Page": {
        "Text": 0.4761076604554865,
        "Layout": 0.325,
        "Figure": 0.3623529411764706,
        "Table": 0.27070707070707073
      }
    },
    "Locating": {
      "Cross_Element": {
        "Cross_Title": 0.2789774507155565,
        "Cross_Table": 0.10268991237392364,
        "Para_Title": 0.5092348888299367,
        "Figure_Table": 0.48821124895032303
      }
    }
  }
}