{
  "avg_acc": 0.42612881930168967,
  "rectified_avg_acc": 0.42612881930168967
}