{
  "overall_acc": 0.307474375732653,
  "overall_f1": 0.20755007444800755,
  "breakdowns": {
    "single_page": {
      "acc": 0.19055268031411668,
      "f1": 0.2587366765040317,
      "count": 485
    },
    "cross_page": {
      "acc": 0.09765987526281257,
      "f1": 0.14952902063061344,
      "count": 369
    },
    "unanswerable": {
      "acc": 0.8729508196721312,
      "f1": 0.0,
      "count": 244
    }
  },
  "evidence_source_breakdowns": {
    "Chart": {
      "acc": 0.11653116531165311,
      "f1": 0.1750425943077996,
      "count": 178
    },
    "Figure": {
      "acc": 0.04432184767871336,
      "f1": 0.05979821179558691,
      "count": 293
    },
    "Generalized-text (Layout)": {
      "acc": 0.151089007031384,
      "f1": 0.20962459057697153,
      "count": 119
    },
    "Pure-text (Plain-text)": {
      "acc": 0.2223990105220485,
      "f1": 0.27840602833981726,
      "count": 298
    },
    "Table": {
      "acc": 0.1537988005877914,
      "f1": 0.2147071850042147,
      "count": 218
    }
  },
  "document_type_breakdowns": {
    "Academic paper": {
      "acc": 0.32124647631295494,
      "f1": 0.20735049487086174,
      "count": 204
    },
    "Administration/Industry file": {
      "acc": 0.31476092120349825,
      "f1": 0.2817388112269702,
      "count": 81
    },
    "Brochure": {
      "acc": 0.2953505220062562,
      "f1": 0.2270867738518916,
      "count": 101
    },
    "Financial report": {
      "acc": 0.26330940965087307,
      "f1": 0.302082131511949,
      "count": 117
    },
    "Guidebook": {
      "acc": 0.3583318563157273,
      "f1": 0.24745502356218593,
      "count": 156
    },
    "Research report / Introduction": {
      "acc": 0.32081911262798635,
      "f1": 0.13523131672597866,
      "count": 293
    },
    "Tutorial/Workshop": {
      "acc": 0.24379320073353083,
      "f1": 0.1138389239993518,
      "count": 139
    }
  },
  "answer_format_breakdowns": {
    "Float": {
      "acc": 0.16875,
      "f1": 0.2488479262672811,
      "count": 160
    },
    "Int": {
      "acc": 0.08275862068965517,
      "f1": 0.1307901907356948,
      "count": 290
    },
    "List": {
      "acc": 0.10051798497176648,
      "f1": 0.14345770670727837,
      "count": 147
    },
    "None": {
      "acc": 0.8729508196721312,
      "f1": 0.0,
      "count": 244
    },
    "Str": {
      "acc": 0.22671360053389905,
      "f1": 0.31575710380765887,
      "count": 250
    }
  },
  "sample_count": 1091,
  "completed_count": 1091,
  "failed_count": 0
}