{
  "overall_acc": 0.320455315069259,
  "overall_f1": 0.23218885886191226,
  "breakdowns": {
    "single_page": {
      "acc": 0.2345679174304514,
      "f1": 0.32061693679810493,
      "count": 485
    },
    "cross_page": {
      "acc": 0.08631790999130802,
      "f1": 0.12869215671431378,
      "count": 369
    },
    "unanswerable": {
      "acc": 0.8647540983606558,
      "f1": 0.0,
      "count": 244
    }
  },
  "evidence_source_breakdowns": {
    "Chart": {
      "acc": 0.11715538503699645,
      "f1": 0.1752408280385325,
      "count": 178
    },
    "Figure": {
      "acc": 0.06370875995449375,
      "f1": 0.09161793372319688,
      "count": 293
    },
    "Generalized-text (Layout)": {
      "acc": 0.14285714285714285,
      "f1": 0.1951219512195122,
      "count": 119
    },
    "Pure-text (Plain-text)": {
      "acc": 0.2425902417694436,
      "f1": 0.3008842951488212,
      "count": 298
    },
    "Table": {
      "acc": 0.19049604829421343,
      "f1": 0.2683982683982684,
      "count": 218
    }
  },
  "document_type_breakdowns": {
    "Academic paper": {
      "acc": 0.33441145818596796,
      "f1": 0.24088440238882713,
      "count": 204
    },
    "Administration/Industry file": {
      "acc": 0.36439558988578596,
      "f1": 0.3397439042339204,
      "count": 81
    },
    "Brochure": {
      "acc": 0.3118521721712727,
      "f1": 0.24781315195382125,
      "count": 101
    },
    "Financial report": {
      "acc": 0.30604445238591577,
      "f1": 0.3611324795993786,
      "count": 117
    },
    "Guidebook": {
      "acc": 0.3711523691362401,
      "f1": 0.2799975090297671,
      "count": 156
    },
    "Research report / Introduction": {
      "acc": 0.3132746542123226,
      "f1": 0.1194980333395767,
      "count": 293
    },
    "Tutorial/Workshop": {
      "acc": 0.2509874453378474,
      "f1": 0.1292992606878817,
      "count": 139
    }
  },
  "answer_format_breakdowns": {
    "Float": {
      "acc": 0.1875,
      "f1": 0.27906976744186046,
      "count": 160
    },
    "Int": {
      "acc": 0.12413793103448276,
      "f1": 0.1925133689839572,
      "count": 290
    },
    "List": {
      "acc": 0.08565277963037067,
      "f1": 0.12344077064376949,
      "count": 147
    },
    "None": {
      "acc": 0.8647540983606558,
      "f1": 0.0,
      "count": 244
    },
    "Str": {
      "acc": 0.24010316053958844,
      "f1": 0.3262271202983538,
      "count": 250
    }
  },
  "sample_count": 1091,
  "completed_count": 1091,
  "failed_count": 0
}