{
  "overall_acc": 0.3056418287365712,
  "overall_f1": 0.20433458040983746,
  "breakdowns": {
    "single_page": {
      "acc": 0.18696747433111155,
      "f1": 0.2539107197918713,
      "count": 485
    },
    "cross_page": {
      "acc": 0.09695395691330651,
      "f1": 0.14844817469298796,
      "count": 369
    },
    "unanswerable": {
      "acc": 0.8729508196721312,
      "f1": 0.0,
      "count": 244
    }
  },
  "evidence_source_breakdowns": {
    "Chart": {
      "acc": 0.11570096203275318,
      "f1": 0.17306530455319383,
      "count": 178
    },
    "Figure": {
      "acc": 0.040955631399317405,
      "f1": 0.05421686746987951,
      "count": 293
    },
    "Generalized-text (Layout)": {
      "acc": 0.1583332840525373,
      "f1": 0.22442340631763444,
      "count": 119
    },
    "Pure-text (Plain-text)": {
      "acc": 0.21262701586095575,
      "f1": 0.26434493422380095,
      "count": 298
    },
    "Table": {
      "acc": 0.16042833313475516,
      "f1": 0.22277624015328937,
      "count": 218
    }
  },
  "document_type_breakdowns": {
    "Academic paper": {
      "acc": 0.32131362646068523,
      "f1": 0.21533315612262985,
      "count": 204
    },
    "Administration/Industry file": {
      "acc": 0.30241524219115257,
      "f1": 0.2684376781015437,
      "count": 81
    },
    "Brochure": {
      "acc": 0.2670964770895694,
      "f1": 0.17350859453993933,
      "count": 101
    },
    "Financial report": {
      "acc": 0.24704924704924705,
      "f1": 0.2768842636392305,
      "count": 117
    },
    "Guidebook": {
      "acc": 0.3594545411853104,
      "f1": 0.2622148684648685,
      "count": 156
    },
    "Research report / Introduction": {
      "acc": 0.33346717526601083,
      "f1": 0.14789915966386555,
      "count": 293
    },
    "Tutorial/Workshop": {
      "acc": 0.24280089113293543,
      "f1": 0.11155907218971943,
      "count": 139
    }
  },
  "answer_format_breakdowns": {
    "Float": {
      "acc": 0.16875,
      "f1": 0.2488479262672811,
      "count": 160
    },
    "Int": {
      "acc": 0.06896551724137931,
      "f1": 0.11049723756906077,
      "count": 290
    },
    "List": {
      "acc": 0.10051798497176648,
      "f1": 0.14345770670727837,
      "count": 147
    },
    "None": {
      "acc": 0.8729508196721312,
      "f1": 0.0,
      "count": 244
    },
    "Str": {
      "acc": 0.2347163654429981,
      "f1": 0.32330077884710484,
      "count": 250
    }
  },
  "sample_count": 1091,
  "completed_count": 1091,
  "failed_count": 0
}