{
  "overall_acc": 0.30584815896142653,
  "overall_f1": 0.2093708504230333,
  "breakdowns": {
    "single_page": {
      "acc": 0.2096119237562621,
      "f1": 0.28770461059184094,
      "count": 485
    },
    "cross_page": {
      "acc": 0.07864107968869712,
      "f1": 0.11796161953304567,
      "count": 369
    },
    "unanswerable": {
      "acc": 0.8565573770491803,
      "f1": 0.0,
      "count": 244
    }
  },
  "evidence_source_breakdowns": {
    "Chart": {
      "acc": 0.09864910612093562,
      "f1": 0.14512017264071522,
      "count": 178
    },
    "Figure": {
      "acc": 0.05404574650753609,
      "f1": 0.07662927598034672,
      "count": 293
    },
    "Generalized-text (Layout)": {
      "acc": 0.15107782243332116,
      "f1": 0.20333246550377507,
      "count": 119
    },
    "Pure-text (Plain-text)": {
      "acc": 0.21404178142804114,
      "f1": 0.26265659484343756,
      "count": 298
    },
    "Table": {
      "acc": 0.19508320425751619,
      "f1": 0.2759344752700234,
      "count": 218
    }
  },
  "document_type_breakdowns": {
    "Academic paper": {
      "acc": 0.32374593117879563,
      "f1": 0.2315037329819939,
      "count": 204
    },
    "Administration/Industry file": {
      "acc": 0.3134931911573003,
      "f1": 0.28505460155076523,
      "count": 81
    },
    "Brochure": {
      "acc": 0.2755485418082364,
      "f1": 0.1900070653093312,
      "count": 101
    },
    "Financial report": {
      "acc": 0.2892015392015392,
      "f1": 0.34220635876265015,
      "count": 117
    },
    "Guidebook": {
      "acc": 0.38397288195675294,
      "f1": 0.304915514592934,
      "count": 156
    },
    "Research report / Introduction": {
      "acc": 0.30275045171652276,
      "f1": 0.0948503969061673,
      "count": 293
    },
    "Tutorial/Workshop": {
      "acc": 0.23000423190859076,
      "f1": 0.08215848322800196,
      "count": 139
    }
  },
  "answer_format_breakdowns": {
    "Float": {
      "acc": 0.16875,
      "f1": 0.25,
      "count": 160
    },
    "Int": {
      "acc": 0.1103448275862069,
      "f1": 0.16931216931216933,
      "count": 290
    },
    "List": {
      "acc": 0.05422168867547019,
      "f1": 0.07970588235294117,
      "count": 147
    },
    "None": {
      "acc": 0.8565573770491803,
      "f1": 0.0,
      "count": 244
    },
    "Str": {
      "acc": 0.2308390127664889,
      "f1": 0.31883841542332725,
      "count": 250
    }
  },
  "sample_count": 1091,
  "completed_count": 1091,
  "failed_count": 0
}