{
  "overall_acc": 0.30598747683542965,
  "overall_f1": 0.21240538117916602,
  "breakdowns": {
    "single_page": {
      "acc": 0.2030151124679633,
      "f1": 0.2840624563654753,
      "count": 485
    },
    "cross_page": {
      "acc": 0.0850135709498416,
      "f1": 0.13016600697299396,
      "count": 369
    },
    "unanswerable": {
      "acc": 0.860655737704918,
      "f1": 0.0,
      "count": 244
    }
  },
  "evidence_source_breakdowns": {
    "Chart": {
      "acc": 0.11715538503699645,
      "f1": 0.18055115616091227,
      "count": 178
    },
    "Figure": {
      "acc": 0.04436860068259386,
      "f1": 0.0591715976331361,
      "count": 293
    },
    "Generalized-text (Layout)": {
      "acc": 0.14285714285714285,
      "f1": 0.19631901840490795,
      "count": 119
    },
    "Pure-text (Plain-text)": {
      "acc": 0.2138445045381483,
      "f1": 0.27037780961296576,
      "count": 298
    },
    "Table": {
      "acc": 0.16297311251439692,
      "f1": 0.23812509329750706,
      "count": 218
    }
  },
  "document_type_breakdowns": {
    "Academic paper": {
      "acc": 0.31895053475935825,
      "f1": 0.20503030303030303,
      "count": 204
    },
    "Administration/Industry file": {
      "acc": 0.288659090831603,
      "f1": 0.2524789878747141,
      "count": 81
    },
    "Brochure": {
      "acc": 0.2755485418082364,
      "f1": 0.2212138400453772,
      "count": 101
    },
    "Financial report": {
      "acc": 0.26297106469520265,
      "f1": 0.33245120227300284,
      "count": 117
    },
    "Guidebook": {
      "acc": 0.38397288195675294,
      "f1": 0.30055608475143525,
      "count": 156
    },
    "Research report / Introduction": {
      "acc": 0.3242320819112628,
      "f1": 0.13333333333333333,
      "count": 293
    },
    "Tutorial/Workshop": {
      "acc": 0.22940471152489772,
      "f1": 0.08078107275968238,
      "count": 139
    }
  },
  "answer_format_breakdowns": {
    "Float": {
      "acc": 0.18125,
      "f1": 0.2801932367149758,
      "count": 160
    },
    "Int": {
      "acc": 0.0896551724137931,
      "f1": 0.14092140921409213,
      "count": 290
    },
    "List": {
      "acc": 0.09447112178204616,
      "f1": 0.13887254901960785,
      "count": 147
    },
    "None": {
      "acc": 0.860655737704918,
      "f1": 0.0,
      "count": 244
    },
    "Str": {
      "acc": 0.21978032930197192,
      "f1": 0.30868023778366843,
      "count": 250
    }
  },
  "sample_count": 1091,
  "completed_count": 1091,
  "failed_count": 0
}