{
  "overall_acc": 0.31497700495076336,
  "overall_f1": 0.22460489479207194,
  "breakdowns": {
    "single_page": {
      "acc": 0.2193009971665633,
      "f1": 0.2979339838854069,
      "count": 485
    },
    "cross_page": {
      "acc": 0.09289682594986341,
      "f1": 0.1402001176912049,
      "count": 369
    },
    "unanswerable": {
      "acc": 0.860655737704918,
      "f1": 0.0,
      "count": 244
    }
  },
  "evidence_source_breakdowns": {
    "Chart": {
      "acc": 0.1340093176212661,
      "f1": 0.20652518213493823,
      "count": 178
    },
    "Figure": {
      "acc": 0.04778156996587031,
      "f1": 0.06413994169096211,
      "count": 293
    },
    "Generalized-text (Layout)": {
      "acc": 0.12605042016806722,
      "f1": 0.17391304347826086,
      "count": 119
    },
    "Pure-text (Plain-text)": {
      "acc": 0.2244502641029121,
      "f1": 0.27854036605892,
      "count": 298
    },
    "Table": {
      "acc": 0.18428989610856852,
      "f1": 0.2585821607370821,
      "count": 218
    }
  },
  "document_type_breakdowns": {
    "Academic paper": {
      "acc": 0.3371059450716314,
      "f1": 0.2240835895183721,
      "count": 204
    },
    "Administration/Industry file": {
      "acc": 0.30085356740656544,
      "f1": 0.2660951659246629,
      "count": 81
    },
    "Brochure": {
      "acc": 0.2656475517092265,
      "f1": 0.19717337871053126,
      "count": 101
    },
    "Financial report": {
      "acc": 0.2944808525870219,
      "f1": 0.35424851293782667,
      "count": 117
    },
    "Guidebook": {
      "acc": 0.3752549332388042,
      "f1": 0.3119100501120596,
      "count": 156
    },
    "Research report / Introduction": {
      "acc": 0.3303395006287049,
      "f1": 0.13866770246649837,
      "count": 293
    },
    "Tutorial/Workshop": {
      "acc": 0.24379320073353083,
      "f1": 0.1119878845847282,
      "count": 139
    }
  },
  "answer_format_breakdowns": {
    "Float": {
      "acc": 0.2,
      "f1": 0.2990654205607477,
      "count": 160
    },
    "Int": {
      "acc": 0.09655172413793103,
      "f1": 0.15176151761517614,
      "count": 290
    },
    "List": {
      "acc": 0.08320380003853393,
      "f1": 0.11704266608291376,
      "count": 147
    },
    "None": {
      "acc": 0.860655737704918,
      "f1": 0.0,
      "count": 244
    },
    "Str": {
      "acc": 0.24563581518247324,
      "f1": 0.33741183404185887,
      "count": 250
    }
  },
  "sample_count": 1091,
  "completed_count": 1091,
  "failed_count": 0
}