{
  "overall_acc": 0.32308756398144556,
  "overall_f1": 0.23764561234170573,
  "breakdowns": {
    "single_page": {
      "acc": 0.2308563422063235,
      "f1": 0.3135068815682453,
      "count": 485
    },
    "cross_page": {
      "acc": 0.104398933153632,
      "f1": 0.1525671537967929,
      "count": 369
    },
    "unanswerable": {
      "acc": 0.8524590163934426,
      "f1": 0.0,
      "count": 244
    }
  },
  "evidence_source_breakdowns": {
    "Chart": {
      "acc": 0.10426708364902551,
      "f1": 0.15466284074605452,
      "count": 178
    },
    "Figure": {
      "acc": 0.06818519068110997,
      "f1": 0.09928807526061531,
      "count": 293
    },
    "Generalized-text (Layout)": {
      "acc": 0.15948118377785897,
      "f1": 0.2102720569539792,
      "count": 119
    },
    "Pure-text (Plain-text)": {
      "acc": 0.24123522244245493,
      "f1": 0.2967932265218539,
      "count": 298
    },
    "Table": {
      "acc": 0.2253283159246462,
      "f1": 0.30748608863624843,
      "count": 218
    }
  },
  "document_type_breakdowns": {
    "Academic paper": {
      "acc": 0.3503683646639742,
      "f1": 0.2740518682822847,
      "count": 204
    },
    "Administration/Industry file": {
      "acc": 0.36692084241103845,
      "f1": 0.3403743315508021,
      "count": 81
    },
    "Brochure": {
      "acc": 0.26272225917997355,
      "f1": 0.17855844368097173,
      "count": 101
    },
    "Financial report": {
      "acc": 0.31484256484256484,
      "f1": 0.3604572510822511,
      "count": 117
    },
    "Guidebook": {
      "acc": 0.39038313836700933,
      "f1": 0.3285688965412467,
      "count": 156
    },
    "Research report / Introduction": {
      "acc": 0.32440584161333536,
      "f1": 0.1322979971715782,
      "count": 293
    },
    "Tutorial/Workshop": {
      "acc": 0.23000423190859076,
      "f1": 0.08215848322800196,
      "count": 139
    }
  },
  "answer_format_breakdowns": {
    "Float": {
      "acc": 0.2,
      "f1": 0.28571428571428575,
      "count": 160
    },
    "Int": {
      "acc": 0.12758620689655173,
      "f1": 0.19321148825065274,
      "count": 290
    },
    "List": {
      "acc": 0.08613378011137116,
      "f1": 0.12292879297448117,
      "count": 147
    },
    "None": {
      "acc": 0.8524590163934426,
      "f1": 0.0,
      "count": 244
    },
    "Str": {
      "acc": 0.2513074665095422,
      "f1": 0.342380744563409,
      "count": 250
    }
  },
  "sample_count": 1091,
  "completed_count": 1091,
  "failed_count": 0
}