{
  "overall_acc": 0.3176473687246938,
  "overall_f1": 0.23660295315957006,
  "breakdowns": {
    "single_page": {
      "acc": 0.2136862207272058,
      "f1": 0.29058874122825834,
      "count": 485
    },
    "cross_page": {
      "acc": 0.12172211985351244,
      "f1": 0.18184397662326354,
      "count": 369
    },
    "unanswerable": {
      "acc": 0.8360655737704918,
      "f1": 0.0,
      "count": 244
    }
  },
  "evidence_source_breakdowns": {
    "Chart": {
      "acc": 0.14316077422810936,
      "f1": 0.2097334799391232,
      "count": 178
    },
    "Figure": {
      "acc": 0.051194539249146756,
      "f1": 0.07185628742514971,
      "count": 293
    },
    "Generalized-text (Layout)": {
      "acc": 0.13913194143636837,
      "f1": 0.19445876288659794,
      "count": 119
    },
    "Pure-text (Plain-text)": {
      "acc": 0.24846564522962278,
      "f1": 0.3145456140247271,
      "count": 298
    },
    "Table": {
      "acc": 0.18590889233091068,
      "f1": 0.25979575979575975,
      "count": 218
    }
  },
  "document_type_breakdowns": {
    "Academic paper": {
      "acc": 0.3550340590781767,
      "f1": 0.2611755197592107,
      "count": 204
    },
    "Administration/Industry file": {
      "acc": 0.32188572607008026,
      "f1": 0.2922317056668454,
      "count": 81
    },
    "Brochure": {
      "acc": 0.2656475517092265,
      "f1": 0.20222910636977567,
      "count": 101
    },
    "Financial report": {
      "acc": 0.2889504352918987,
      "f1": 0.32875415196372165,
      "count": 117
    },
    "Guidebook": {
      "acc": 0.3583318563157273,
      "f1": 0.29100864702531976,
      "count": 156
    },
    "Research report / Introduction": {
      "acc": 0.3297916698840208,
      "f1": 0.1710344394167924,
      "count": 293
    },
    "Tutorial/Workshop": {
      "acc": 0.2509874453378474,
      "f1": 0.1292992606878817,
      "count": 139
    }
  },
  "answer_format_breakdowns": {
    "Float": {
      "acc": 0.2125,
      "f1": 0.30088495575221236,
      "count": 160
    },
    "Int": {
      "acc": 0.09655172413793103,
      "f1": 0.15135135135135136,
      "count": 290
    },
    "List": {
      "acc": 0.11487928504735227,
      "f1": 0.1639539310869979,
      "count": 147
    },
    "None": {
      "acc": 0.8360655737704918,
      "f1": 0.0,
      "count": 244
    },
    "Str": {
      "acc": 0.25466409750672053,
      "f1": 0.3507769938109098,
      "count": 250
    }
  },
  "sample_count": 1091,
  "completed_count": 1091,
  "failed_count": 0
}