{
  "overall_acc": 0.30317439705145066,
  "overall_f1": 0.20113282183284828,
  "breakdowns": {
    "single_page": {
      "acc": 0.20445591060927476,
      "f1": 0.28055134443074053,
      "count": 485
    },
    "cross_page": {
      "acc": 0.06938252178220707,
      "f1": 0.10601304570449029,
      "count": 369
    },
    "unanswerable": {
      "acc": 0.8729508196721312,
      "f1": 0.0,
      "count": 244
    }
  },
  "evidence_source_breakdowns": {
    "Chart": {
      "acc": 0.10381268840778296,
      "f1": 0.1579372524494476,
      "count": 178
    },
    "Figure": {
      "acc": 0.056029579067121735,
      "f1": 0.08082329317269075,
      "count": 293
    },
    "Generalized-text (Layout)": {
      "acc": 0.12605042016806722,
      "f1": 0.1761006289308176,
      "count": 119
    },
    "Pure-text (Plain-text)": {
      "acc": 0.21821374565151336,
      "f1": 0.26927005199141985,
      "count": 298
    },
    "Table": {
      "acc": 0.1539626275864808,
      "f1": 0.2163711150422114,
      "count": 218
    }
  },
  "document_type_breakdowns": {
    "Academic paper": {
      "acc": 0.31392485223754574,
      "f1": 0.19946307562406634,
      "count": 204
    },
    "Administration/Industry file": {
      "acc": 0.33297022512708785,
      "f1": 0.2661064425770308,
      "count": 81
    },
    "Brochure": {
      "acc": 0.3316541523692925,
      "f1": 0.2718784103385709,
      "count": 101
    },
    "Financial report": {
      "acc": 0.2547624011038645,
      "f1": 0.3112052409039497,
      "count": 117
    },
    "Guidebook": {
      "acc": 0.3521505376344086,
      "f1": 0.26594982078853047,
      "count": 156
    },
    "Research report / Introduction": {
      "acc": 0.3024744027303754,
      "f1": 0.09082733812949641,
      "count": 293
    },
    "Tutorial/Workshop": {
      "acc": 0.2365989561292143,
      "f1": 0.09812091503267972,
      "count": 139
    }
  },
  "answer_format_breakdowns": {
    "Float": {
      "acc": 0.14375,
      "f1": 0.21904761904761905,
      "count": 160
    },
    "Int": {
      "acc": 0.10689655172413794,
      "f1": 0.16621983914209115,
      "count": 290
    },
    "List": {
      "acc": 0.07406295851674002,
      "f1": 0.10673779315647829,
      "count": 147
    },
    "None": {
      "acc": 0.8729508196721312,
      "f1": 0.0,
      "count": 244
    },
    "Str": {
      "acc": 0.21150404912468754,
      "f1": 0.2995808061256197,
      "count": 250
    }
  },
  "sample_count": 1091,
  "completed_count": 1091,
  "failed_count": 0
}