{
  "overall_acc": 0.5286330675783841,
  "avg_acc": 0.5286330675783841,
  "rectified_avg_acc": 0.5286330675783841,
  "fine_grained_metrics": {
    "Main_Task": {
      "Understanding": 0.6164293013495212,
      "Reasoning": 0.4871558229900456,
      "Locating": 0.39470641301459036
    },
    "Element_Type": {
      "Text": 0.603635881974896,
      "Layout": 0.45701542943228685,
      "Figure": 0.5141024697488747,
      "Table": 0.48501881962190435
    },
    "Evidence_Pages": {
      "Single_Page": 0.5881009767121292,
      "Multi_Page": 0.47664838583202146
    },
    "Num_of_Element_Types": {
      "Cross_Element": 0.5019671960652691
    },
    "Fine_Grained": {
      "Understanding": {
        "Single_Page": {
          "Text": 0.6713690806803329,
          "Layout": 0.6477846376148194,
          "Figure": 0.6730565533757022,
          "Table": 0.6617464727921002
        },
        "Multi_Page": {
          "Text": 0.5895413567314248,
          "Layout": 0.5495642085929633,
          "Figure": 0.5766490276884421,
          "Table": 0.49267056587415686
        }
      },
      "Reasoning": {
        "Single_Page": {
          "Text": 0.4194380241488343,
          "Layout": 0.7314600804961141,
          "Figure": 0.5714285714285714,
          "Table": 0.6224489795918368
        },
        "Multi_Page": {
          "Text": 0.5124505928853754,
          "Layout": 0.4235294117647059,
          "Figure": 0.38754325259515565,
          "Table": 0.3305884936319719
        }
      },
      "Locating": {
        "Cross_Element": {
          "Cross_Title": 0.3334143384868497,
          "Cross_Table": 0.1631212662489472,
          "Para_Title": 0.6514840482266246,
          "Figure_Table": 0.4220696140903407
        }
      }
    }
  },
  "sample_count": 2325,
  "completed_count": 2325,
  "failed_count": 0
}