{
  "overall_acc": 0.587359662949613,
  "avg_acc": 0.587359662949613,
  "rectified_avg_acc": 0.587359662949613,
  "fine_grained_metrics": {
    "Main_Task": {
      "Understanding": 0.679060328743055,
      "Reasoning": 0.5245645849444398,
      "Locating": 0.4583204796499779
    },
    "Element_Type": {
      "Text": 0.6637456916266694,
      "Layout": 0.5206256053229454,
      "Figure": 0.557047314749754,
      "Table": 0.5434504361894228
    },
    "Evidence_Pages": {
      "Single_Page": 0.6435973148283485,
      "Multi_Page": 0.538340935975988
    },
    "Num_of_Element_Types": {
      "Cross_Element": 0.5550542619040295
    },
    "Fine_Grained": {
      "Understanding": {
        "Single_Page": {
          "Text": 0.698990614629564,
          "Layout": 0.7323017792233617,
          "Figure": 0.6650444926023774,
          "Table": 0.7383961172632383
        },
        "Multi_Page": {
          "Text": 0.67039520642697,
          "Layout": 0.6186796307588375,
          "Figure": 0.6388322777571042,
          "Table": 0.5646010364516035
        }
      },
      "Reasoning": {
        "Single_Page": {
          "Text": 0.5444380241488342,
          "Layout": 0.7314600804961141,
          "Figure": 0.6428571428571429,
          "Table": 0.6836734693877551
        },
        "Multi_Page": {
          "Text": 0.4919536984754376,
          "Layout": 0.35,
          "Figure": 0.43529411764705883,
          "Table": 0.37081327919837237
        }
      },
      "Locating": {
        "Cross_Element": {
          "Cross_Title": 0.41246980194284266,
          "Cross_Table": 0.18606080508085585,
          "Para_Title": 0.754652376277926,
          "Figure_Table": 0.4709751782509067
        }
      }
    }
  },
  "sample_count": 2325,
  "completed_count": 2325,
  "failed_count": 0
}