{
  "overall_acc": 0.5585386819404489,
  "avg_acc": 0.5585386819404489,
  "rectified_avg_acc": 0.5585386819404489,
  "fine_grained_metrics": {
    "Main_Task": {
      "Understanding": 0.6370732655589283,
      "Reasoning": 0.5429401993355482,
      "Locating": 0.4267662004013511
    },
    "Element_Type": {
      "Text": 0.6329454766579259,
      "Layout": 0.4781932673500816,
      "Figure": 0.5219847307679015,
      "Table": 0.5275446506770031
    },
    "Evidence_Pages": {
      "Single_Page": 0.625984261134698,
      "Multi_Page": 0.49951352690351136
    },
    "Num_of_Element_Types": {
      "Cross_Element": 0.5230863804250655
    },
    "Fine_Grained": {
      "Understanding": {
        "Single_Page": {
          "Text": 0.695014388149939,
          "Layout": 0.6851877152291845,
          "Figure": 0.63809976790912,
          "Table": 0.6939431628269304
        },
        "Multi_Page": {
          "Text": 0.610383794902539,
          "Layout": 0.5761095158396112,
          "Figure": 0.5259191526047702,
          "Table": 0.48838217271582113
        }
      },
      "Reasoning": {
        "Single_Page": {
          "Text": 0.625,
          "Layout": 0.75,
          "Figure": 0.7142857142857143,
          "Table": 0.6789965986394557
        },
        "Multi_Page": {
          "Text": 0.5267494824016562,
          "Layout": 0.4,
          "Figure": 0.4235294117647059,
          "Table": 0.41932367149758454
        }
      },
      "Locating": {
        "Cross_Element": {
          "Cross_Title": 0.3339804552559309,
          "Cross_Table": 0.20457697857042495,
          "Para_Title": 0.680020917146927,
          "Figure_Table": 0.47849728495019184
        }
      }
    }
  },
  "sample_count": 2325,
  "completed_count": 2325,
  "failed_count": 0
}