{
  "overall_acc": 0.5939627112184253,
  "avg_acc": 0.5939627112184253,
  "rectified_avg_acc": 0.5939627112184253,
  "fine_grained_metrics": {
    "Main_Task": {
      "Understanding": 0.68357792326299,
      "Reasoning": 0.5596168635412822,
      "Locating": 0.4528118255776496
    },
    "Element_Type": {
      "Text": 0.6793152407208511,
      "Layout": 0.5147726536686491,
      "Figure": 0.5588132705097025,
      "Table": 0.5554464225792962
    },
    "Evidence_Pages": {
      "Single_Page": 0.641660195668738,
      "Multi_Page": 0.5518003447175794
    },
    "Num_of_Element_Types": {
      "Cross_Element": 0.5619620518617862
    },
    "Fine_Grained": {
      "Understanding": {
        "Single_Page": {
          "Text": 0.7419182869421221,
          "Layout": 0.7103032663374511,
          "Figure": 0.671838475077656,
          "Table": 0.7293998392648889
        },
        "Multi_Page": {
          "Text": 0.664497997222098,
          "Layout": 0.6005578301849245,
          "Figure": 0.6601216997748717,
          "Table": 0.5970270669609044
        }
      },
      "Reasoning": {
        "Single_Page": {
          "Text": 0.5748883928571429,
          "Layout": 0.7496279761904762,
          "Figure": 0.6785714285714286,
          "Table": 0.673469387755102
        },
        "Multi_Page": {
          "Text": 0.5528364389233954,
          "Layout": 0.4,
          "Figure": 0.43529411764705883,
          "Table": 0.4628019323671498
        }
      },
      "Locating": {
        "Cross_Element": {
          "Cross_Title": 0.3828677275758561,
          "Cross_Table": 0.23003357320380224,
          "Para_Title": 0.7455341167784731,
          "Figure_Table": 0.4615818238588288
        }
      }
    }
  },
  "sample_count": 2325,
  "completed_count": 2325,
  "failed_count": 0
}