{
  "avg_acc": 0.5354110381785919,
  "rectified_avg_acc": 0.5354110381785919
}