{
  "avg_acc": 0.4278062862015876,
  "rectified_avg_acc": 0.4278062862015876
}