{
  "Main_Task": {
    "Understanding": 0.4872403726795085,
    "Reasoning": 0.34877387271039056,
    "Locating": 0.36551704091962745
  },
  "Element_Type": {
    "Text": 0.5129650658511905,
    "Layout": 0.3713813728814475,
    "Figure": 0.43074723303151535,
    "Table": 0.36623690248007074
  },
  "Evidence_Pages": {
    "Single_Page": 0.4505403082067006,
    "Multi_Page": 0.40830004760062394
  },
  "Num_of_Element_Types": {
    "Cross_Element": 0.417587743885536
  },
  "Fine_Grained": {
    "Understanding": {
      "Single_Page": {
        "Text": 0.5256133218769581,
        "Layout": 0.5046162119454045,
        "Figure": 0.4826474948618052,
        "Table": 0.3885746315461278
      },
      "Multi_Page": {
        "Text": 0.5504610183911447,
        "Layout": 0.5103227620331896,
        "Figure": 0.4295906922144572,
        "Table": 0.38976946621602815
      }
    },
    "Reasoning": {
      "Single_Page": {
        "Text": 0.43360799769380776,
        "Layout": 0.647740944693645,
        "Figure": 0.42857142857142855,
        "Table": 0.30612244897959184
      },
      "Multi_Page": {
        "Text": 0.38045548654244304,
        "Layout": 0.3,
        "Figure": 0.31529411764705884,
        "Table": 0.32867808519982433
      }
    },
    "Locating": {
      "Cross_Element": {
        "Cross_Title": 0.26656943449005355,
        "Cross_Table": 0.1067830029090612,
        "Para_Title": 0.502207978704678,
        "Figure_Table": 0.5116741803357471
      }
    }
  }
}