{
  "Main_Task": {
    "Understanding": 0.5048962479166366,
    "Reasoning": 0.38714521891881165,
    "Locating": 0.39023313309077196
  },
  "Element_Type": {
    "Text": 0.5448377489998458,
    "Layout": 0.39822258713996994,
    "Figure": 0.45909825455815323,
    "Table": 0.38088101179902323
  },
  "Evidence_Pages": {
    "Single_Page": 0.4637865520054703,
    "Multi_Page": 0.43990103045564616
  },
  "Num_of_Element_Types": {
    "Cross_Element": 0.44705726094363973
  },
  "Fine_Grained": {
    "Understanding": {
      "Single_Page": {
        "Text": 0.5449996341049417,
        "Layout": 0.5381784830076756,
        "Figure": 0.48545350911225676,
        "Table": 0.39644481041732377
      },
      "Multi_Page": {
        "Text": 0.5696210372229048,
        "Layout": 0.5275750433069425,
        "Figure": 0.4575165852392388,
        "Table": 0.46408157510507203
      }
    },
    "Reasoning": {
      "Single_Page": {
        "Text": 0.5086079976938077,
        "Layout": 0.647740944693645,
        "Figure": 0.42857142857142855,
        "Table": 0.2943848059454996
      },
      "Multi_Page": {
        "Text": 0.4934989648033126,
        "Layout": 0.425,
        "Figure": 0.38588235294117645,
        "Table": 0.2996925779534475
      }
    },
    "Locating": {
      "Cross_Element": {
        "Cross_Title": 0.30336432630504456,
        "Cross_Table": 0.1093184772469814,
        "Para_Title": 0.5180656709692458,
        "Figure_Table": 0.5432323500210657
      }
    }
  }
}