{
  "avg_acc": 0.4510207584430307,
  "rectified_avg_acc": 0.4510207584430307
}