{
  "overall_acc": 0.3400054341075168,
  "overall_f1": 0.3294708422021675,
  "breakdowns": {
    "single_page": {
      "acc": 0.43516308357522454,
      "f1": 0.4589178074253539,
      "count": 485
    },
    "cross_page": {
      "acc": 0.22463911403066922,
      "f1": 0.23819492263596825,
      "count": 369
    },
    "unanswerable": {
      "acc": 0.3360655737704918,
      "f1": 0.0,
      "count": 244
    }
  },
  "evidence_source_breakdowns": {
    "Chart": {
      "acc": 0.34623307404206277,
      "f1": 0.36684218559218557,
      "count": 178
    },
    "Figure": {
      "acc": 0.22617962459914398,
      "f1": 0.2313368556034705,
      "count": 293
    },
    "Generalized-text (Layout)": {
      "acc": 0.329827764439109,
      "f1": 0.3340568032161918,
      "count": 119
    },
    "Pure-text (Plain-text)": {
      "acc": 0.3305811464552041,
      "f1": 0.3448129301214831,
      "count": 298
    },
    "Table": {
      "acc": 0.4069745365088798,
      "f1": 0.44808307555018073,
      "count": 218
    }
  },
  "document_type_breakdowns": {
    "Academic paper": {
      "acc": 0.27275760475423044,
      "f1": 0.2629069359630302,
      "count": 204
    },
    "Administration/Industry file": {
      "acc": 0.41600348987331554,
      "f1": 0.3897267544487381,
      "count": 81
    },
    "Brochure": {
      "acc": 0.3146212295648169,
      "f1": 0.2967274752819941,
      "count": 101
    },
    "Financial report": {
      "acc": 0.3638628225100374,
      "f1": 0.40389476684475784,
      "count": 117
    },
    "Guidebook": {
      "acc": 0.33569111985920136,
      "f1": 0.3170893776697142,
      "count": 156
    },
    "Research report / Introduction": {
      "acc": 0.36958864738638403,
      "f1": 0.34123387940048794,
      "count": 293
    },
    "Tutorial/Workshop": {
      "acc": 0.33525979683260754,
      "f1": 0.3413888944804521,
      "count": 139
    }
  },
  "answer_format_breakdowns": {
    "Float": {
      "acc": 0.38125,
      "f1": 0.43416370106761565,
      "count": 160
    },
    "Int": {
      "acc": 0.296551724137931,
      "f1": 0.30442477876106194,
      "count": 290
    },
    "List": {
      "acc": 0.21101152060335734,
      "f1": 0.2215620966335252,
      "count": 147
    },
    "None": {
      "acc": 0.3360655737704918,
      "f1": 0.0,
      "count": 244
    },
    "Str": {
      "acc": 0.44370894033042924,
      "f1": 0.47608255400260646,
      "count": 250
    }
  },
  "sample_count": 1091,
  "completed_count": 1091,
  "failed_count": 0
}