{
  "overall_acc": 0.29065267512765774,
  "overall_f1": 0.2532718279115472,
  "breakdowns": {
    "single_page": {
      "acc": 0.33087572833109447,
      "f1": 0.3660227561183177,
      "count": 485
    },
    "cross_page": {
      "acc": 0.14804157269293702,
      "f1": 0.16138062134030653,
      "count": 369
    },
    "unanswerable": {
      "acc": 0.4344262295081967,
      "f1": 0.0,
      "count": 244
    }
  },
  "evidence_source_breakdowns": {
    "Chart": {
      "acc": 0.24998662386302836,
      "f1": 0.2729915278995033,
      "count": 178
    },
    "Figure": {
      "acc": 0.1759988463174727,
      "f1": 0.1846679162396179,
      "count": 293
    },
    "Generalized-text (Layout)": {
      "acc": 0.23925820328131253,
      "f1": 0.25196217867678045,
      "count": 119
    },
    "Pure-text (Plain-text)": {
      "acc": 0.22951452483202353,
      "f1": 0.2505484090563887,
      "count": 298
    },
    "Table": {
      "acc": 0.28941935659704854,
      "f1": 0.33383558999008917,
      "count": 218
    }
  },
  "document_type_breakdowns": {
    "Academic paper": {
      "acc": 0.22433155080213904,
      "f1": 0.1843822843822844,
      "count": 204
    },
    "Administration/Industry file": {
      "acc": 0.28125,
      "f1": 0.24678308823529413,
      "count": 81
    },
    "Brochure": {
      "acc": 0.2769974671885793,
      "f1": 0.2497093023255814,
      "count": 101
    },
    "Financial report": {
      "acc": 0.28846936539244233,
      "f1": 0.32268506687111337,
      "count": 117
    },
    "Guidebook": {
      "acc": 0.2976620618677688,
      "f1": 0.2760449502244419,
      "count": 156
    },
    "Research report / Introduction": {
      "acc": 0.33763084409752275,
      "f1": 0.25726387503781806,
      "count": 293
    },
    "Tutorial/Workshop": {
      "acc": 0.2983338366311501,
      "f1": 0.2708302514820432,
      "count": 139
    }
  },
  "answer_format_breakdowns": {
    "Float": {
      "acc": 0.2625,
      "f1": 0.32432432432432434,
      "count": 160
    },
    "Int": {
      "acc": 0.2206896551724138,
      "f1": 0.23230490018148822,
      "count": 290
    },
    "List": {
      "acc": 0.17507781667445532,
      "f1": 0.18993681956564526,
      "count": 147
    },
    "None": {
      "acc": 0.4344262295081967,
      "f1": 0.0,
      "count": 244
    },
    "Str": {
      "acc": 0.31746251805251857,
      "f1": 0.3543108460407574,
      "count": 250
    }
  },
  "sample_count": 1091,
  "completed_count": 1091,
  "failed_count": 0
}