{
  "overall_acc": 0.36168407003908287,
  "overall_f1": 0.3558030669815551,
  "breakdowns": {
    "single_page": {
      "acc": 0.4666251410897163,
      "f1": 0.49030206213882493,
      "count": 485
    },
    "cross_page": {
      "acc": 0.24738245795156363,
      "f1": 0.2611849126870586,
      "count": 369
    },
    "unanswerable": {
      "acc": 0.3237704918032787,
      "f1": 0.0,
      "count": 244
    }
  },
  "evidence_source_breakdowns": {
    "Chart": {
      "acc": 0.35591924219394194,
      "f1": 0.3737676997670894,
      "count": 178
    },
    "Figure": {
      "acc": 0.28394806965427843,
      "f1": 0.29050727874312543,
      "count": 293
    },
    "Generalized-text (Layout)": {
      "acc": 0.33636371215152727,
      "f1": 0.34211351919685257,
      "count": 119
    },
    "Pure-text (Plain-text)": {
      "acc": 0.37790049770839457,
      "f1": 0.38870336282660134,
      "count": 298
    },
    "Table": {
      "acc": 0.4143647475974854,
      "f1": 0.45231146823418644,
      "count": 218
    }
  },
  "document_type_breakdowns": {
    "Academic paper": {
      "acc": 0.26224345591287573,
      "f1": 0.26565770152971135,
      "count": 204
    },
    "Administration/Industry file": {
      "acc": 0.4352637061619556,
      "f1": 0.45753702410097025,
      "count": 81
    },
    "Brochure": {
      "acc": 0.34630439788164863,
      "f1": 0.3310857300123847,
      "count": 101
    },
    "Financial report": {
      "acc": 0.41573432265739957,
      "f1": 0.4618086322848228,
      "count": 117
    },
    "Guidebook": {
      "acc": 0.34862757856178905,
      "f1": 0.34297155933311535,
      "count": 156
    },
    "Research report / Introduction": {
      "acc": 0.39177948598301293,
      "f1": 0.3515039180309374,
      "count": 293
    },
    "Tutorial/Workshop": {
      "acc": 0.3816427598681309,
      "f1": 0.3780973701430918,
      "count": 139
    }
  },
  "answer_format_breakdowns": {
    "Float": {
      "acc": 0.40625,
      "f1": 0.4626334519572953,
      "count": 160
    },
    "Int": {
      "acc": 0.3137931034482759,
      "f1": 0.3204225352112676,
      "count": 290
    },
    "List": {
      "acc": 0.23640778300442164,
      "f1": 0.24911787886487444,
      "count": 147
    },
    "None": {
      "acc": 0.3237704918032787,
      "f1": 0.0,
      "count": 244
    },
    "Str": {
      "acc": 0.49938150524395764,
      "f1": 0.5191075938086879,
      "count": 250
    }
  },
  "sample_count": 1091,
  "completed_count": 1091,
  "failed_count": 0
}