{
  "overall_acc": 0.31498488321064716,
  "overall_f1": 0.29537666965085624,
  "breakdowns": {
    "single_page": {
      "acc": 0.3873206014635055,
      "f1": 0.4131471723815734,
      "count": 485
    },
    "cross_page": {
      "acc": 0.19457456876156062,
      "f1": 0.20871516242155774,
      "count": 369
    },
    "unanswerable": {
      "acc": 0.36065573770491804,
      "f1": 0.0,
      "count": 244
    }
  },
  "evidence_source_breakdowns": {
    "Chart": {
      "acc": 0.284435321233074,
      "f1": 0.30047173400289123,
      "count": 178
    },
    "Figure": {
      "acc": 0.21797836850177305,
      "f1": 0.22620717356862705,
      "count": 293
    },
    "Generalized-text (Layout)": {
      "acc": 0.2808081565959717,
      "f1": 0.2831106605669924,
      "count": 119
    },
    "Pure-text (Plain-text)": {
      "acc": 0.2760538959983622,
      "f1": 0.29194865932785247,
      "count": 298
    },
    "Table": {
      "acc": 0.3779225487412957,
      "f1": 0.4257732073674546,
      "count": 218
    }
  },
  "document_type_breakdowns": {
    "Academic paper": {
      "acc": 0.23744151069518715,
      "f1": 0.2310991863075196,
      "count": 204
    },
    "Administration/Industry file": {
      "acc": 0.40365781086096986,
      "f1": 0.37512821430275267,
      "count": 81
    },
    "Brochure": {
      "acc": 0.304720239465807,
      "f1": 0.2533749290981282,
      "count": 101
    },
    "Financial report": {
      "acc": 0.32171722864030555,
      "f1": 0.35869138187819505,
      "count": 117
    },
    "Guidebook": {
      "acc": 0.32226921470342523,
      "f1": 0.3035480961818772,
      "count": 156
    },
    "Research report / Introduction": {
      "acc": 0.3525238009700018,
      "f1": 0.30216581276199345,
      "count": 293
    },
    "Tutorial/Workshop": {
      "acc": 0.29160450076512356,
      "f1": 0.2964208206553835,
      "count": 139
    }
  },
  "answer_format_breakdowns": {
    "Float": {
      "acc": 0.33125,
      "f1": 0.3868613138686131,
      "count": 160
    },
    "Int": {
      "acc": 0.2793103448275862,
      "f1": 0.28980322003577824,
      "count": 290
    },
    "List": {
      "acc": 0.19569968158203452,
      "f1": 0.20475340350575852,
      "count": 147
    },
    "None": {
      "acc": 0.36065573770491804,
      "f1": 0.0,
      "count": 244
    },
    "Str": {
      "acc": 0.3715226175610279,
      "f1": 0.4029529474631539,
      "count": 250
    }
  },
  "sample_count": 1091,
  "completed_count": 1091,
  "failed_count": 0
}