{
  "overall_acc": 0.3539484553387247,
  "overall_f1": 0.35232253360558535,
  "breakdowns": {
    "single_page": {
      "acc": 0.4593328156045349,
      "f1": 0.4835564698970285,
      "count": 485
    },
    "cross_page": {
      "acc": 0.25035595990880544,
      "f1": 0.2650827810799117,
      "count": 369
    },
    "unanswerable": {
      "acc": 0.30327868852459017,
      "f1": 0.0,
      "count": 244
    }
  },
  "evidence_source_breakdowns": {
    "Chart": {
      "acc": 0.3615372197220318,
      "f1": 0.3785507359442451,
      "count": 178
    },
    "Figure": {
      "acc": 0.28817377379465836,
      "f1": 0.2975989737250357,
      "count": 293
    },
    "Generalized-text (Layout)": {
      "acc": 0.3230911412183921,
      "f1": 0.3284898754823567,
      "count": 119
    },
    "Pure-text (Plain-text)": {
      "acc": 0.35773993740713633,
      "f1": 0.36805151455533436,
      "count": 298
    },
    "Table": {
      "acc": 0.414886015320588,
      "f1": 0.45795013336652246,
      "count": 218
    }
  },
  "document_type_breakdowns": {
    "Academic paper": {
      "acc": 0.2819515664298098,
      "f1": 0.29316084321257524,
      "count": 204
    },
    "Administration/Industry file": {
      "acc": 0.40409671381233137,
      "f1": 0.4104547688399834,
      "count": 81
    },
    "Brochure": {
      "acc": 0.3166014275846189,
      "f1": 0.3092469545957918,
      "count": 101
    },
    "Financial report": {
      "acc": 0.39464251124300753,
      "f1": 0.4403548001650469,
      "count": 117
    },
    "Guidebook": {
      "acc": 0.3447814247156353,
      "f1": 0.33428721804511285,
      "count": 156
    },
    "Research report / Introduction": {
      "acc": 0.378886046468413,
      "f1": 0.349404417533821,
      "count": 293
    },
    "Tutorial/Workshop": {
      "acc": 0.38099553619932447,
      "f1": 0.38620487001433695,
      "count": 139
    }
  },
  "answer_format_breakdowns": {
    "Float": {
      "acc": 0.4125,
      "f1": 0.4714285714285714,
      "count": 160
    },
    "Int": {
      "acc": 0.30689655172413793,
      "f1": 0.31616341030195383,
      "count": 290
    },
    "List": {
      "acc": 0.22291056593577602,
      "f1": 0.23489500496458118,
      "count": 147
    },
    "None": {
      "acc": 0.30327868852459017,
      "f1": 0.0,
      "count": 244
    },
    "Str": {
      "acc": 0.49755964632795824,
      "f1": 0.5182912982582899,
      "count": 250
    }
  },
  "sample_count": 1091,
  "completed_count": 1091,
  "failed_count": 0
}