{
  "overall_acc": 0.35454623745521036,
  "overall_f1": 0.3446897496455714,
  "breakdowns": {
    "single_page": {
      "acc": 0.4505184020390473,
      "f1": 0.4718263535667137,
      "count": 485
    },
    "cross_page": {
      "acc": 0.2420285096875245,
      "f1": 0.2573732566994137,
      "count": 369
    },
    "unanswerable": {
      "acc": 0.3442622950819672,
      "f1": 0.0,
      "count": 244
    }
  },
  "evidence_source_breakdowns": {
    "Chart": {
      "acc": 0.3687049841544224,
      "f1": 0.3860558069381599,
      "count": 178
    },
    "Figure": {
      "acc": 0.2773158035510226,
      "f1": 0.2819947042899085,
      "count": 293
    },
    "Generalized-text (Layout)": {
      "acc": 0.32549210160254577,
      "f1": 0.3281179138321995,
      "count": 119
    },
    "Pure-text (Plain-text)": {
      "acc": 0.34003648159563393,
      "f1": 0.3476102554124961,
      "count": 298
    },
    "Table": {
      "acc": 0.4102988593572853,
      "f1": 0.45708088547745834,
      "count": 218
    }
  },
  "document_type_breakdowns": {
    "Academic paper": {
      "acc": 0.3015594095670647,
      "f1": 0.29332172562766173,
      "count": 204
    },
    "Administration/Industry file": {
      "acc": 0.42813504002424013,
      "f1": 0.42703508261817913,
      "count": 81
    },
    "Brochure": {
      "acc": 0.306700437485609,
      "f1": 0.30741709095913033,
      "count": 101
    },
    "Financial report": {
      "acc": 0.3559052628283398,
      "f1": 0.3982708233795191,
      "count": 117
    },
    "Guidebook": {
      "acc": 0.34020267013688066,
      "f1": 0.32186037382613164,
      "count": 156
    },
    "Research report / Introduction": {
      "acc": 0.3934794323693192,
      "f1": 0.35137625244731086,
      "count": 293
    },
    "Tutorial/Workshop": {
      "acc": 0.35708012307527826,
      "f1": 0.3628437200635207,
      "count": 139
    }
  },
  "answer_format_breakdowns": {
    "Float": {
      "acc": 0.38125,
      "f1": 0.4372759856630824,
      "count": 160
    },
    "Int": {
      "acc": 0.3103448275862069,
      "f1": 0.3202846975088968,
      "count": 290
    },
    "List": {
      "acc": 0.22637376939897946,
      "f1": 0.23769245786892843,
      "count": 147
    },
    "None": {
      "acc": 0.3442622950819672,
      "f1": 0.0,
      "count": 244
    },
    "Str": {
      "acc": 0.4741320038479381,
      "f1": 0.49803781916800216,
      "count": 250
    }
  },
  "sample_count": 1091,
  "completed_count": 1091,
  "failed_count": 0
}