{
  "overall_acc": 0.2321937248632982,
  "overall_f1": 0.16550316285922442,
  "breakdowns": {
    "single_page": {
      "acc": 0.21228436755478214,
      "f1": 0.2560360110325209,
      "count": 485
    },
    "cross_page": {
      "acc": 0.07067675142567673,
      "f1": 0.0835888502438292,
      "count": 369
    },
    "unanswerable": {
      "acc": 0.5257611241217798,
      "f1": 0.0,
      "count": 244
    }
  },
  "evidence_source_breakdowns": {
    "Chart": {
      "acc": 0.1725521669341894,
      "f1": 0.21037181996086105,
      "count": 178
    },
    "Figure": {
      "acc": 0.110752207595211,
      "f1": 0.1232809588072746,
      "count": 293
    },
    "Generalized-text (Layout)": {
      "acc": 0.1090722003086949,
      "f1": 0.12420662044722194,
      "count": 119
    },
    "Pure-text (Plain-text)": {
      "acc": 0.14149429152743842,
      "f1": 0.1601852714731151,
      "count": 298
    },
    "Table": {
      "acc": 0.16187787747420776,
      "f1": 0.20471270023508834,
      "count": 218
    }
  },
  "document_type_breakdowns": {
    "Academic paper": {
      "acc": 0.18891402714932126,
      "f1": 0.11605937921727397,
      "count": 204
    },
    "Administration/Industry file": {
      "acc": 0.2653672018751384,
      "f1": 0.20999568658632284,
      "count": 81
    },
    "Brochure": {
      "acc": 0.2274925166935298,
      "f1": 0.1863565891472868,
      "count": 101
    },
    "Financial report": {
      "acc": 0.1602642371873141,
      "f1": 0.15773041276396982,
      "count": 117
    },
    "Guidebook": {
      "acc": 0.23014829470825263,
      "f1": 0.16986304029423505,
      "count": 156
    },
    "Research report / Introduction": {
      "acc": 0.28668941979522183,
      "f1": 0.16886543535620052,
      "count": 293
    },
    "Tutorial/Workshop": {
      "acc": 0.22776514405799214,
      "f1": 0.18707007365610998,
      "count": 139
    }
  },
  "answer_format_breakdowns": {
    "Float": {
      "acc": 0.1375,
      "f1": 0.19555555555555557,
      "count": 160
    },
    "Int": {
      "acc": 0.12413793103448276,
      "f1": 0.14035087719298245,
      "count": 290
    },
    "List": {
      "acc": 0.10051071710735576,
      "f1": 0.11772968457993065,
      "count": 147
    },
    "None": {
      "acc": 0.5257611241217798,
      "f1": 0.0,
      "count": 244
    },
    "Str": {
      "acc": 0.20905025650145098,
      "f1": 0.2580867364215444,
      "count": 250
    }
  },
  "sample_count": 1091,
  "completed_count": 1091,
  "failed_count": 0
}