{
  "overall_acc": 0.45859189716054843,
  "overall_f1": 0.4530027164039584,
  "breakdowns": {
    "single_page": {
      "acc": 0.6039730745460944,
      "f1": 0.6267395686656307,
      "count": 485
    },
    "cross_page": {
      "acc": 0.30285626423968937,
      "f1": 0.31703251490622797,
      "count": 369
    },
    "unanswerable": {
      "acc": 0.40837236533957844,
      "f1": 0.0,
      "count": 244
    }
  },
  "evidence_source_breakdowns": {
    "Chart": {
      "acc": 0.4599980970195767,
      "f1": 0.4719288833976061,
      "count": 178
    },
    "Figure": {
      "acc": 0.41817192630314304,
      "f1": 0.4304441943100747,
      "count": 293
    },
    "Generalized-text (Layout)": {
      "acc": 0.4050581309128206,
      "f1": 0.4191471093793535,
      "count": 119
    },
    "Pure-text (Plain-text)": {
      "acc": 0.46044807362950696,
      "f1": 0.4750921272268782,
      "count": 298
    },
    "Table": {
      "acc": 0.45125822190042375,
      "f1": 0.4820509523479821,
      "count": 218
    }
  },
  "document_type_breakdowns": {
    "Academic paper": {
      "acc": 0.3280358104040793,
      "f1": 0.3418576896242173,
      "count": 204
    },
    "Administration/Industry file": {
      "acc": 0.5404193346310762,
      "f1": 0.5660433008046302,
      "count": 81
    },
    "Brochure": {
      "acc": 0.42406339329338494,
      "f1": 0.42476100881258383,
      "count": 101
    },
    "Financial report": {
      "acc": 0.4679565448796218,
      "f1": 0.5050854390955913,
      "count": 117
    },
    "Guidebook": {
      "acc": 0.5046824715124963,
      "f1": 0.4897618189995922,
      "count": 156
    },
    "Research report / Introduction": {
      "acc": 0.46447579353239626,
      "f1": 0.41607290908429506,
      "count": 293
    },
    "Tutorial/Workshop": {
      "acc": 0.5555920635979842,
      "f1": 0.5527737020349136,
      "count": 139
    }
  },
  "answer_format_breakdowns": {
    "Float": {
      "acc": 0.525,
      "f1": 0.5675675675675677,
      "count": 160
    },
    "Int": {
      "acc": 0.38275862068965516,
      "f1": 0.39292035398230085,
      "count": 290
    },
    "List": {
      "acc": 0.32784884427741573,
      "f1": 0.3430162285322428,
      "count": 147
    },
    "None": {
      "acc": 0.40837236533957844,
      "f1": 0.0,
      "count": 244
    },
    "Str": {
      "acc": 0.6299484902020843,
      "f1": 0.6534735375540294,
      "count": 250
    }
  },
  "sample_count": 1091,
  "completed_count": 1091,
  "failed_count": 0
}