{
  "Main_Task": {
    "Understanding": 0.41289719124906976,
    "Reasoning": 0.2851793142229912,
    "Locating": 0.21082772349032675
  },
  "Element_Type": {
    "Text": 0.4259109098708621,
    "Layout": 0.3188886400862272,
    "Figure": 0.28237880724536885,
    "Table": 0.24239649105065036
  },
  "Evidence_Pages": {
    "Single_Page": 0.30003980181018425,
    "Multi_Page": 0.3591925360702742
  },
  "Num_of_Element_Types": {
    "Cross_Element": 0.30736131216513657
  },
  "Fine_Grained": {
    "Understanding": {
      "Single_Page": {
        "Text": 0.44380684416700883,
        "Layout": 0.4889929698048077,
        "Figure": 0.32859969710394327,
        "Table": 0.3249098169150463
      },
      "Multi_Page": {
        "Text": 0.47624725374658916,
        "Layout": 0.4026531919276197,
        "Figure": 0.41368982120442427,
        "Table": 0.3952846744419793
      }
    },
    "Reasoning": {
      "Single_Page": {
        "Text": 0.2693222834080935,
        "Layout": 0.31440761136031165,
        "Figure": 0.17857142857142858,
        "Table": 0.24489795918367346
      },
      "Multi_Page": {
        "Text": 0.34782608695652173,
        "Layout": 0.3,
        "Figure": 0.3405228758169934,
        "Table": 0.27024722932651324
      }
    },
    "Locating": {
      "Cross_Element": {
        "Cross_Title": 0.2921953717035162,
        "Cross_Table": 0.10711375625661539,
        "Para_Title": 0.3405769855935692,
        "Figure_Table": 0.1196476960983454
      }
    }
  }
}