{
  "avg_acc": 0.33209179437372544,
  "rectified_avg_acc": 0.33123478329147066
}