{
  "overall_acc": 0.27212441863144515,
  "overall_f1": 0.21784204523018066,
  "breakdowns": {
    "single_page": {
      "acc": 0.29644340512829637,
      "f1": 0.33279388845857016,
      "count": 485
    },
    "cross_page": {
      "acc": 0.10328642070374776,
      "f1": 0.11410984802300277,
      "count": 369
    },
    "unanswerable": {
      "acc": 0.4918032786885246,
      "f1": 0.0,
      "count": 244
    }
  },
  "evidence_source_breakdowns": {
    "Chart": {
      "acc": 0.2204503734443444,
      "f1": 0.2429731670160576,
      "count": 178
    },
    "Figure": {
      "acc": 0.14124107233188302,
      "f1": 0.14678253993591484,
      "count": 293
    },
    "Generalized-text (Layout)": {
      "acc": 0.17178617478737526,
      "f1": 0.17595072216920957,
      "count": 119
    },
    "Pure-text (Plain-text)": {
      "acc": 0.20081251173199113,
      "f1": 0.2190448111604368,
      "count": 298
    },
    "Table": {
      "acc": 0.23596974810156848,
      "f1": 0.27945376779026004,
      "count": 218
    }
  },
  "document_type_breakdowns": {
    "Academic paper": {
      "acc": 0.20574252252874922,
      "f1": 0.16321225226055452,
      "count": 204
    },
    "Administration/Industry file": {
      "acc": 0.30240423891217544,
      "f1": 0.242105364873222,
      "count": 81
    },
    "Brochure": {
      "acc": 0.2953505220062562,
      "f1": 0.25101775598268206,
      "count": 101
    },
    "Financial report": {
      "acc": 0.24410632102939797,
      "f1": 0.2685766614338043,
      "count": 117
    },
    "Guidebook": {
      "acc": 0.27148717431467606,
      "f1": 0.2253511039385731,
      "count": 156
    },
    "Research report / Introduction": {
      "acc": 0.3148777155423464,
      "f1": 0.19836139737455527,
      "count": 293
    },
    "Tutorial/Workshop": {
      "acc": 0.26920511258336133,
      "f1": 0.24591489371378675,
      "count": 139
    }
  },
  "answer_format_breakdowns": {
    "Float": {
      "acc": 0.2,
      "f1": 0.25806451612903225,
      "count": 160
    },
    "Int": {
      "acc": 0.1896551724137931,
      "f1": 0.20220588235294115,
      "count": 290
    },
    "List": {
      "acc": 0.1561813692065793,
      "f1": 0.17069636634473723,
      "count": 147
    },
    "None": {
      "acc": 0.4918032786885246,
      "f1": 0.0,
      "count": 244
    },
    "Str": {
      "acc": 0.26771631781415806,
      "f1": 0.30491607951498634,
      "count": 250
    }
  },
  "sample_count": 1091,
  "completed_count": 1091,
  "failed_count": 0
}