{
  "overall_acc": 0.3236494140642764,
  "overall_f1": 0.30737132737429207,
  "breakdowns": {
    "single_page": {
      "acc": 0.4195535818363261,
      "f1": 0.4420804568701613,
      "count": 485
    },
    "cross_page": {
      "acc": 0.1913767575975811,
      "f1": 0.20205443076826157,
      "count": 369
    },
    "unanswerable": {
      "acc": 0.3360655737704918,
      "f1": 0.0,
      "count": 244
    }
  },
  "evidence_source_breakdowns": {
    "Chart": {
      "acc": 0.2878661037814231,
      "f1": 0.3050009909112697,
      "count": 178
    },
    "Figure": {
      "acc": 0.23761179701304697,
      "f1": 0.2415009161600813,
      "count": 293
    },
    "Generalized-text (Layout)": {
      "acc": 0.28683350090736576,
      "f1": 0.29192234896895614,
      "count": 119
    },
    "Pure-text (Plain-text)": {
      "acc": 0.3208051777472752,
      "f1": 0.32714265345960003,
      "count": 298
    },
    "Table": {
      "acc": 0.38429461703996953,
      "f1": 0.4191201342517132,
      "count": 218
    }
  },
  "document_type_breakdowns": {
    "Academic paper": {
      "acc": 0.23563677351575216,
      "f1": 0.24666607686014075,
      "count": 204
    },
    "Administration/Industry file": {
      "acc": 0.3881381209423537,
      "f1": 0.39766938835261817,
      "count": 81
    },
    "Brochure": {
      "acc": 0.2854495319072463,
      "f1": 0.2614419487740345,
      "count": 101
    },
    "Financial report": {
      "acc": 0.3739394508625278,
      "f1": 0.4016054867118697,
      "count": 117
    },
    "Guidebook": {
      "acc": 0.34532446037489484,
      "f1": 0.3323064747498698,
      "count": 156
    },
    "Research report / Introduction": {
      "acc": 0.34028537576229334,
      "f1": 0.27423828932600863,
      "count": 293
    },
    "Tutorial/Workshop": {
      "acc": 0.3412724587064628,
      "f1": 0.33421077762879936,
      "count": 139
    }
  },
  "answer_format_breakdowns": {
    "Float": {
      "acc": 0.3625,
      "f1": 0.4157706093189964,
      "count": 160
    },
    "Int": {
      "acc": 0.2655172413793103,
      "f1": 0.2725663716814159,
      "count": 290
    },
    "List": {
      "acc": 0.20115491418012427,
      "f1": 0.211969694512389,
      "count": 147
    },
    "None": {
      "acc": 0.3360655737704918,
      "f1": 0.0,
      "count": 244
    },
    "Str": {
      "acc": 0.4261269534385893,
      "f1": 0.4448089284327654,
      "count": 250
    }
  },
  "sample_count": 1091,
  "completed_count": 1091,
  "failed_count": 0
}