{
  "overall_acc": 0.2883701253948711,
  "overall_f1": 0.2576007249770662,
  "breakdowns": {
    "single_page": {
      "acc": 0.3405510591781179,
      "f1": 0.3775722088507269,
      "count": 485
    },
    "cross_page": {
      "acc": 0.1448361601745724,
      "f1": 0.15858914867779592,
      "count": 369
    },
    "unanswerable": {
      "acc": 0.4057377049180328,
      "f1": 0.0,
      "count": 244
    }
  },
  "evidence_source_breakdowns": {
    "Chart": {
      "acc": 0.2541582386128837,
      "f1": 0.27840102444980497,
      "count": 178
    },
    "Figure": {
      "acc": 0.17395106474750682,
      "f1": 0.18513293750858037,
      "count": 293
    },
    "Generalized-text (Layout)": {
      "acc": 0.24886144934164142,
      "f1": 0.2656010087143975,
      "count": 119
    },
    "Pure-text (Plain-text)": {
      "acc": 0.23528804305678974,
      "f1": 0.2555941344499938,
      "count": 298
    },
    "Table": {
      "acc": 0.29859366852365404,
      "f1": 0.34624159435189666,
      "count": 218
    }
  },
  "document_type_breakdowns": {
    "Academic paper": {
      "acc": 0.2227999748803192,
      "f1": 0.20906996797240696,
      "count": 204
    },
    "Administration/Industry file": {
      "acc": 0.338755404892971,
      "f1": 0.3199878775571739,
      "count": 81
    },
    "Brochure": {
      "acc": 0.2616871556696226,
      "f1": 0.2506797880077531,
      "count": 101
    },
    "Financial report": {
      "acc": 0.28763551090005124,
      "f1": 0.3160383402892114,
      "count": 117
    },
    "Guidebook": {
      "acc": 0.3282887999568814,
      "f1": 0.29750480689803044,
      "count": 156
    },
    "Research report / Introduction": {
      "acc": 0.3137400591145876,
      "f1": 0.23023923444976077,
      "count": 293
    },
    "Tutorial/Workshop": {
      "acc": 0.2769696152669287,
      "f1": 0.25990111473218586,
      "count": 139
    }
  },
  "answer_format_breakdowns": {
    "Float": {
      "acc": 0.25,
      "f1": 0.3125,
      "count": 160
    },
    "Int": {
      "acc": 0.2413793103448276,
      "f1": 0.25316455696202533,
      "count": 290
    },
    "List": {
      "acc": 0.19435219309168889,
      "f1": 0.21084702866773627,
      "count": 147
    },
    "None": {
      "acc": 0.4057377049180328,
      "f1": 0.0,
      "count": 244
    },
    "Str": {
      "acc": 0.30816813768530454,
      "f1": 0.34317164552929236,
      "count": 250
    }
  },
  "sample_count": 1091,
  "completed_count": 1091,
  "failed_count": 0
}