{
  "overall_acc": 0.4529325450180404,
  "avg_acc": 0.4529325450180404,
  "rectified_avg_acc": 0.4529325450180404,
  "fine_grained_metrics": {
    "Main_Task": {
      "Understanding": 0.5117598377094291,
      "Reasoning": 0.4651946325420031,
      "Locating": 0.3408926130940559
    },
    "Element_Type": {
      "Text": 0.5035319179719153,
      "Layout": 0.35489973948480596,
      "Figure": 0.47126632826376963,
      "Table": 0.4286746855511253
    },
    "Evidence_Pages": {
      "Single_Page": 0.4719128729567338,
      "Multi_Page": 0.43605944009020214
    },
    "Num_of_Element_Types": {
      "Cross_Element": 0.41611415610104824
    },
    "Fine_Grained": {
      "Understanding": {
        "Single_Page": {
          "Text": 0.45557257931001616,
          "Layout": 0.40156542227501446,
          "Figure": 0.5016234752833721,
          "Table": 0.5472015266126994
        },
        "Multi_Page": {
          "Text": 0.5506080765148417,
          "Layout": 0.4919242235682581,
          "Figure": 0.5247780177288254,
          "Table": 0.4672108015738756
        }
      },
      "Reasoning": {
        "Single_Page": {
          "Text": 0.3943222834080935,
          "Layout": 0.397740944693645,
          "Figure": 0.6428571428571429,
          "Table": 0.4897959183673469
        },
        "Multi_Page": {
          "Text": 0.46741200828157353,
          "Layout": 0.35,
          "Figure": 0.49111111111111105,
          "Table": 0.3675450153711023
        }
      },
      "Locating": {
        "Cross_Element": {
          "Cross_Title": 0.27186255827038724,
          "Cross_Table": 0.1017732808826606,
          "Para_Title": 0.5041808630511697,
          "Figure_Table": 0.43454450328482835
        }
      }
    }
  },
  "sample_count": 2325,
  "completed_count": 2325,
  "failed_count": 0
}