{
  "overall_acc": 0.29314922592676884,
  "avg_acc": 0.29314922592676884,
  "rectified_avg_acc": 0.2926448831724862,
  "fine_grained_metrics": {
    "Main_Task": {
      "Understanding": 0.3320650973952314,
      "Reasoning": 0.2895662909025624,
      "Locating": 0.22385652192009522
    },
    "Element_Type": {
      "Text": 0.3351292929141533,
      "Layout": 0.2098917854535621,
      "Figure": 0.3341242885937803,
      "Table": 0.2831686206504605
    },
    "Evidence_Pages": {
      "Single_Page": 0.3277220044217983,
      "Multi_Page": 0.2619505711731747
    },
    "Num_of_Element_Types": {
      "Cross_Element": 0.28814220236008864
    },
    "Fine_Grained": {
      "Understanding": {
        "Single_Page": {
          "Text": 0.3352146191871198,
          "Layout": 0.2473099888393348,
          "Figure": 0.4193443496627727,
          "Table": 0.35222646980613675
        },
        "Multi_Page": {
          "Text": 0.34766769173129153,
          "Layout": 0.2897569282379555,
          "Figure": 0.333493125632187,
          "Table": 0.275723286851393
        }
      },
      "Reasoning": {
        "Single_Page": {
          "Text": 0.22488839285714285,
          "Layout": 0.2496279761904762,
          "Figure": 0.3511904761904762,
          "Table": 0.37598116169544743
        },
        "Multi_Page": {
          "Text": 0.3464238659890833,
          "Layout": 0.2,
          "Figure": 0.2823529411764706,
          "Table": 0.13673551787156277
        }
      },
      "Locating": {
        "Cross_Element": {
          "Cross_Title": 0.15230604858222005,
          "Cross_Table": 0.04846337857534327,
          "Para_Title": 0.3171303872059259,
          "Figure_Table": 0.326465446847337
        }
      }
    }
  },
  "sample_count": 2325,
  "completed_count": 2321,
  "failed_count": 4
}