{
  "overall_acc": 0.5147416109328607,
  "avg_acc": 0.5147416109328607,
  "rectified_avg_acc": 0.5147416109328607,
  "fine_grained_metrics": {
    "Main_Task": {
      "Understanding": 0.5736379505548405,
      "Reasoning": 0.54324255361318,
      "Locating": 0.39353583400134484
    },
    "Element_Type": {
      "Text": 0.57308590195684,
      "Layout": 0.417136882932134,
      "Figure": 0.5177760767114024,
      "Table": 0.4875766209678989
    },
    "Evidence_Pages": {
      "Single_Page": 0.5414530996709,
      "Multi_Page": 0.491098960784002
    },
    "Num_of_Element_Types": {
      "Cross_Element": 0.47312511050507444
    },
    "Fine_Grained": {
      "Understanding": {
        "Single_Page": {
          "Text": 0.5348748221865511,
          "Layout": 0.5233782070072868,
          "Figure": 0.6031115692755074,
          "Table": 0.6205055455486074
        },
        "Multi_Page": {
          "Text": 0.5945768148363596,
          "Layout": 0.5328311530883558,
          "Figure": 0.5277824169008926,
          "Table": 0.5167840912197588
        }
      },
      "Reasoning": {
        "Single_Page": {
          "Text": 0.46932228340809345,
          "Layout": 0.647740944693645,
          "Figure": 0.7142857142857143,
          "Table": 0.5612244897959183
        },
        "Multi_Page": {
          "Text": 0.5881629964238659,
          "Layout": 0.4,
          "Figure": 0.5146405228758171,
          "Table": 0.4429732103645147
        }
      },
      "Locating": {
        "Cross_Element": {
          "Cross_Title": 0.3153440746171899,
          "Cross_Table": 0.13660764761656288,
          "Para_Title": 0.593471844534353,
          "Figure_Table": 0.48313869840686663
        }
      }
    }
  },
  "sample_count": 2325,
  "completed_count": 2325,
  "failed_count": 0
}