{
  "overall_acc": 0.5321114316900462,
  "avg_acc": 0.5321114316900462,
  "rectified_avg_acc": 0.5321114316900462,
  "fine_grained_metrics": {
    "Main_Task": {
      "Understanding": 0.5877677069108982,
      "Reasoning": 0.5719599602375633,
      "Locating": 0.41038174730528537
    },
    "Element_Type": {
      "Text": 0.5851841362790491,
      "Layout": 0.43873055830955704,
      "Figure": 0.5383679764030251,
      "Table": 0.5029102367715581
    },
    "Evidence_Pages": {
      "Single_Page": 0.54444007632336,
      "Multi_Page": 0.521277877677755
    },
    "Num_of_Element_Types": {
      "Cross_Element": 0.4850441653460343
    },
    "Fine_Grained": {
      "Understanding": {
        "Single_Page": {
          "Text": 0.5376387553936472,
          "Layout": 0.5383216374406543,
          "Figure": 0.5801013249886673,
          "Table": 0.6185938629887894
        },
        "Multi_Page": {
          "Text": 0.6117346983451698,
          "Layout": 0.5451231873324515,
          "Figure": 0.5654428057591562,
          "Table": 0.5932111935454265
        }
      },
      "Reasoning": {
        "Single_Page": {
          "Text": 0.46932228340809345,
          "Layout": 0.5644076113603117,
          "Figure": 0.7857142857142857,
          "Table": 0.5510204081632653
        },
        "Multi_Page": {
          "Text": 0.6152380952380951,
          "Layout": 0.425,
          "Figure": 0.6087581699346405,
          "Table": 0.5170838823012737
        }
      },
      "Locating": {
        "Cross_Element": {
          "Cross_Title": 0.36993241010569816,
          "Cross_Table": 0.15073406165467934,
          "Para_Title": 0.5978164245168256,
          "Figure_Table": 0.4760413767040404
        }
      }
    }
  },
  "sample_count": 2325,
  "completed_count": 2325,
  "failed_count": 0
}