{
  "avg_acc": 0.6446857926090435,
  "rectified_avg_acc": 0.6430220873377943
}