{
  "Main_Task": {
    "Understanding": 0.6549394841760089,
    "Reasoning": 0.6166196909818661,
    "Locating": 0.636409717726059
  },
  "Element_Type": {
    "Text": 0.6900500003609765,
    "Layout": 0.5946896070816926,
    "Figure": 0.6851250798362706,
    "Table": 0.6350328204180612
  },
  "Evidence_Pages": {
    "Single_Page": 0.6642817321348236,
    "Multi_Page": 0.6244326293680683
  },
  "Num_of_Element_Types": {
    "Cross_Element": 0.6746444177086668
  },
  "Fine_Grained": {
    "Understanding": {
      "Single_Page": {
        "Text": 0.6726909835117132,
        "Layout": 0.6170649599499377,
        "Figure": 0.6802113813222231,
        "Table": 0.6584562087535691
      },
      "Multi_Page": {
        "Text": 0.6826478859911522,
        "Layout": 0.6042837458138429,
        "Figure": 0.666609812042431,
        "Table": 0.6236230100128455
      }
    },
    "Reasoning": {
      "Single_Page": {
        "Text": 0.6289733601774044,
        "Layout": 0.7496279761904762,
        "Figure": 0.75,
        "Table": 0.5510204081632653
      },
      "Multi_Page": {
        "Text": 0.6404317711274233,
        "Layout": 0.6,
        "Figure": 0.6313464052287582,
        "Table": 0.59211682037769
      }
    },
    "Locating": {
      "Cross_Element": {
        "Cross_Title": 0.5072123263459991,
        "Cross_Table": 0.45846937240424546,
        "Para_Title": 0.8062856499886623,
        "Figure_Table": 0.745137667760534
      }
    }
  }
}