{
  "avg_acc": 0.6490901123859277,
  "rectified_avg_acc": 0.6284309002067627
}