{
  "avg_acc": 0.4227936318292995,
  "rectified_avg_acc": 0.4227936318292995
}