{
  "Main_Task": {
    "Understanding": 0.4817728466866314,
    "Reasoning": 0.3501797459646297,
    "Locating": 0.3577438617026286
  },
  "Element_Type": {
    "Text": 0.5133157770054187,
    "Layout": 0.3788105658975874,
    "Figure": 0.42937500275887314,
    "Table": 0.35019670194741537
  },
  "Evidence_Pages": {
    "Single_Page": 0.4417870712916728,
    "Multi_Page": 0.40660319112302645
  },
  "Num_of_Element_Types": {
    "Cross_Element": 0.4201990542750063
  },
  "Fine_Grained": {
    "Understanding": {
      "Single_Page": {
        "Text": 0.5235407573467846,
        "Layout": 0.5234343503287603,
        "Figure": 0.44533406202598436,
        "Table": 0.3953948599140944
      },
      "Multi_Page": {
        "Text": 0.5347944928267007,
        "Layout": 0.5229841045053008,
        "Figure": 0.43321678300719874,
        "Table": 0.3951012159255888
      }
    },
    "Reasoning": {
      "Single_Page": {
        "Text": 0.44720982142857146,
        "Layout": 0.6930803571428572,
        "Figure": 0.42857142857142855,
        "Table": 0.2755102040816326
      },
      "Multi_Page": {
        "Text": 0.4065424430641822,
        "Layout": 0.35,
        "Figure": 0.37411764705882355,
        "Table": 0.28519982433025914
      }
    },
    "Locating": {
      "Cross_Element": {
        "Cross_Title": 0.26527282729941615,
        "Cross_Table": 0.06973606625141296,
        "Para_Title": 0.533460525976765,
        "Figure_Table": 0.4910879185699103
      }
    }
  }
}