{
  "Main_Task": {
    "Understanding": 0.5152664787449773,
    "Reasoning": 0.3846523398354775,
    "Locating": 0.3813152682131334
  },
  "Element_Type": {
    "Text": 0.5529551725859191,
    "Layout": 0.3995003944312299,
    "Figure": 0.4598180960493908,
    "Table": 0.3707245900655096
  },
  "Evidence_Pages": {
    "Single_Page": 0.4671300594856218,
    "Multi_Page": 0.44158646374720056
  },
  "Num_of_Element_Types": {
    "Cross_Element": 0.4412801411902132
  },
  "Fine_Grained": {
    "Understanding": {
      "Single_Page": {
        "Text": 0.5572119926844912,
        "Layout": 0.5501483704410113,
        "Figure": 0.5169672694884943,
        "Table": 0.4085727619279341
      },
      "Multi_Page": {
        "Text": 0.5775219048138729,
        "Layout": 0.5269895529599694,
        "Figure": 0.4629168908658667,
        "Table": 0.4381764427337647
      }
    },
    "Reasoning": {
      "Single_Page": {
        "Text": 0.5088571671290237,
        "Layout": 0.647740944693645,
        "Figure": 0.39285714285714285,
        "Table": 0.3048469387755102
      },
      "Multi_Page": {
        "Text": 0.4934989648033126,
        "Layout": 0.425,
        "Figure": 0.39764705882352935,
        "Table": 0.27070707070707073
      }
    },
    "Locating": {
      "Cross_Element": {
        "Cross_Title": 0.3059221623385534,
        "Cross_Table": 0.09421581350218723,
        "Para_Title": 0.5282530217155669,
        "Figure_Table": 0.5163718627782249
      }
    }
  }
}