{
  "avg_acc": 0.4534842150556832,
  "rectified_avg_acc": 0.4534842150556832
}