{
  "overall_acc": 0.5701324343233759,
  "avg_acc": 0.5701324343233759,
  "rectified_avg_acc": 0.5701324343233759,
  "fine_grained_metrics": {
    "Main_Task": {
      "Understanding": 0.650521739557945,
      "Reasoning": 0.5531272175226726,
      "Locating": 0.43582612136697707
    },
    "Element_Type": {
      "Text": 0.6640041218969528,
      "Layout": 0.5162942563615098,
      "Figure": 0.5203369657928767,
      "Table": 0.5254882626475541
    },
    "Evidence_Pages": {
      "Single_Page": 0.6071748405481288,
      "Multi_Page": 0.5373996124946818
    },
    "Num_of_Element_Types": {
      "Cross_Element": 0.5556878165761732
    },
    "Fine_Grained": {
      "Understanding": {
        "Single_Page": {
          "Text": 0.687554080827911,
          "Layout": 0.6519915999407216,
          "Figure": 0.6129492727491285,
          "Table": 0.7143754994134598
        },
        "Multi_Page": {
          "Text": 0.643566213215955,
          "Layout": 0.6326925877548637,
          "Figure": 0.6070857460894546,
          "Table": 0.5295271816136655
        }
      },
      "Reasoning": {
        "Single_Page": {
          "Text": 0.6371010676270951,
          "Layout": 0.7314600804961141,
          "Figure": 0.6785714285714286,
          "Table": 0.6530612244897959
        },
        "Multi_Page": {
          "Text": 0.5876190476190476,
          "Layout": 0.35,
          "Figure": 0.47058823529411764,
          "Table": 0.43381642512077295
        }
      },
      "Locating": {
        "Cross_Element": {
          "Cross_Title": 0.3695850594346428,
          "Cross_Table": 0.26342240087029706,
          "Para_Title": 0.7575439751474445,
          "Figure_Table": 0.3967004774841059
        }
      }
    }
  },
  "sample_count": 2325,
  "completed_count": 2325,
  "failed_count": 0
}