{
  "overall_acc": 0.5879202859273353,
  "avg_acc": 0.5879202859273353,
  "rectified_avg_acc": 0.5879202859273353,
  "fine_grained_metrics": {
    "Main_Task": {
      "Understanding": 0.6682370568486002,
      "Reasoning": 0.5538759689922481,
      "Locating": 0.46323165916294207
    },
    "Element_Type": {
      "Text": 0.6739435606650783,
      "Layout": 0.511308391654355,
      "Figure": 0.5574270642231964,
      "Table": 0.5473817105739587
    },
    "Evidence_Pages": {
      "Single_Page": 0.6380022756404553,
      "Multi_Page": 0.5436291803184966
    },
    "Num_of_Element_Types": {
      "Cross_Element": 0.5612030910098221
    },
    "Fine_Grained": {
      "Understanding": {
        "Single_Page": {
          "Text": 0.7256742202179914,
          "Layout": 0.6987193556567123,
          "Figure": 0.6712026978523644,
          "Table": 0.7191241074293572
        },
        "Multi_Page": {
          "Text": 0.6620471609764002,
          "Layout": 0.5843602326021536,
          "Figure": 0.6156670368671654,
          "Table": 0.505334118410678
        }
      },
      "Reasoning": {
        "Single_Page": {
          "Text": 0.525,
          "Layout": 0.75,
          "Figure": 0.7142857142857143,
          "Table": 0.6573129251700679
        },
        "Multi_Page": {
          "Text": 0.5646376811594204,
          "Layout": 0.375,
          "Figure": 0.47058823529411764,
          "Table": 0.44830917874396137
        }
      },
      "Locating": {
        "Cross_Element": {
          "Cross_Title": 0.3688421581250568,
          "Cross_Table": 0.2646705660676605,
          "Para_Title": 0.7498543840784636,
          "Figure_Table": 0.4836804648997112
        }
      }
    }
  },
  "sample_count": 2325,
  "completed_count": 2325,
  "failed_count": 0
}