{
  "overall_acc": 0.5902441986106349,
  "avg_acc": 0.5902441986106349,
  "rectified_avg_acc": 0.5902441986106349,
  "fine_grained_metrics": {
    "Main_Task": {
      "Understanding": 0.6850222119888969,
      "Reasoning": 0.5400390952716534,
      "Locating": 0.4486906797084857
    },
    "Element_Type": {
      "Text": 0.6917605327958036,
      "Layout": 0.5265803795812606,
      "Figure": 0.5500274771115748,
      "Table": 0.5374452935370119
    },
    "Evidence_Pages": {
      "Single_Page": 0.6239240951130649,
      "Multi_Page": 0.5605320651193989
    },
    "Num_of_Element_Types": {
      "Cross_Element": 0.5709959825266393
    },
    "Fine_Grained": {
      "Understanding": {
        "Single_Page": {
          "Text": 0.7007324031105011,
          "Layout": 0.6900499483074946,
          "Figure": 0.6549765420308524,
          "Table": 0.7156250284606803
        },
        "Multi_Page": {
          "Text": 0.7112121228910497,
          "Layout": 0.6484816122692372,
          "Figure": 0.6630548948221726,
          "Table": 0.5618427202901524
        }
      },
      "Reasoning": {
        "Single_Page": {
          "Text": 0.575,
          "Layout": 0.75,
          "Figure": 0.5714285714285714,
          "Table": 0.6483843537414966
        },
        "Multi_Page": {
          "Text": 0.570214568040655,
          "Layout": 0.425,
          "Figure": 0.4117647058823529,
          "Table": 0.475516029863856
        }
      },
      "Locating": {
        "Cross_Element": {
          "Cross_Title": 0.39150158321675155,
          "Cross_Table": 0.22779590026147065,
          "Para_Title": 0.7480192075036408,
          "Figure_Table": 0.44141683683933486
        }
      }
    }
  },
  "sample_count": 2325,
  "completed_count": 2325,
  "failed_count": 0
}