{
  "overall_acc": 0.5450064137939789,
  "avg_acc": 0.5450064137939789,
  "rectified_avg_acc": 0.5450064137939789,
  "fine_grained_metrics": {
    "Main_Task": {
      "Understanding": 0.6094018298235431,
      "Reasoning": 0.5901598443778107,
      "Locating": 0.4046929177354309
    },
    "Element_Type": {
      "Text": 0.6158889808041476,
      "Layout": 0.4495949113815748,
      "Figure": 0.5100977382426856,
      "Table": 0.531536975029443
    },
    "Evidence_Pages": {
      "Single_Page": 0.5966196605883809,
      "Multi_Page": 0.4992383694930668
    },
    "Num_of_Element_Types": {
      "Cross_Element": 0.5116448784162565
    },
    "Fine_Grained": {
      "Understanding": {
        "Single_Page": {
          "Text": 0.6734790037225188,
          "Layout": 0.583556395786735,
          "Figure": 0.6645319939848712,
          "Table": 0.6989103431983372
        },
        "Multi_Page": {
          "Text": 0.5626479444901774,
          "Layout": 0.5096314218725284,
          "Figure": 0.5131282738621911,
          "Table": 0.511540615594515
        }
      },
      "Reasoning": {
        "Single_Page": {
          "Text": 0.5642156862745098,
          "Layout": 0.5833333333333334,
          "Figure": 0.5357142857142857,
          "Table": 0.6632653061224489
        },
        "Multi_Page": {
          "Text": 0.6347826086956522,
          "Layout": 0.525,
          "Figure": 0.49346405228758167,
          "Table": 0.5199824330259112
        }
      },
      "Locating": {
        "Cross_Element": {
          "Cross_Title": 0.2980571001097798,
          "Cross_Table": 0.22717304897184162,
          "Para_Title": 0.6784008620077459,
          "Figure_Table": 0.4319799932404562
        }
      }
    }
  },
  "sample_count": 2325,
  "completed_count": 2325,
  "failed_count": 0
}