{
  "overall_acc": 0.505808416652015,
  "avg_acc": 0.505808416652015,
  "rectified_avg_acc": 0.5055908646448529,
  "fine_grained_metrics": {
    "Main_Task": {
      "Understanding": 0.5750701272763312,
      "Reasoning": 0.48958474432849947,
      "Locating": 0.3902407137261499
    },
    "Element_Type": {
      "Text": 0.5853385722893212,
      "Layout": 0.43591140525068556,
      "Figure": 0.4819448109407821,
      "Table": 0.4881855627741814
    },
    "Evidence_Pages": {
      "Single_Page": 0.5614894462548795,
      "Multi_Page": 0.455997162462125
    },
    "Num_of_Element_Types": {
      "Cross_Element": 0.505688844588449
    },
    "Fine_Grained": {
      "Understanding": {
        "Single_Page": {
          "Text": 0.6331840364935063,
          "Layout": 0.6037533678719921,
          "Figure": 0.5685593140693266,
          "Table": 0.6487072503263647
        },
        "Multi_Page": {
          "Text": 0.5336712595224103,
          "Layout": 0.4984203928448289,
          "Figure": 0.5100617479756347,
          "Table": 0.489887041773231
        }
      },
      "Reasoning": {
        "Single_Page": {
          "Text": 0.5368798846139504,
          "Layout": 0.6481267471627808,
          "Figure": 0.5714285714285714,
          "Table": 0.5816326530612245
        },
        "Multi_Page": {
          "Text": 0.5175983436853001,
          "Layout": 0.425,
          "Figure": 0.3875816993464052,
          "Table": 0.34095430003358396
        }
      },
      "Locating": {
        "Cross_Element": {
          "Cross_Title": 0.23880286646264418,
          "Cross_Table": 0.20406127771988627,
          "Para_Title": 0.7329671717297199,
          "Figure_Table": 0.4203017158485083
        }
      }
    }
  },
  "sample_count": 2325,
  "completed_count": 2324,
  "failed_count": 1
}