{
  "overall_acc": 0.5113579585820659,
  "avg_acc": 0.5113579585820659,
  "rectified_avg_acc": 0.5113579585820659,
  "fine_grained_metrics": {
    "Main_Task": {
      "Understanding": 0.5698155900289282,
      "Reasoning": 0.5209398855027622,
      "Locating": 0.40147156778097354
    },
    "Element_Type": {
      "Text": 0.5732587160048256,
      "Layout": 0.43262065992029664,
      "Figure": 0.5205857176138982,
      "Table": 0.4910340676232517
    },
    "Evidence_Pages": {
      "Single_Page": 0.5816088993956183,
      "Multi_Page": 0.44976319240966867
    },
    "Num_of_Element_Types": {
      "Cross_Element": 0.5043202750137538
    },
    "Fine_Grained": {
      "Understanding": {
        "Single_Page": {
          "Text": 0.628407735823958,
          "Layout": 0.6180305141600664,
          "Figure": 0.6443162034170681,
          "Table": 0.6367755173084281
        },
        "Multi_Page": {
          "Text": 0.5217488848234489,
          "Layout": 0.4786244153444061,
          "Figure": 0.506575877136095,
          "Table": 0.45412054088693826
        }
      },
      "Reasoning": {
        "Single_Page": {
          "Text": 0.6117641438732097,
          "Layout": 0.7310742780269783,
          "Figure": 0.5714285714285714,
          "Table": 0.5871598639455783
        },
        "Multi_Page": {
          "Text": 0.5217391304347826,
          "Layout": 0.4,
          "Figure": 0.49346405228758167,
          "Table": 0.40068201193520886
        }
      },
      "Locating": {
        "Cross_Element": {
          "Cross_Title": 0.26751309693283043,
          "Cross_Table": 0.22577821929848532,
          "Para_Title": 0.6675637839319365,
          "Figure_Table": 0.4560533034372003
        }
      }
    }
  },
  "sample_count": 2325,
  "completed_count": 2325,
  "failed_count": 0
}