{
  "overall_acc": 0.5298318263043351,
  "avg_acc": 0.5298318263043351,
  "rectified_avg_acc": 0.5298318263043351,
  "fine_grained_metrics": {
    "Main_Task": {
      "Understanding": 0.5914347665961631,
      "Reasoning": 0.5479668129886023,
      "Locating": 0.409557445542387
    },
    "Element_Type": {
      "Text": 0.6014519966955204,
      "Layout": 0.4413010267284619,
      "Figure": 0.522624588775489,
      "Table": 0.5161181009465191
    },
    "Evidence_Pages": {
      "Single_Page": 0.593146112557487,
      "Multi_Page": 0.47364135492749315
    },
    "Num_of_Element_Types": {
      "Cross_Element": 0.5180258056884115
    },
    "Fine_Grained": {
      "Understanding": {
        "Single_Page": {
          "Text": 0.6404938806398114,
          "Layout": 0.6316127029740024,
          "Figure": 0.6280467413279271,
          "Table": 0.6913329212233648
        },
        "Multi_Page": {
          "Text": 0.558971453511575,
          "Layout": 0.48854839817883444,
          "Figure": 0.5140905102898004,
          "Table": 0.4671183356285658
        }
      },
      "Reasoning": {
        "Single_Page": {
          "Text": 0.5327838218696319,
          "Layout": 0.5644076113603117,
          "Figure": 0.5714285714285714,
          "Table": 0.6326530612244898
        },
        "Multi_Page": {
          "Text": 0.5906832298136646,
          "Layout": 0.5,
          "Figure": 0.4816993464052287,
          "Table": 0.4620114185331577
        }
      },
      "Locating": {
        "Cross_Element": {
          "Cross_Title": 0.2870862695711863,
          "Cross_Table": 0.18014362240709436,
          "Para_Title": 0.6940955578149776,
          "Figure_Table": 0.4725060459922274
        }
      }
    }
  },
  "sample_count": 2325,
  "completed_count": 2325,
  "failed_count": 0
}