{
  "avg_acc": 0.552261418699773,
  "rectified_avg_acc": 0.5508362279418381
}