{
  "Main_Task": {
    "Understanding": 0.5729915641063077,
    "Reasoning": 0.47367315379452457,
    "Locating": 0.5541787126074118
  },
  "Element_Type": {
    "Text": 0.6151870247435813,
    "Layout": 0.5259546804442738,
    "Figure": 0.5988635518137114,
    "Table": 0.49280961386116845
  },
  "Evidence_Pages": {
    "Single_Page": 0.5427730832830099,
    "Multi_Page": 0.5583877685844068
  },
  "Num_of_Element_Types": {
    "Cross_Element": 0.5741416300584451
  },
  "Fine_Grained": {
    "Understanding": {
      "Single_Page": {
        "Text": 0.623529971320823,
        "Layout": 0.6009717468734024,
        "Figure": 0.5322397091672252,
        "Table": 0.46659209955248515
      },
      "Multi_Page": {
        "Text": 0.6436671328238734,
        "Layout": 0.5725936466488663,
        "Figure": 0.6032820708313111,
        "Table": 0.5105673292864596
      }
    },
    "Reasoning": {
      "Single_Page": {
        "Text": 0.4021405958016998,
        "Layout": 0.6662946428571429,
        "Figure": 0.6071428571428571,
        "Table": 0.2755102040816326
      },
      "Multi_Page": {
        "Text": 0.5954921889704498,
        "Layout": 0.575,
        "Figure": 0.5169934640522875,
        "Table": 0.45922034995261535
      }
    },
    "Locating": {
      "Cross_Element": {
        "Cross_Title": 0.48806848983594575,
        "Cross_Table": 0.3742617705342279,
        "Para_Title": 0.5860574789662871,
        "Figure_Table": 0.690933251512693
      }
    }
  }
}