{
  "avg_acc": 0.5010025185082905,
  "rectified_avg_acc": 0.5010025185082905
}