{
  "overall_acc": 0.28562037374977833,
  "overall_f1": 0.16535005065877398,
  "breakdowns": {
    "single_page": {
      "acc": 0.17184912940414046,
      "f1": 0.24353055107179625,
      "count": 485
    },
    "cross_page": {
      "acc": 0.03865853658536585,
      "f1": 0.06396860986547086,
      "count": 369
    },
    "unanswerable": {
      "acc": 0.9057377049180327,
      "f1": 0.0,
      "count": 244
    }
  },
  "evidence_source_breakdowns": {
    "Chart": {
      "acc": 0.08722885089697915,
      "f1": 0.14244711430882837,
      "count": 178
    },
    "Figure": {
      "acc": 0.030229156509019993,
      "f1": 0.03649310191366266,
      "count": 293
    },
    "Generalized-text (Layout)": {
      "acc": 0.10084033613445378,
      "f1": 0.14864864864864866,
      "count": 119
    },
    "Pure-text (Plain-text)": {
      "acc": 0.178810124082787,
      "f1": 0.23376473220540664,
      "count": 298
    },
    "Table": {
      "acc": 0.13441260574288097,
      "f1": 0.19722611882890626,
      "count": 218
    }
  },
  "document_type_breakdowns": {
    "Academic paper": {
      "acc": 0.2864750445632798,
      "f1": 0.13374038896426957,
      "count": 204
    },
    "Administration/Industry file": {
      "acc": 0.30687830687830686,
      "f1": 0.21428571428571433,
      "count": 81
    },
    "Brochure": {
      "acc": 0.2755485418082364,
      "f1": 0.18037436188315373,
      "count": 101
    },
    "Financial report": {
      "acc": 0.24621539255685598,
      "f1": 0.30287779068266873,
      "count": 117
    },
    "Guidebook": {
      "acc": 0.3149236874236874,
      "f1": 0.20390589569161,
      "count": 156
    },
    "Research report / Introduction": {
      "acc": 0.3137306379627199,
      "f1": 0.11305361305361307,
      "count": 293
    },
    "Tutorial/Workshop": {
      "acc": 0.22032374100719423,
      "f1": 0.061440677966101705,
      "count": 139
    }
  },
  "answer_format_breakdowns": {
    "Float": {
      "acc": 0.15,
      "f1": 0.2296650717703349,
      "count": 160
    },
    "Int": {
      "acc": 0.05172413793103448,
      "f1": 0.08771929824561403,
      "count": 290
    },
    "List": {
      "acc": 0.05622448979591837,
      "f1": 0.08654450261780106,
      "count": 147
    },
    "None": {
      "acc": 0.9057377049180327,
      "f1": 0.0,
      "count": 244
    },
    "Str": {
      "acc": 0.17338731104403254,
      "f1": 0.2619143671360008,
      "count": 250
    }
  },
  "sample_count": 1091,
  "completed_count": 1091,
  "failed_count": 0
}