{
  "overall_acc": 0.32458007611354883,
  "overall_f1": 0.24206315769788456,
  "breakdowns": {
    "single_page": {
      "acc": 0.23907713814567297,
      "f1": 0.3209202120785019,
      "count": 485
    },
    "cross_page": {
      "acc": 0.0980066423827382,
      "f1": 0.14913175686280575,
      "count": 369
    },
    "unanswerable": {
      "acc": 0.8565573770491803,
      "f1": 0.0,
      "count": 244
    }
  },
  "evidence_source_breakdowns": {
    "Chart": {
      "acc": 0.1283913400931762,
      "f1": 0.18965691731606113,
      "count": 178
    },
    "Figure": {
      "acc": 0.0511203442647277,
      "f1": 0.06984408670300418,
      "count": 293
    },
    "Generalized-text (Layout)": {
      "acc": 0.1482441308171398,
      "f1": 0.21198791805400813,
      "count": 119
    },
    "Pure-text (Plain-text)": {
      "acc": 0.2562767434566362,
      "f1": 0.32265334674454693,
      "count": 298
    },
    "Table": {
      "acc": 0.23046487151991737,
      "f1": 0.31363912096396174,
      "count": 218
    }
  },
  "document_type_breakdowns": {
    "Academic paper": {
      "acc": 0.3180752538169418,
      "f1": 0.22609040854721507,
      "count": 204
    },
    "Administration/Industry file": {
      "acc": 0.3333333333333333,
      "f1": 0.26804123711340205,
      "count": 81
    },
    "Brochure": {
      "acc": 0.30465145209926553,
      "f1": 0.22208342020914462,
      "count": 101
    },
    "Financial report": {
      "acc": 0.33193658193658193,
      "f1": 0.39063288449791517,
      "count": 117
    },
    "Guidebook": {
      "acc": 0.393363817818277,
      "f1": 0.3191821258657741,
      "count": 156
    },
    "Research report / Introduction": {
      "acc": 0.32990713548694345,
      "f1": 0.17067675223304093,
      "count": 293
    },
    "Tutorial/Workshop": {
      "acc": 0.2488891239949217,
      "f1": 0.12451783992285438,
      "count": 139
    }
  },
  "answer_format_breakdowns": {
    "Float": {
      "acc": 0.25625,
      "f1": 0.3596491228070175,
      "count": 160
    },
    "Int": {
      "acc": 0.1,
      "f1": 0.15760869565217392,
      "count": 290
    },
    "List": {
      "acc": 0.1165914921289164,
      "f1": 0.1624544961417129,
      "count": 147
    },
    "None": {
      "acc": 0.8565573770491803,
      "f1": 0.0,
      "count": 244
    },
    "Str": {
      "acc": 0.23191165478772427,
      "f1": 0.3248062391984934,
      "count": 250
    }
  },
  "sample_count": 1091,
  "completed_count": 1091,
  "failed_count": 0
}