{
  "overall_acc": 0.3193864264862587,
  "overall_f1": 0.2276894010101749,
  "breakdowns": {
    "single_page": {
      "acc": 0.22126012382911234,
      "f1": 0.3044344766528664,
      "count": 485
    },
    "cross_page": {
      "acc": 0.09251878384658209,
      "f1": 0.13877817576987314,
      "count": 369
    },
    "unanswerable": {
      "acc": 0.8770491803278688,
      "f1": 0.0,
      "count": 244
    }
  },
  "evidence_source_breakdowns": {
    "Chart": {
      "acc": 0.12878133102852204,
      "f1": 0.1926308985132515,
      "count": 178
    },
    "Figure": {
      "acc": 0.04436860068259386,
      "f1": 0.060060060060060066,
      "count": 293
    },
    "Generalized-text (Layout)": {
      "acc": 0.15966386554621848,
      "f1": 0.22222222222222224,
      "count": 119
    },
    "Pure-text (Plain-text)": {
      "acc": 0.21427168200803473,
      "f1": 0.26566804317006704,
      "count": 298
    },
    "Table": {
      "acc": 0.21670340363000912,
      "f1": 0.2917434825952176,
      "count": 218
    }
  },
  "document_type_breakdowns": {
    "Academic paper": {
      "acc": 0.3122103386809269,
      "f1": 0.21754104925911097,
      "count": 204
    },
    "Administration/Industry file": {
      "acc": 0.3273475495697718,
      "f1": 0.2303030303030303,
      "count": 81
    },
    "Brochure": {
      "acc": 0.30610037747960844,
      "f1": 0.2348388750080082,
      "count": 101
    },
    "Financial report": {
      "acc": 0.3316854780269414,
      "f1": 0.4000905777251843,
      "count": 117
    },
    "Guidebook": {
      "acc": 0.39104183639412843,
      "f1": 0.3111391830831559,
      "count": 156
    },
    "Research report / Introduction": {
      "acc": 0.32738251509582567,
      "f1": 0.14682860998650474,
      "count": 293
    },
    "Tutorial/Workshop": {
      "acc": 0.22730639018197205,
      "f1": 0.07659313725490195,
      "count": 139
    }
  },
  "answer_format_breakdowns": {
    "Float": {
      "acc": 0.2125,
      "f1": 0.3022222222222222,
      "count": 160
    },
    "Int": {
      "acc": 0.10344827586206896,
      "f1": 0.16129032258064516,
      "count": 290
    },
    "List": {
      "acc": 0.09601312614359939,
      "f1": 0.13905349303555775,
      "count": 147
    },
    "None": {
      "acc": 0.8770491803278688,
      "f1": 0.0,
      "count": 244
    },
    "Str": {
      "acc": 0.2253466470135967,
      "f1": 0.32100661967748817,
      "count": 250
    }
  },
  "sample_count": 1091,
  "completed_count": 1091,
  "failed_count": 0
}