{
  "overall_acc": 0.27244456972624004,
  "overall_f1": 0.14461557406899797,
  "breakdowns": {
    "single_page": {
      "acc": 0.15383922798211935,
      "f1": 0.21951956354327237,
      "count": 485
    },
    "cross_page": {
      "acc": 0.028794037940379404,
      "f1": 0.0481859410430839,
      "count": 369
    },
    "unanswerable": {
      "acc": 0.8975409836065574,
      "f1": 0.0,
      "count": 244
    }
  },
  "evidence_source_breakdowns": {
    "Chart": {
      "acc": 0.07303370786516854,
      "f1": 0.11764705882352941,
      "count": 178
    },
    "Figure": {
      "acc": 0.03705509507557289,
      "f1": 0.04988662131519274,
      "count": 293
    },
    "Generalized-text (Layout)": {
      "acc": 0.09243697478991597,
      "f1": 0.1408450704225352,
      "count": 119
    },
    "Pure-text (Plain-text)": {
      "acc": 0.1434328119204036,
      "f1": 0.18616134350145977,
      "count": 298
    },
    "Table": {
      "acc": 0.13659696572540608,
      "f1": 0.1991566680147995,
      "count": 218
    }
  },
  "document_type_breakdowns": {
    "Academic paper": {
      "acc": 0.25935828877005346,
      "f1": 0.11562224183583406,
      "count": 204
    },
    "Administration/Industry file": {
      "acc": 0.23280423280423282,
      "f1": 0.13945578231292519,
      "count": 81
    },
    "Brochure": {
      "acc": 0.2769974671885793,
      "f1": 0.17262969588550983,
      "count": 101
    },
    "Financial report": {
      "acc": 0.22995522995522996,
      "f1": 0.2644022644022644,
      "count": 117
    },
    "Guidebook": {
      "acc": 0.3202838827838828,
      "f1": 0.19831410825199647,
      "count": 156
    },
    "Research report / Introduction": {
      "acc": 0.30716723549488056,
      "f1": 0.09774436090225563,
      "count": 293
    },
    "Tutorial/Workshop": {
      "acc": 0.22032374100719423,
      "f1": 0.061440677966101705,
      "count": 139
    }
  },
  "answer_format_breakdowns": {
    "Float": {
      "acc": 0.1375,
      "f1": 0.21153846153846154,
      "count": 160
    },
    "Int": {
      "acc": 0.04482758620689655,
      "f1": 0.07761194029850746,
      "count": 290
    },
    "List": {
      "acc": 0.05187074829931973,
      "f1": 0.07860824742268042,
      "count": 147
    },
    "None": {
      "acc": 0.8975409836065574,
      "f1": 0.0,
      "count": 244
    },
    "Str": {
      "acc": 0.1424481022853116,
      "f1": 0.2225751598207994,
      "count": 250
    }
  },
  "sample_count": 1091,
  "completed_count": 1091,
  "failed_count": 0
}