{
  "overall_acc": 0.2863761147012412,
  "overall_f1": 0.1656455455417648,
  "breakdowns": {
    "single_page": {
      "acc": 0.17293991189296168,
      "f1": 0.2456097676296691,
      "count": 485
    },
    "cross_page": {
      "acc": 0.03945930588338142,
      "f1": 0.06400212690535272,
      "count": 369
    },
    "unanswerable": {
      "acc": 0.9057377049180327,
      "f1": 0.0,
      "count": 244
    }
  },
  "evidence_source_breakdowns": {
    "Chart": {
      "acc": 0.07782954234036722,
      "f1": 0.12537247544421146,
      "count": 178
    },
    "Figure": {
      "acc": 0.0438810336421258,
      "f1": 0.06084656084656086,
      "count": 293
    },
    "Generalized-text (Layout)": {
      "acc": 0.10084033613445378,
      "f1": 0.1476510067114094,
      "count": 119
    },
    "Pure-text (Plain-text)": {
      "acc": 0.1641771682352297,
      "f1": 0.20962398067049232,
      "count": 298
    },
    "Table": {
      "acc": 0.1468187775527225,
      "f1": 0.2116484198395461,
      "count": 218
    }
  },
  "document_type_breakdowns": {
    "Academic paper": {
      "acc": 0.27896613190730835,
      "f1": 0.12533097969991172,
      "count": 204
    },
    "Administration/Industry file": {
      "acc": 0.2638554860777083,
      "f1": 0.14319762634369376,
      "count": 81
    },
    "Brochure": {
      "acc": 0.28252423937799337,
      "f1": 0.20783690409328523,
      "count": 101
    },
    "Financial report": {
      "acc": 0.22995522995522996,
      "f1": 0.26626425217974514,
      "count": 117
    },
    "Guidebook": {
      "acc": 0.37451012249399346,
      "f1": 0.28903643916050864,
      "count": 156
    },
    "Research report / Introduction": {
      "acc": 0.30602957906712175,
      "f1": 0.10161090458488228,
      "count": 293
    },
    "Tutorial/Workshop": {
      "acc": 0.22032374100719423,
      "f1": 0.061440677966101705,
      "count": 139
    }
  },
  "answer_format_breakdowns": {
    "Float": {
      "acc": 0.13125,
      "f1": 0.2028985507246377,
      "count": 160
    },
    "Int": {
      "acc": 0.06551724137931035,
      "f1": 0.10888252148997134,
      "count": 290
    },
    "List": {
      "acc": 0.06800144300144301,
      "f1": 0.10358769037525516,
      "count": 147
    },
    "None": {
      "acc": 0.9057377049180327,
      "f1": 0.0,
      "count": 244
    },
    "Str": {
      "acc": 0.16576051607136819,
      "f1": 0.24963933143278338,
      "count": 250
    }
  },
  "sample_count": 1091,
  "completed_count": 1091,
  "failed_count": 0
}