{
  "overall_acc": 0.3352320975051922,
  "overall_f1": 0.2608680941583301,
  "breakdowns": {
    "single_page": {
      "acc": 0.2552829779610691,
      "f1": 0.33566736871011066,
      "count": 485
    },
    "cross_page": {
      "acc": 0.12175060722776741,
      "f1": 0.17827767486923085,
      "count": 369
    },
    "unanswerable": {
      "acc": 0.8360655737704918,
      "f1": 0.0,
      "count": 244
    }
  },
  "evidence_source_breakdowns": {
    "Chart": {
      "acc": 0.14001728608470182,
      "f1": 0.20099255583126552,
      "count": 178
    },
    "Figure": {
      "acc": 0.051073591260847206,
      "f1": 0.06876185195073696,
      "count": 293
    },
    "Generalized-text (Layout)": {
      "acc": 0.19309462915601025,
      "f1": 0.26479832372970147,
      "count": 119
    },
    "Pure-text (Plain-text)": {
      "acc": 0.2589629316001826,
      "f1": 0.3125654949525809,
      "count": 298
    },
    "Table": {
      "acc": 0.26608483259859406,
      "f1": 0.3508091908091909,
      "count": 218
    }
  },
  "document_type_breakdowns": {
    "Academic paper": {
      "acc": 0.3173078235571667,
      "f1": 0.2569295223130526,
      "count": 204
    },
    "Administration/Industry file": {
      "acc": 0.3617217930943421,
      "f1": 0.3134512546277252,
      "count": 81
    },
    "Brochure": {
      "acc": 0.2938741548573462,
      "f1": 0.2067484892140171,
      "count": 101
    },
    "Financial report": {
      "acc": 0.35757760757760754,
      "f1": 0.4197178323684348,
      "count": 117
    },
    "Guidebook": {
      "acc": 0.4166971511516104,
      "f1": 0.3422968511192644,
      "count": 156
    },
    "Research report / Introduction": {
      "acc": 0.34330970508444913,
      "f1": 0.18332055541357867,
      "count": 293
    },
    "Tutorial/Workshop": {
      "acc": 0.2488891239949217,
      "f1": 0.12451783992285438,
      "count": 139
    }
  },
  "answer_format_breakdowns": {
    "Float": {
      "acc": 0.275,
      "f1": 0.37130801687763715,
      "count": 160
    },
    "Int": {
      "acc": 0.12413793103448276,
      "f1": 0.1875,
      "count": 290
    },
    "List": {
      "acc": 0.11257127093261546,
      "f1": 0.15685286092032677,
      "count": 147
    },
    "None": {
      "acc": 0.8360655737704918,
      "f1": 0.0,
      "count": 244
    },
    "Str": {
      "acc": 0.26076096620428085,
      "f1": 0.3542947910384251,
      "count": 250
    }
  },
  "sample_count": 1091,
  "completed_count": 1091,
  "failed_count": 0
}