{
  "overall_acc": 0.30981691938918926,
  "overall_f1": 0.21182336641250946,
  "breakdowns": {
    "single_page": {
      "acc": 0.1989804699017118,
      "f1": 0.27413637948646313,
      "count": 485
    },
    "cross_page": {
      "acc": 0.0880887023069789,
      "f1": 0.1380243360988332,
      "count": 369
    },
    "unanswerable": {
      "acc": 0.8852459016393442,
      "f1": 0.0,
      "count": 244
    }
  },
  "evidence_source_breakdowns": {
    "Chart": {
      "acc": 0.08426966292134831,
      "f1": 0.13215859030837004,
      "count": 178
    },
    "Figure": {
      "acc": 0.040955631399317405,
      "f1": 0.0547112462006079,
      "count": 293
    },
    "Generalized-text (Layout)": {
      "acc": 0.12321672855188587,
      "f1": 0.18217054263565893,
      "count": 119
    },
    "Pure-text (Plain-text)": {
      "acc": 0.20786482798349415,
      "f1": 0.26101529092200115,
      "count": 298
    },
    "Table": {
      "acc": 0.22868186859012546,
      "f1": 0.3141649347437129,
      "count": 218
    }
  },
  "document_type_breakdowns": {
    "Academic paper": {
      "acc": 0.31327985739750447,
      "f1": 0.20546269873624134,
      "count": 204
    },
    "Administration/Industry file": {
      "acc": 0.33162920050174954,
      "f1": 0.2550960266804669,
      "count": 81
    },
    "Brochure": {
      "acc": 0.2839731647583363,
      "f1": 0.19245566919985524,
      "count": 101
    },
    "Financial report": {
      "acc": 0.30498063190370883,
      "f1": 0.3725030380874537,
      "count": 117
    },
    "Guidebook": {
      "acc": 0.3841071920910631,
      "f1": 0.30418894877068736,
      "count": 156
    },
    "Research report / Introduction": {
      "acc": 0.3151176019260788,
      "f1": 0.12512243584361793,
      "count": 293
    },
    "Tutorial/Workshop": {
      "acc": 0.22032374100719423,
      "f1": 0.06196581196581197,
      "count": 139
    }
  },
  "answer_format_breakdowns": {
    "Float": {
      "acc": 0.18125,
      "f1": 0.2636363636363636,
      "count": 160
    },
    "Int": {
      "acc": 0.1103448275862069,
      "f1": 0.17438692098092642,
      "count": 290
    },
    "List": {
      "acc": 0.10885918042301526,
      "f1": 0.16245989362622584,
      "count": 147
    },
    "None": {
      "acc": 0.8852459016393442,
      "f1": 0.0,
      "count": 244
    },
    "Str": {
      "acc": 0.18003183812568882,
      "f1": 0.264752703126013,
      "count": 250
    }
  },
  "sample_count": 1091,
  "completed_count": 1091,
  "failed_count": 0
}