{
  "overall_acc": 0.30222832069167327,
  "overall_f1": 0.2014466455606885,
  "breakdowns": {
    "single_page": {
      "acc": 0.2000220215439805,
      "f1": 0.276106381744879,
      "count": 485
    },
    "cross_page": {
      "acc": 0.06970302825415994,
      "f1": 0.11015168062434699,
      "count": 369
    },
    "unanswerable": {
      "acc": 0.8770491803278688,
      "f1": 0.0,
      "count": 244
    }
  },
  "evidence_source_breakdowns": {
    "Chart": {
      "acc": 0.10519178612940722,
      "f1": 0.15935436537050623,
      "count": 178
    },
    "Figure": {
      "acc": 0.030716723549488054,
      "f1": 0.037267080745341616,
      "count": 293
    },
    "Generalized-text (Layout)": {
      "acc": 0.13162008989642368,
      "f1": 0.19293145654834762,
      "count": 119
    },
    "Pure-text (Plain-text)": {
      "acc": 0.19562648497593887,
      "f1": 0.2484101332824687,
      "count": 298
    },
    "Table": {
      "acc": 0.1985186067754875,
      "f1": 0.2754205620655132,
      "count": 218
    }
  },
  "document_type_breakdowns": {
    "Academic paper": {
      "acc": 0.28279857397504454,
      "f1": 0.1730639730639731,
      "count": 204
    },
    "Administration/Industry file": {
      "acc": 0.30265619154508044,
      "f1": 0.22137161084529508,
      "count": 81
    },
    "Brochure": {
      "acc": 0.2862983972815886,
      "f1": 0.18709694576302738,
      "count": 101
    },
    "Financial report": {
      "acc": 0.29749744383890725,
      "f1": 0.37411949258639154,
      "count": 117
    },
    "Guidebook": {
      "acc": 0.3704472409311119,
      "f1": 0.27033829074151655,
      "count": 156
    },
    "Research report / Introduction": {
      "acc": 0.32555265743586653,
      "f1": 0.14306616581550108,
      "count": 293
    },
    "Tutorial/Workshop": {
      "acc": 0.22032374100719423,
      "f1": 0.06196581196581197,
      "count": 139
    }
  },
  "answer_format_breakdowns": {
    "Float": {
      "acc": 0.1875,
      "f1": 0.2702702702702703,
      "count": 160
    },
    "Int": {
      "acc": 0.07931034482758621,
      "f1": 0.12568306010928962,
      "count": 290
    },
    "List": {
      "acc": 0.10696821424633479,
      "f1": 0.16127515378678167,
      "count": 147
    },
    "None": {
      "acc": 0.8770491803278688,
      "f1": 0.0,
      "count": 244
    },
    "Str": {
      "acc": 0.1880270815216174,
      "f1": 0.279802204645264,
      "count": 250
    }
  },
  "sample_count": 1091,
  "completed_count": 1091,
  "failed_count": 0
}