{
  "overall_acc": 0.30524580937971063,
  "overall_f1": 0.21075184904875205,
  "breakdowns": {
    "single_page": {
      "acc": 0.2093227168901202,
      "f1": 0.2944595566719885,
      "count": 485
    },
    "cross_page": {
      "acc": 0.06911019062752297,
      "f1": 0.1094491860152617,
      "count": 369
    },
    "unanswerable": {
      "acc": 0.8729508196721312,
      "f1": 0.0,
      "count": 244
    }
  },
  "evidence_source_breakdowns": {
    "Chart": {
      "acc": 0.10030145245272679,
      "f1": 0.15869918699186997,
      "count": 178
    },
    "Figure": {
      "acc": 0.04088143641489835,
      "f1": 0.054912910517218444,
      "count": 293
    },
    "Generalized-text (Layout)": {
      "acc": 0.13427109974424553,
      "f1": 0.19971014492753622,
      "count": 119
    },
    "Pure-text (Plain-text)": {
      "acc": 0.19634776183996164,
      "f1": 0.25127625867467596,
      "count": 298
    },
    "Table": {
      "acc": 0.2339747408554748,
      "f1": 0.3268398268398268,
      "count": 218
    }
  },
  "document_type_breakdowns": {
    "Academic paper": {
      "acc": 0.2984674106796869,
      "f1": 0.20360327235959189,
      "count": 204
    },
    "Administration/Industry file": {
      "acc": 0.24691358024691357,
      "f1": 0.16666666666666666,
      "count": 81
    },
    "Brochure": {
      "acc": 0.3023262195760132,
      "f1": 0.2176405316448553,
      "count": 101
    },
    "Financial report": {
      "acc": 0.32313846947993285,
      "f1": 0.3899645687234449,
      "count": 117
    },
    "Guidebook": {
      "acc": 0.36665441610887534,
      "f1": 0.2879781590055377,
      "count": 156
    },
    "Research report / Introduction": {
      "acc": 0.3242320819112628,
      "f1": 0.13382899628252787,
      "count": 293
    },
    "Tutorial/Workshop": {
      "acc": 0.22730639018197205,
      "f1": 0.07659313725490195,
      "count": 139
    }
  },
  "answer_format_breakdowns": {
    "Float": {
      "acc": 0.2,
      "f1": 0.2976744186046512,
      "count": 160
    },
    "Int": {
      "acc": 0.0896551724137931,
      "f1": 0.14444444444444443,
      "count": 290
    },
    "List": {
      "acc": 0.09007693986685583,
      "f1": 0.13650835216935883,
      "count": 147
    },
    "None": {
      "acc": 0.8729508196721312,
      "f1": 0.0,
      "count": 244
    },
    "Str": {
      "acc": 0.19512747149134585,
      "f1": 0.28779863051820925,
      "count": 250
    }
  },
  "sample_count": 1091,
  "completed_count": 1091,
  "failed_count": 0
}