{
  "overall_acc": 0.32389616022768847,
  "overall_f1": 0.2366927860488912,
  "breakdowns": {
    "single_page": {
      "acc": 0.22652533024255905,
      "f1": 0.30433368392793236,
      "count": 485
    },
    "cross_page": {
      "acc": 0.10706212910776942,
      "f1": 0.15994301878853004,
      "count": 369
    },
    "unanswerable": {
      "acc": 0.8647540983606558,
      "f1": 0.0,
      "count": 244
    }
  },
  "evidence_source_breakdowns": {
    "Chart": {
      "acc": 0.1328495216523113,
      "f1": 0.19225377930171877,
      "count": 178
    },
    "Figure": {
      "acc": 0.040955631399317405,
      "f1": 0.05325443786982248,
      "count": 293
    },
    "Generalized-text (Layout)": {
      "acc": 0.16523353527457493,
      "f1": 0.2304048234280792,
      "count": 119
    },
    "Pure-text (Plain-text)": {
      "acc": 0.22556864308648483,
      "f1": 0.28074338293600215,
      "count": 298
    },
    "Table": {
      "acc": 0.24244333648003372,
      "f1": 0.3271460400797941,
      "count": 218
    }
  },
  "document_type_breakdowns": {
    "Academic paper": {
      "acc": 0.31672938535683637,
      "f1": 0.21985231427291513,
      "count": 204
    },
    "Administration/Industry file": {
      "acc": 0.3273475495697718,
      "f1": 0.24539512774806893,
      "count": 81
    },
    "Brochure": {
      "acc": 0.313676135055366,
      "f1": 0.2305689025562176,
      "count": 101
    },
    "Financial report": {
      "acc": 0.3560115792761196,
      "f1": 0.44566693469132496,
      "count": 117
    },
    "Guidebook": {
      "acc": 0.35258029793258994,
      "f1": 0.26089702692917427,
      "count": 156
    },
    "Research report / Introduction": {
      "acc": 0.3457679370368117,
      "f1": 0.17897962960398522,
      "count": 293
    },
    "Tutorial/Workshop": {
      "acc": 0.2345006347862886,
      "f1": 0.09325980392156863,
      "count": 139
    }
  },
  "answer_format_breakdowns": {
    "Float": {
      "acc": 0.2375,
      "f1": 0.32758620689655177,
      "count": 160
    },
    "Int": {
      "acc": 0.1103448275862069,
      "f1": 0.16976127320954906,
      "count": 290
    },
    "List": {
      "acc": 0.10266482520947343,
      "f1": 0.14868698823440976,
      "count": 147
    },
    "None": {
      "acc": 0.8647540983606558,
      "f1": 0.0,
      "count": 244
    },
    "Str": {
      "acc": 0.22911592601046188,
      "f1": 0.31999431007047746,
      "count": 250
    }
  },
  "sample_count": 1091,
  "completed_count": 1091,
  "failed_count": 0
}