{
  "overall_acc": 0.32229934298245577,
  "overall_f1": 0.2433669430603473,
  "breakdowns": {
    "single_page": {
      "acc": 0.24069455552032187,
      "f1": 0.32370754993320394,
      "count": 485
    },
    "cross_page": {
      "acc": 0.09997757118293531,
      "f1": 0.15119558920698,
      "count": 369
    },
    "unanswerable": {
      "acc": 0.8401639344262295,
      "f1": 0.0,
      "count": 244
    }
  },
  "evidence_source_breakdowns": {
    "Chart": {
      "acc": 0.1283913400931762,
      "f1": 0.19124400449025408,
      "count": 178
    },
    "Figure": {
      "acc": 0.054073188488074644,
      "f1": 0.075772532312719,
      "count": 293
    },
    "Generalized-text (Layout)": {
      "acc": 0.1484268125854993,
      "f1": 0.20959485154307442,
      "count": 119
    },
    "Pure-text (Plain-text)": {
      "acc": 0.24278160616517558,
      "f1": 0.3004547983320566,
      "count": 298
    },
    "Table": {
      "acc": 0.26608483259859406,
      "f1": 0.35407759941921435,
      "count": 218
    }
  },
  "document_type_breakdowns": {
    "Academic paper": {
      "acc": 0.3297138531626847,
      "f1": 0.25537237168934757,
      "count": 204
    },
    "Administration/Industry file": {
      "acc": 0.30089252311474535,
      "f1": 0.22519394796622522,
      "count": 81
    },
    "Brochure": {
      "acc": 0.3023262195760132,
      "f1": 0.20783690409328523,
      "count": 101
    },
    "Financial report": {
      "acc": 0.35757760757760754,
      "f1": 0.43176602513951906,
      "count": 117
    },
    "Guidebook": {
      "acc": 0.3677227921772514,
      "f1": 0.29457827463297453,
      "count": 156
    },
    "Research report / Introduction": {
      "acc": 0.326494166203667,
      "f1": 0.16375633700812744,
      "count": 293
    },
    "Tutorial/Workshop": {
      "acc": 0.2488891239949217,
      "f1": 0.12451783992285438,
      "count": 139
    }
  },
  "answer_format_breakdowns": {
    "Float": {
      "acc": 0.2625,
      "f1": 0.3668122270742359,
      "count": 160
    },
    "Int": {
      "acc": 0.1103448275862069,
      "f1": 0.17438692098092642,
      "count": 290
    },
    "List": {
      "acc": 0.12674403799574796,
      "f1": 0.1766006974917057,
      "count": 147
    },
    "None": {
      "acc": 0.8401639344262295,
      "f1": 0.0,
      "count": 244
    },
    "Str": {
      "acc": 0.2159888384339371,
      "f1": 0.3008201092394667,
      "count": 250
    }
  },
  "sample_count": 1091,
  "completed_count": 1091,
  "failed_count": 0
}