{
  "overall_acc": 0.3283046465909535,
  "overall_f1": 0.24904903076916576,
  "breakdowns": {
    "single_page": {
      "acc": 0.24469836925602947,
      "f1": 0.330410381920634,
      "count": 485
    },
    "cross_page": {
      "acc": 0.101630515830775,
      "f1": 0.1540109254273346,
      "count": 369
    },
    "unanswerable": {
      "acc": 0.8565573770491803,
      "f1": 0.0,
      "count": 244
    }
  },
  "evidence_source_breakdowns": {
    "Chart": {
      "acc": 0.13962729514935598,
      "f1": 0.20711382113821136,
      "count": 178
    },
    "Figure": {
      "acc": 0.04640440692174121,
      "f1": 0.06307435254803676,
      "count": 293
    },
    "Generalized-text (Layout)": {
      "acc": 0.13946631284092584,
      "f1": 0.20255183413078148,
      "count": 119
    },
    "Pure-text (Plain-text)": {
      "acc": 0.24385511552273342,
      "f1": 0.3033202051998825,
      "count": 298
    },
    "Table": {
      "acc": 0.24773620874538305,
      "f1": 0.3323291128933762,
      "count": 218
    }
  },
  "document_type_breakdowns": {
    "Academic paper": {
      "acc": 0.3400133578152154,
      "f1": 0.25422272722341077,
      "count": 204
    },
    "Administration/Industry file": {
      "acc": 0.3150018705574261,
      "f1": 0.23262932353841448,
      "count": 81
    },
    "Brochure": {
      "acc": 0.3023262195760132,
      "f1": 0.22999904912251987,
      "count": 101
    },
    "Financial report": {
      "acc": 0.3658735122149756,
      "f1": 0.436673182062831,
      "count": 117
    },
    "Guidebook": {
      "acc": 0.3677227921772514,
      "f1": 0.2974429954309915,
      "count": 156
    },
    "Research report / Introduction": {
      "acc": 0.33447098976109213,
      "f1": 0.17301038062283736,
      "count": 293
    },
    "Tutorial/Workshop": {
      "acc": 0.2488891239949217,
      "f1": 0.12451783992285438,
      "count": 139
    }
  },
  "answer_format_breakdowns": {
    "Float": {
      "acc": 0.26875,
      "f1": 0.3771929824561403,
      "count": 160
    },
    "Int": {
      "acc": 0.11379310344827587,
      "f1": 0.17934782608695654,
      "count": 290
    },
    "List": {
      "acc": 0.10368238204372658,
      "f1": 0.1486957088822225,
      "count": 147
    },
    "None": {
      "acc": 0.8565573770491803,
      "f1": 0.0,
      "count": 244
    },
    "Str": {
      "acc": 0.23175623708120985,
      "f1": 0.32010529983592517,
      "count": 250
    }
  },
  "sample_count": 1091,
  "completed_count": 1091,
  "failed_count": 0
}