{
  "overall_acc": 0.2907989566011684,
  "overall_f1": 0.17801025661571498,
  "breakdowns": {
    "single_page": {
      "acc": 0.18495088202248852,
      "f1": 0.2646437688989022,
      "count": 485
    },
    "cross_page": {
      "acc": 0.04216933298365242,
      "f1": 0.0685483870967742,
      "count": 369
    },
    "unanswerable": {
      "acc": 0.8975409836065574,
      "f1": 0.0,
      "count": 244
    }
  },
  "evidence_source_breakdowns": {
    "Chart": {
      "acc": 0.07782954234036722,
      "f1": 0.12594235033259424,
      "count": 178
    },
    "Figure": {
      "acc": 0.0438810336421258,
      "f1": 0.06084656084656086,
      "count": 293
    },
    "Generalized-text (Layout)": {
      "acc": 0.10084033613445378,
      "f1": 0.14864864864864866,
      "count": 119
    },
    "Pure-text (Plain-text)": {
      "acc": 0.17564249262001722,
      "f1": 0.2272755027607275,
      "count": 298
    },
    "Table": {
      "acc": 0.16446168510388695,
      "f1": 0.2387167626893654,
      "count": 218
    }
  },
  "document_type_breakdowns": {
    "Academic paper": {
      "acc": 0.26916221033868093,
      "f1": 0.10801080108010801,
      "count": 204
    },
    "Administration/Industry file": {
      "acc": 0.2767857142857143,
      "f1": 0.16862824675324678,
      "count": 81
    },
    "Brochure": {
      "acc": 0.2924252294770033,
      "f1": 0.2097263304941333,
      "count": 101
    },
    "Financial report": {
      "acc": 0.27933960626268317,
      "f1": 0.33581950928889703,
      "count": 117
    },
    "Guidebook": {
      "acc": 0.3616896096734806,
      "f1": 0.2873362248125057,
      "count": 156
    },
    "Research report / Introduction": {
      "acc": 0.3094425483503982,
      "f1": 0.11648079306071871,
      "count": 293
    },
    "Tutorial/Workshop": {
      "acc": 0.22032374100719423,
      "f1": 0.061440677966101705,
      "count": 139
    }
  },
  "answer_format_breakdowns": {
    "Float": {
      "acc": 0.14375,
      "f1": 0.22549019607843135,
      "count": 160
    },
    "Int": {
      "acc": 0.06896551724137931,
      "f1": 0.1142857142857143,
      "count": 290
    },
    "List": {
      "acc": 0.07375759161473447,
      "f1": 0.11353262793053369,
      "count": 147
    },
    "None": {
      "acc": 0.8975409836065574,
      "f1": 0.0,
      "count": 244
    },
    "Str": {
      "acc": 0.17767718273803484,
      "f1": 0.2659838064940641,
      "count": 250
    }
  },
  "sample_count": 1091,
  "completed_count": 1091,
  "failed_count": 0
}