{
  "overall_acc": 0.3299477159709335,
  "overall_f1": 0.24008893051937602,
  "breakdowns": {
    "single_page": {
      "acc": 0.22834313909636086,
      "f1": 0.30922927708415804,
      "count": 485
    },
    "cross_page": {
      "acc": 0.10630497469526669,
      "f1": 0.159134018915024,
      "count": 369
    },
    "unanswerable": {
      "acc": 0.889344262295082,
      "f1": 0.0,
      "count": 244
    }
  },
  "evidence_source_breakdowns": {
    "Chart": {
      "acc": 0.11797752808988764,
      "f1": 0.17355371900826447,
      "count": 178
    },
    "Figure": {
      "acc": 0.04770737498145125,
      "f1": 0.06476850070539951,
      "count": 293
    },
    "Generalized-text (Layout)": {
      "acc": 0.15664749216167762,
      "f1": 0.22051314459049542,
      "count": 119
    },
    "Pure-text (Plain-text)": {
      "acc": 0.23696098105778118,
      "f1": 0.2918090475010036,
      "count": 298
    },
    "Table": {
      "acc": 0.25161764840663925,
      "f1": 0.3408395402066289,
      "count": 218
    }
  },
  "document_type_breakdowns": {
    "Academic paper": {
      "acc": 0.34677400604510583,
      "f1": 0.2620431474290888,
      "count": 204
    },
    "Administration/Industry file": {
      "acc": 0.32468475605730507,
      "f1": 0.22827202506346891,
      "count": 81
    },
    "Brochure": {
      "acc": 0.313676135055366,
      "f1": 0.21047368721787327,
      "count": 101
    },
    "Financial report": {
      "acc": 0.3562626831857601,
      "f1": 0.430841415313465,
      "count": 117
    },
    "Guidebook": {
      "acc": 0.3887341440864361,
      "f1": 0.30544228151916053,
      "count": 156
    },
    "Research report / Introduction": {
      "acc": 0.332182448342461,
      "f1": 0.15979080386534988,
      "count": 293
    },
    "Tutorial/Workshop": {
      "acc": 0.22730639018197205,
      "f1": 0.07659313725490195,
      "count": 139
    }
  },
  "answer_format_breakdowns": {
    "Float": {
      "acc": 0.2375,
      "f1": 0.3290043290043289,
      "count": 160
    },
    "Int": {
      "acc": 0.10344827586206896,
      "f1": 0.16,
      "count": 290
    },
    "List": {
      "acc": 0.11356933516160242,
      "f1": 0.16447972678576905,
      "count": 147
    },
    "None": {
      "acc": 0.889344262295082,
      "f1": 0.0,
      "count": 244
    },
    "Str": {
      "acc": 0.23311306342213148,
      "f1": 0.32832825834103024,
      "count": 250
    }
  },
  "sample_count": 1091,
  "completed_count": 1091,
  "failed_count": 0
}