{
  "overall_acc": 0.3330169199457114,
  "overall_f1": 0.2509352858605093,
  "breakdowns": {
    "single_page": {
      "acc": 0.2441144032860309,
      "f1": 0.3252422937043065,
      "count": 485
    },
    "cross_page": {
      "acc": 0.1136205259269544,
      "f1": 0.16670367422284763,
      "count": 369
    },
    "unanswerable": {
      "acc": 0.860655737704918,
      "f1": 0.0,
      "count": 244
    }
  },
  "evidence_source_breakdowns": {
    "Chart": {
      "acc": 0.1283913400931762,
      "f1": 0.18656047784967647,
      "count": 178
    },
    "Figure": {
      "acc": 0.05404574650753609,
      "f1": 0.07462444027155858,
      "count": 293
    },
    "Generalized-text (Layout)": {
      "acc": 0.17628790646693462,
      "f1": 0.24216073781291175,
      "count": 119
    },
    "Pure-text (Plain-text)": {
      "acc": 0.23834931702683645,
      "f1": 0.29169975614577337,
      "count": 298
    },
    "Table": {
      "acc": 0.26608483259859406,
      "f1": 0.3497330889968927,
      "count": 218
    }
  },
  "document_type_breakdowns": {
    "Academic paper": {
      "acc": 0.34081525890988806,
      "f1": 0.26717214252217936,
      "count": 204
    },
    "Administration/Industry file": {
      "acc": 0.3352667666393157,
      "f1": 0.27224246341893404,
      "count": 81
    },
    "Brochure": {
      "acc": 0.3122272096750231,
      "f1": 0.21991137152942689,
      "count": 101
    },
    "Financial report": {
      "acc": 0.3661246161246161,
      "f1": 0.43176602513951906,
      "count": 117
    },
    "Guidebook": {
      "acc": 0.38464586910032833,
      "f1": 0.30112640408227115,
      "count": 156
    },
    "Research report / Introduction": {
      "acc": 0.34015927189988626,
      "f1": 0.1734234234234234,
      "count": 293
    },
    "Tutorial/Workshop": {
      "acc": 0.2345006347862886,
      "f1": 0.09325980392156863,
      "count": 139
    }
  },
  "answer_format_breakdowns": {
    "Float": {
      "acc": 0.26875,
      "f1": 0.364406779661017,
      "count": 160
    },
    "Int": {
      "acc": 0.11379310344827587,
      "f1": 0.17232375979112274,
      "count": 290
    },
    "List": {
      "acc": 0.11257127093261546,
      "f1": 0.15988383407820744,
      "count": 147
    },
    "None": {
      "acc": 0.860655737704918,
      "f1": 0.0,
      "count": 244
    },
    "Str": {
      "acc": 0.24309393133470672,
      "f1": 0.3357650985286005,
      "count": 250
    }
  },
  "sample_count": 1091,
  "completed_count": 1091,
  "failed_count": 0
}