{
  "overall_acc": 0.3340550893620979,
  "overall_f1": 0.25177047168834915,
  "breakdowns": {
    "single_page": {
      "acc": 0.24644974933402602,
      "f1": 0.3299945115161367,
      "count": 485
    },
    "cross_page": {
      "acc": 0.11091049882668341,
      "f1": 0.16240465899621498,
      "count": 369
    },
    "unanswerable": {
      "acc": 0.8647540983606558,
      "f1": 0.0,
      "count": 244
    }
  },
  "evidence_source_breakdowns": {
    "Chart": {
      "acc": 0.11797752808988764,
      "f1": 0.17355371900826447,
      "count": 178
    },
    "Figure": {
      "acc": 0.05399899350365559,
      "f1": 0.07498073155889524,
      "count": 293
    },
    "Generalized-text (Layout)": {
      "acc": 0.16788454512239678,
      "f1": 0.23144220572640506,
      "count": 119
    },
    "Pure-text (Plain-text)": {
      "acc": 0.23499361232884988,
      "f1": 0.2851950066696709,
      "count": 298
    },
    "Table": {
      "acc": 0.28443345645180507,
      "f1": 0.37086014289661706,
      "count": 218
    }
  },
  "document_type_breakdowns": {
    "Academic paper": {
      "acc": 0.335846147977844,
      "f1": 0.2648118839284048,
      "count": 204
    },
    "Administration/Industry file": {
      "acc": 0.35995812466400706,
      "f1": 0.2748855941317392,
      "count": 81
    },
    "Brochure": {
      "acc": 0.32357712515437587,
      "f1": 0.24002262527354326,
      "count": 101
    },
    "Financial report": {
      "acc": 0.3832186332186332,
      "f1": 0.4504354772211915,
      "count": 117
    },
    "Guidebook": {
      "acc": 0.3910561255105847,
      "f1": 0.3000528397739024,
      "count": 156
    },
    "Research report / Introduction": {
      "acc": 0.3265073947667804,
      "f1": 0.15990990990990991,
      "count": 293
    },
    "Tutorial/Workshop": {
      "acc": 0.2345006347862886,
      "f1": 0.09325980392156863,
      "count": 139
    }
  },
  "answer_format_breakdowns": {
    "Float": {
      "acc": 0.26875,
      "f1": 0.36752136752136755,
      "count": 160
    },
    "Int": {
      "acc": 0.1103448275862069,
      "f1": 0.16842105263157894,
      "count": 290
    },
    "List": {
      "acc": 0.1057685498441801,
      "f1": 0.1502219983294152,
      "count": 147
    },
    "None": {
      "acc": 0.8647540983606558,
      "f1": 0.0,
      "count": 244
    },
    "Str": {
      "acc": 0.2516245026678173,
      "f1": 0.3446910995449552,
      "count": 250
    }
  },
  "sample_count": 1091,
  "completed_count": 1091,
  "failed_count": 0
}