{
  "overall_acc": 0.3248166001982015,
  "overall_f1": 0.23796665695641134,
  "breakdowns": {
    "single_page": {
      "acc": 0.2291786314383416,
      "f1": 0.30951452079523234,
      "count": 485
    },
    "cross_page": {
      "acc": 0.10629613704239067,
      "f1": 0.15720751330117097,
      "count": 369
    },
    "unanswerable": {
      "acc": 0.8647540983606558,
      "f1": 0.0,
      "count": 244
    }
  },
  "evidence_source_breakdowns": {
    "Chart": {
      "acc": 0.1456352636127917,
      "f1": 0.21602564102564104,
      "count": 178
    },
    "Figure": {
      "acc": 0.04729400292540224,
      "f1": 0.0638655462184874,
      "count": 293
    },
    "Generalized-text (Layout)": {
      "acc": 0.17363689661911275,
      "f1": 0.2383368569415081,
      "count": 119
    },
    "Pure-text (Plain-text)": {
      "acc": 0.22414076317043816,
      "f1": 0.27428416249903936,
      "count": 298
    },
    "Table": {
      "acc": 0.2523233647086858,
      "f1": 0.3323476523476524,
      "count": 218
    }
  },
  "document_type_breakdowns": {
    "Academic paper": {
      "acc": 0.3230837789661319,
      "f1": 0.23097932110807645,
      "count": 204
    },
    "Administration/Industry file": {
      "acc": 0.35027523916412806,
      "f1": 0.2647979083622648,
      "count": 81
    },
    "Brochure": {
      "acc": 0.3037751449563561,
      "f1": 0.2067484892140171,
      "count": 101
    },
    "Financial report": {
      "acc": 0.32313846947993285,
      "f1": 0.39268149295249566,
      "count": 117
    },
    "Guidebook": {
      "acc": 0.38092037890424985,
      "f1": 0.29036900119849435,
      "count": 156
    },
    "Research report / Introduction": {
      "acc": 0.3398835072380592,
      "f1": 0.18765896340647167,
      "count": 293
    },
    "Tutorial/Workshop": {
      "acc": 0.2345006347862886,
      "f1": 0.09325980392156863,
      "count": 139
    }
  },
  "answer_format_breakdowns": {
    "Float": {
      "acc": 0.2375,
      "f1": 0.3318777292576419,
      "count": 160
    },
    "Int": {
      "acc": 0.10689655172413794,
      "f1": 0.164021164021164,
      "count": 290
    },
    "List": {
      "acc": 0.10178860127560539,
      "f1": 0.1466953371324901,
      "count": 147
    },
    "None": {
      "acc": 0.8647540983606558,
      "f1": 0.0,
      "count": 244
    },
    "Str": {
      "acc": 0.23764794571489536,
      "f1": 0.32915227938351166,
      "count": 250
    }
  },
  "sample_count": 1091,
  "completed_count": 1091,
  "failed_count": 0
}