{
  "overall_acc": 0.28222450289286255,
  "overall_f1": 0.1597553909119725,
  "breakdowns": {
    "single_page": {
      "acc": 0.1662720260950784,
      "f1": 0.23527774011537705,
      "count": 485
    },
    "cross_page": {
      "acc": 0.03594850948509485,
      "f1": 0.06043280182232347,
      "count": 369
    },
    "unanswerable": {
      "acc": 0.9057377049180327,
      "f1": 0.0,
      "count": 244
    }
  },
  "evidence_source_breakdowns": {
    "Chart": {
      "acc": 0.08204302548643463,
      "f1": 0.13276053215077604,
      "count": 178
    },
    "Figure": {
      "acc": 0.030229156509019993,
      "f1": 0.03672189879086431,
      "count": 293
    },
    "Generalized-text (Layout)": {
      "acc": 0.10084033613445378,
      "f1": 0.15172413793103448,
      "count": 119
    },
    "Pure-text (Plain-text)": {
      "acc": 0.16874300998882724,
      "f1": 0.2214087824893633,
      "count": 298
    },
    "Table": {
      "acc": 0.13899976170618372,
      "f1": 0.20348575036075037,
      "count": 218
    }
  },
  "document_type_breakdowns": {
    "Academic paper": {
      "acc": 0.2728386809269162,
      "f1": 0.11717679305619003,
      "count": 204
    },
    "Administration/Industry file": {
      "acc": 0.2945326278659612,
      "f1": 0.1946624803767661,
      "count": 81
    },
    "Brochure": {
      "acc": 0.2656475517092265,
      "f1": 0.16661137212512975,
      "count": 101
    },
    "Financial report": {
      "acc": 0.2547624011038645,
      "f1": 0.30499581719093916,
      "count": 117
    },
    "Guidebook": {
      "acc": 0.32774420024420026,
      "f1": 0.22107433217189318,
      "count": 156
    },
    "Research report / Introduction": {
      "acc": 0.30716723549488056,
      "f1": 0.10486891385767791,
      "count": 293
    },
    "Tutorial/Workshop": {
      "acc": 0.22032374100719423,
      "f1": 0.061440677966101705,
      "count": 139
    }
  },
  "answer_format_breakdowns": {
    "Float": {
      "acc": 0.15625,
      "f1": 0.23923444976076555,
      "count": 160
    },
    "Int": {
      "acc": 0.04827586206896552,
      "f1": 0.08308605341246292,
      "count": 290
    },
    "List": {
      "acc": 0.05622448979591837,
      "f1": 0.08746031746031746,
      "count": 147
    },
    "None": {
      "acc": 0.9057377049180327,
      "f1": 0.0,
      "count": 244
    },
    "Str": {
      "acc": 0.15856773062445212,
      "f1": 0.24025413730977593,
      "count": 250
    }
  },
  "sample_count": 1091,
  "completed_count": 1091,
  "failed_count": 0
}