{
  "overall_acc": 0.3391413618768868,
  "overall_f1": 0.26151846349947944,
  "breakdowns": {
    "single_page": {
      "acc": 0.25627409900030335,
      "f1": 0.3419619184115077,
      "count": 485
    },
    "cross_page": {
      "acc": 0.11303601027787634,
      "f1": 0.16784824061382844,
      "count": 369
    },
    "unanswerable": {
      "acc": 0.8647540983606558,
      "f1": 0.0,
      "count": 244
    }
  },
  "evidence_source_breakdowns": {
    "Chart": {
      "acc": 0.1609394092927607,
      "f1": 0.23290418580578376,
      "count": 178
    },
    "Figure": {
      "acc": 0.04770737498145125,
      "f1": 0.06476850070539951,
      "count": 293
    },
    "Generalized-text (Layout)": {
      "acc": 0.18469126781147244,
      "f1": 0.2589908749329039,
      "count": 119
    },
    "Pure-text (Plain-text)": {
      "acc": 0.2419400150510126,
      "f1": 0.2965745990214203,
      "count": 298
    },
    "Table": {
      "acc": 0.27067198856189684,
      "f1": 0.36141117449528665,
      "count": 218
    }
  },
  "document_type_breakdowns": {
    "Academic paper": {
      "acc": 0.35622142137487406,
      "f1": 0.2768573725463924,
      "count": 204
    },
    "Administration/Industry file": {
      "acc": 0.33212297264584845,
      "f1": 0.26734539969834087,
      "count": 81
    },
    "Brochure": {
      "acc": 0.2938741548573462,
      "f1": 0.22645160072485654,
      "count": 101
    },
    "Financial report": {
      "acc": 0.3746716246716247,
      "f1": 0.44650400104945553,
      "count": 117
    },
    "Guidebook": {
      "acc": 0.38464586910032833,
      "f1": 0.3043995171701219,
      "count": 156
    },
    "Research report / Introduction": {
      "acc": 0.3560200734497545,
      "f1": 0.19873817980188524,
      "count": 293
    },
    "Tutorial/Workshop": {
      "acc": 0.2345006347862886,
      "f1": 0.09325980392156863,
      "count": 139
    }
  },
  "answer_format_breakdowns": {
    "Float": {
      "acc": 0.28125,
      "f1": 0.3813559322033898,
      "count": 160
    },
    "Int": {
      "acc": 0.11724137931034483,
      "f1": 0.1775456919060052,
      "count": 290
    },
    "List": {
      "acc": 0.1249398547297707,
      "f1": 0.1783122198570514,
      "count": 147
    },
    "None": {
      "acc": 0.8647540983606558,
      "f1": 0.0,
      "count": 244
    },
    "Str": {
      "acc": 0.24654826864962878,
      "f1": 0.34434115733188375,
      "count": 250
    }
  },
  "sample_count": 1091,
  "completed_count": 1091,
  "failed_count": 0
}