{
  "overall_acc": 0.286636471964991,
  "overall_f1": 0.1781956514689624,
  "breakdowns": {
    "single_page": {
      "acc": 0.17375467660607943,
      "f1": 0.246872262472679,
      "count": 485
    },
    "cross_page": {
      "acc": 0.058128381463026096,
      "f1": 0.0949087290259143,
      "count": 369
    },
    "unanswerable": {
      "acc": 0.8770491803278688,
      "f1": 0.0,
      "count": 244
    }
  },
  "evidence_source_breakdowns": {
    "Chart": {
      "acc": 0.08344751986845711,
      "f1": 0.1375338753387534,
      "count": 178
    },
    "Figure": {
      "acc": 0.040468064358849344,
      "f1": 0.05467372134038801,
      "count": 293
    },
    "Generalized-text (Layout)": {
      "acc": 0.09970238095238096,
      "f1": 0.14985632183908043,
      "count": 119
    },
    "Pure-text (Plain-text)": {
      "acc": 0.16622250290456178,
      "f1": 0.21374023048019805,
      "count": 298
    },
    "Table": {
      "acc": 0.16659385466724916,
      "f1": 0.24190041313328986,
      "count": 218
    }
  },
  "document_type_breakdowns": {
    "Academic paper": {
      "acc": 0.292602495543672,
      "f1": 0.1628381374722838,
      "count": 204
    },
    "Administration/Industry file": {
      "acc": 0.2633060098337876,
      "f1": 0.1717069442584907,
      "count": 81
    },
    "Brochure": {
      "acc": 0.24292027898195376,
      "f1": 0.1395360773551358,
      "count": 101
    },
    "Financial report": {
      "acc": 0.24621539255685598,
      "f1": 0.30613692522351876,
      "count": 117
    },
    "Guidebook": {
      "acc": 0.3490980345819056,
      "f1": 0.2657904543760623,
      "count": 156
    },
    "Research report / Introduction": {
      "acc": 0.31834557175854106,
      "f1": 0.13137074163690132,
      "count": 293
    },
    "Tutorial/Workshop": {
      "acc": 0.22032374100719423,
      "f1": 0.06196581196581197,
      "count": 139
    }
  },
  "answer_format_breakdowns": {
    "Float": {
      "acc": 0.14375,
      "f1": 0.22549019607843135,
      "count": 160
    },
    "Int": {
      "acc": 0.07931034482758621,
      "f1": 0.12994350282485878,
      "count": 290
    },
    "List": {
      "acc": 0.06703944203944204,
      "f1": 0.10265414562289561,
      "count": 147
    },
    "None": {
      "acc": 0.8770491803278688,
      "f1": 0.0,
      "count": 244
    },
    "Str": {
      "acc": 0.17146237173602874,
      "f1": 0.26137556667077555,
      "count": 250
    }
  },
  "sample_count": 1091,
  "completed_count": 1091,
  "failed_count": 0
}