{
  "overall_acc": 0.3148475440690695,
  "overall_f1": 0.22792038785425542,
  "breakdowns": {
    "single_page": {
      "acc": 0.23222786770396026,
      "f1": 0.31531497264603203,
      "count": 485
    },
    "cross_page": {
      "acc": 0.0809435087884393,
      "f1": 0.12367765939103145,
      "count": 369
    },
    "unanswerable": {
      "acc": 0.8524590163934426,
      "f1": 0.0,
      "count": 244
    }
  },
  "evidence_source_breakdowns": {
    "Chart": {
      "acc": 0.10591942998081667,
      "f1": 0.15843410534945687,
      "count": 178
    },
    "Figure": {
      "acc": 0.04345857648594384,
      "f1": 0.05759386337503872,
      "count": 293
    },
    "Generalized-text (Layout)": {
      "acc": 0.139840769472602,
      "f1": 0.20052630214409792,
      "count": 119
    },
    "Pure-text (Plain-text)": {
      "acc": 0.2166441127902848,
      "f1": 0.27023448643899006,
      "count": 298
    },
    "Table": {
      "acc": 0.23705766710353868,
      "f1": 0.31973862100045064,
      "count": 218
    }
  },
  "document_type_breakdowns": {
    "Academic paper": {
      "acc": 0.28721105628607757,
      "f1": 0.19192049317653184,
      "count": 204
    },
    "Administration/Industry file": {
      "acc": 0.3150018705574261,
      "f1": 0.2374258044361137,
      "count": 81
    },
    "Brochure": {
      "acc": 0.3023262195760132,
      "f1": 0.2059812174495952,
      "count": 101
    },
    "Financial report": {
      "acc": 0.3744205207619841,
      "f1": 0.446147890050329,
      "count": 117
    },
    "Guidebook": {
      "acc": 0.36795172990618913,
      "f1": 0.290115053465555,
      "count": 156
    },
    "Research report / Introduction": {
      "acc": 0.3244172572520627,
      "f1": 0.153154558158711,
      "count": 293
    },
    "Tutorial/Workshop": {
      "acc": 0.2345006347862886,
      "f1": 0.09325980392156863,
      "count": 139
    }
  },
  "answer_format_breakdowns": {
    "Float": {
      "acc": 0.2375,
      "f1": 0.3318777292576419,
      "count": 160
    },
    "Int": {
      "acc": 0.10689655172413794,
      "f1": 0.1689373297002725,
      "count": 290
    },
    "List": {
      "acc": 0.11050454556577938,
      "f1": 0.15847968973823967,
      "count": 147
    },
    "None": {
      "acc": 0.8524590163934426,
      "f1": 0.0,
      "count": 244
    },
    "Str": {
      "acc": 0.20101800952474105,
      "f1": 0.28553694534764357,
      "count": 250
    }
  },
  "sample_count": 1091,
  "completed_count": 1091,
  "failed_count": 0
}