{
  "overall_acc": 0.27765413319969967,
  "overall_f1": 0.15272185499703794,
  "breakdowns": {
    "single_page": {
      "acc": 0.15406221742248372,
      "f1": 0.217400242214782,
      "count": 485
    },
    "cross_page": {
      "acc": 0.043903750327825855,
      "f1": 0.07184250053644231,
      "count": 369
    },
    "unanswerable": {
      "acc": 0.8975409836065574,
      "f1": 0.0,
      "count": 244
    }
  },
  "evidence_source_breakdowns": {
    "Chart": {
      "acc": 0.08204302548643463,
      "f1": 0.13038980836236932,
      "count": 178
    },
    "Figure": {
      "acc": 0.033642125792296446,
      "f1": 0.04299149126735334,
      "count": 293
    },
    "Generalized-text (Layout)": {
      "acc": 0.09243697478991597,
      "f1": 0.13605442176870747,
      "count": 119
    },
    "Pure-text (Plain-text)": {
      "acc": 0.15564757702107476,
      "f1": 0.19991359366639735,
      "count": 298
    },
    "Table": {
      "acc": 0.12815739306564994,
      "f1": 0.18450898416651842,
      "count": 218
    }
  },
  "document_type_breakdowns": {
    "Academic paper": {
      "acc": 0.26196524064171123,
      "f1": 0.1121657754010695,
      "count": 204
    },
    "Administration/Industry file": {
      "acc": 0.28913139329806,
      "f1": 0.1913555194805195,
      "count": 81
    },
    "Brochure": {
      "acc": 0.2755485418082364,
      "f1": 0.18037436188315373,
      "count": 101
    },
    "Financial report": {
      "acc": 0.21286121286121287,
      "f1": 0.2644022644022644,
      "count": 117
    },
    "Guidebook": {
      "acc": 0.31451012249399346,
      "f1": 0.20074798951838804,
      "count": 156
    },
    "Research report / Introduction": {
      "acc": 0.3195780328886131,
      "f1": 0.10963568266939053,
      "count": 293
    },
    "Tutorial/Workshop": {
      "acc": 0.22032374100719423,
      "f1": 0.061440677966101705,
      "count": 139
    }
  },
  "answer_format_breakdowns": {
    "Float": {
      "acc": 0.1375,
      "f1": 0.21256038647343,
      "count": 160
    },
    "Int": {
      "acc": 0.04482758620689655,
      "f1": 0.07580174927113703,
      "count": 290
    },
    "List": {
      "acc": 0.05375077303648732,
      "f1": 0.08273679200380771,
      "count": 147
    },
    "None": {
      "acc": 0.8975409836065574,
      "f1": 0.0,
      "count": 244
    },
    "Str": {
      "acc": 0.16407718273803484,
      "f1": 0.24636213624329556,
      "count": 250
    }
  },
  "sample_count": 1091,
  "completed_count": 1091,
  "failed_count": 0
}