{
  "overall_acc": 0.2966405371104849,
  "overall_f1": 0.18812969899828855,
  "breakdowns": {
    "single_page": {
      "acc": 0.19602957137437377,
      "f1": 0.27523231911428525,
      "count": 485
    },
    "cross_page": {
      "acc": 0.04758938718419443,
      "f1": 0.07685113291451967,
      "count": 369
    },
    "unanswerable": {
      "acc": 0.8934426229508197,
      "f1": 0.0,
      "count": 244
    }
  },
  "evidence_source_breakdowns": {
    "Chart": {
      "acc": 0.10030145245272679,
      "f1": 0.1573009562694746,
      "count": 178
    },
    "Figure": {
      "acc": 0.03705509507557289,
      "f1": 0.04865103936311367,
      "count": 293
    },
    "Generalized-text (Layout)": {
      "acc": 0.10084033613445378,
      "f1": 0.14666666666666667,
      "count": 119
    },
    "Pure-text (Plain-text)": {
      "acc": 0.1789981973180038,
      "f1": 0.23112949027813032,
      "count": 298
    },
    "Table": {
      "acc": 0.17892886929584176,
      "f1": 0.2542240368327325,
      "count": 218
    }
  },
  "document_type_breakdowns": {
    "Academic paper": {
      "acc": 0.27789661319073083,
      "f1": 0.133569844789357,
      "count": 204
    },
    "Administration/Industry file": {
      "acc": 0.2698412698412698,
      "f1": 0.1523809523809524,
      "count": 81
    },
    "Brochure": {
      "acc": 0.2924252294770033,
      "f1": 0.22585492211130326,
      "count": 101
    },
    "Financial report": {
      "acc": 0.28065453065453067,
      "f1": 0.34852701411142967,
      "count": 117
    },
    "Guidebook": {
      "acc": 0.3488690968529678,
      "f1": 0.26226408314693544,
      "count": 156
    },
    "Research report / Introduction": {
      "acc": 0.33333333333333337,
      "f1": 0.14355231143552313,
      "count": 293
    },
    "Tutorial/Workshop": {
      "acc": 0.22032374100719423,
      "f1": 0.061440677966101705,
      "count": 139
    }
  },
  "answer_format_breakdowns": {
    "Float": {
      "acc": 0.175,
      "f1": 0.26291079812206575,
      "count": 160
    },
    "Int": {
      "acc": 0.07241379310344828,
      "f1": 0.11898016997167139,
      "count": 290
    },
    "List": {
      "acc": 0.061198721913007625,
      "f1": 0.09322499607473701,
      "count": 147
    },
    "None": {
      "acc": 0.8934426229508197,
      "f1": 0.0,
      "count": 244
    },
    "Str": {
      "acc": 0.19055445546530758,
      "f1": 0.28188528914986327,
      "count": 250
    }
  },
  "sample_count": 1091,
  "completed_count": 1091,
  "failed_count": 0
}