{
  "overall_acc": 0.31502113411444366,
  "overall_f1": 0.2230051383510219,
  "breakdowns": {
    "single_page": {
      "acc": 0.22450687707586559,
      "f1": 0.30550475376850017,
      "count": 485
    },
    "cross_page": {
      "acc": 0.08347485619800328,
      "f1": 0.12572335484515595,
      "count": 369
    },
    "unanswerable": {
      "acc": 0.8647540983606558,
      "f1": 0.0,
      "count": 244
    }
  },
  "evidence_source_breakdowns": {
    "Chart": {
      "acc": 0.11754537597234227,
      "f1": 0.17150063051702397,
      "count": 178
    },
    "Figure": {
      "acc": 0.03754266211604096,
      "f1": 0.048192771084337345,
      "count": 293
    },
    "Generalized-text (Layout)": {
      "acc": 0.15683017393003712,
      "f1": 0.2221734678952757,
      "count": 119
    },
    "Pure-text (Plain-text)": {
      "acc": 0.21649581186600259,
      "f1": 0.2687651959629382,
      "count": 298
    },
    "Table": {
      "acc": 0.22392668493585924,
      "f1": 0.30359376073661787,
      "count": 218
    }
  },
  "document_type_breakdowns": {
    "Academic paper": {
      "acc": 0.30240641711229943,
      "f1": 0.200804505229284,
      "count": 204
    },
    "Administration/Industry file": {
      "acc": 0.3150018705574261,
      "f1": 0.21242730333639426,
      "count": 81
    },
    "Brochure": {
      "acc": 0.2938741548573462,
      "f1": 0.1959869658824214,
      "count": 101
    },
    "Financial report": {
      "acc": 0.3300574763989398,
      "f1": 0.4077090592334494,
      "count": 117
    },
    "Guidebook": {
      "acc": 0.37181106716335915,
      "f1": 0.2983704583147407,
      "count": 156
    },
    "Research report / Introduction": {
      "acc": 0.33647053795478277,
      "f1": 0.16668384827628027,
      "count": 293
    },
    "Tutorial/Workshop": {
      "acc": 0.22730639018197205,
      "f1": 0.07659313725490195,
      "count": 139
    }
  },
  "answer_format_breakdowns": {
    "Float": {
      "acc": 0.225,
      "f1": 0.314410480349345,
      "count": 160
    },
    "Int": {
      "acc": 0.09655172413793103,
      "f1": 0.14933333333333332,
      "count": 290
    },
    "List": {
      "acc": 0.08531885548255132,
      "f1": 0.12295952701897103,
      "count": 147
    },
    "None": {
      "acc": 0.8647540983606558,
      "f1": 0.0,
      "count": 244
    },
    "Str": {
      "acc": 0.22458474225169192,
      "f1": 0.32175464505973056,
      "count": 250
    }
  },
  "sample_count": 1091,
  "completed_count": 1091,
  "failed_count": 0
}