{
  "overall_acc": 0.3092266365792294,
  "overall_f1": 0.21332120155735723,
  "breakdowns": {
    "single_page": {
      "acc": 0.21534079678534662,
      "f1": 0.2952735952754337,
      "count": 485
    },
    "cross_page": {
      "acc": 0.07297011942288936,
      "f1": 0.11337252238756283,
      "count": 369
    },
    "unanswerable": {
      "acc": 0.8729508196721312,
      "f1": 0.0,
      "count": 244
    }
  },
  "evidence_source_breakdowns": {
    "Chart": {
      "acc": 0.0898876404494382,
      "f1": 0.13733905579399142,
      "count": 178
    },
    "Figure": {
      "acc": 0.04088143641489835,
      "f1": 0.054912910517218444,
      "count": 293
    },
    "Generalized-text (Layout)": {
      "acc": 0.13427109974424553,
      "f1": 0.1908058709498754,
      "count": 119
    },
    "Pure-text (Plain-text)": {
      "acc": 0.20529045589849249,
      "f1": 0.2555497917818433,
      "count": 298
    },
    "Table": {
      "acc": 0.22824079590134635,
      "f1": 0.312541625041625,
      "count": 218
    }
  },
  "document_type_breakdowns": {
    "Academic paper": {
      "acc": 0.29739789196310934,
      "f1": 0.18128267244676782,
      "count": 204
    },
    "Administration/Industry file": {
      "acc": 0.32468475605730507,
      "f1": 0.21913755831152576,
      "count": 81
    },
    "Brochure": {
      "acc": 0.27407217465932643,
      "f1": 0.18739104632617484,
      "count": 101
    },
    "Financial report": {
      "acc": 0.33193658193658193,
      "f1": 0.4055615297653514,
      "count": 117
    },
    "Guidebook": {
      "acc": 0.3835774930319522,
      "f1": 0.32042321014427283,
      "count": 156
    },
    "Research report / Introduction": {
      "acc": 0.31882821387940846,
      "f1": 0.13530778164924506,
      "count": 293
    },
    "Tutorial/Workshop": {
      "acc": 0.22032374100719423,
      "f1": 0.06196581196581197,
      "count": 139
    }
  },
  "answer_format_breakdowns": {
    "Float": {
      "acc": 0.20625,
      "f1": 0.2946428571428571,
      "count": 160
    },
    "Int": {
      "acc": 0.09310344827586207,
      "f1": 0.14754098360655737,
      "count": 290
    },
    "List": {
      "acc": 0.09916590878775754,
      "f1": 0.14724634941212483,
      "count": 147
    },
    "None": {
      "acc": 0.8729508196721312,
      "f1": 0.0,
      "count": 244
    },
    "Str": {
      "acc": 0.1991554876645557,
      "f1": 0.2869675614763051,
      "count": 250
    }
  },
  "sample_count": 1091,
  "completed_count": 1091,
  "failed_count": 0
}