{
  "overall_acc": 0.29671519852904005,
  "overall_f1": 0.19879414743418466,
  "breakdowns": {
    "single_page": {
      "acc": 0.1953545882072346,
      "f1": 0.27208364428064735,
      "count": 485
    },
    "cross_page": {
      "acc": 0.06766749678773416,
      "f1": 0.1095145013801487,
      "count": 369
    },
    "unanswerable": {
      "acc": 0.8647540983606558,
      "f1": 0.0,
      "count": 244
    }
  },
  "evidence_source_breakdowns": {
    "Chart": {
      "acc": 0.0946834749246369,
      "f1": 0.1491474206777466,
      "count": 178
    },
    "Figure": {
      "acc": 0.044294405698174805,
      "f1": 0.06159420289855073,
      "count": 293
    },
    "Generalized-text (Layout)": {
      "acc": 0.11463068543898854,
      "f1": 0.16967854452670655,
      "count": 119
    },
    "Pure-text (Plain-text)": {
      "acc": 0.1852507939269362,
      "f1": 0.23863730985260884,
      "count": 298
    },
    "Table": {
      "acc": 0.21511643300634128,
      "f1": 0.3009533271828354,
      "count": 218
    }
  },
  "document_type_breakdowns": {
    "Academic paper": {
      "acc": 0.27885956754243196,
      "f1": 0.15782571755753388,
      "count": 204
    },
    "Administration/Industry file": {
      "acc": 0.2345679012345679,
      "f1": 0.1348314606741573,
      "count": 81
    },
    "Brochure": {
      "acc": 0.28252423937799337,
      "f1": 0.19691491919957632,
      "count": 101
    },
    "Financial report": {
      "acc": 0.31484256484256484,
      "f1": 0.3978913559558721,
      "count": 117
    },
    "Guidebook": {
      "acc": 0.3607738587577297,
      "f1": 0.2759172950705209,
      "count": 156
    },
    "Research report / Introduction": {
      "acc": 0.32611494739441405,
      "f1": 0.14892521439538628,
      "count": 293
    },
    "Tutorial/Workshop": {
      "acc": 0.22032374100719423,
      "f1": 0.06196581196581197,
      "count": 139
    }
  },
  "answer_format_breakdowns": {
    "Float": {
      "acc": 0.1875,
      "f1": 0.2777777777777778,
      "count": 160
    },
    "Int": {
      "acc": 0.0896551724137931,
      "f1": 0.14689265536723162,
      "count": 290
    },
    "List": {
      "acc": 0.09345828502211986,
      "f1": 0.14236650671763337,
      "count": 147
    },
    "None": {
      "acc": 0.8647540983606558,
      "f1": 0.0,
      "count": 244
    },
    "Str": {
      "acc": 0.17191165478772427,
      "f1": 0.25430718163864535,
      "count": 250
    }
  },
  "sample_count": 1091,
  "completed_count": 1091,
  "failed_count": 0
}