{
  "overall_acc": 0.3025107045670911,
  "overall_f1": 0.19972079632412562,
  "breakdowns": {
    "single_page": {
      "acc": 0.20271909537507496,
      "f1": 0.2792622668407075,
      "count": 485
    },
    "cross_page": {
      "acc": 0.06428297405361794,
      "f1": 0.10115316599481884,
      "count": 369
    },
    "unanswerable": {
      "acc": 0.8811475409836066,
      "f1": 0.0,
      "count": 244
    }
  },
  "evidence_source_breakdowns": {
    "Chart": {
      "acc": 0.10300701709070559,
      "f1": 0.15671153027474866,
      "count": 178
    },
    "Figure": {
      "acc": 0.027303754266211604,
      "f1": 0.030864197530864196,
      "count": 293
    },
    "Generalized-text (Layout)": {
      "acc": 0.12321672855188587,
      "f1": 0.18217054263565893,
      "count": 119
    },
    "Pure-text (Plain-text)": {
      "acc": 0.21110001219443256,
      "f1": 0.2681429430884456,
      "count": 298
    },
    "Table": {
      "acc": 0.19712855951388064,
      "f1": 0.2725586102209479,
      "count": 218
    }
  },
  "document_type_breakdowns": {
    "Academic paper": {
      "acc": 0.3005000990295108,
      "f1": 0.18885600187925772,
      "count": 204
    },
    "Administration/Industry file": {
      "acc": 0.29031051253273477,
      "f1": 0.2003189792663477,
      "count": 81
    },
    "Brochure": {
      "acc": 0.2670964770895694,
      "f1": 0.16937253181219833,
      "count": 101
    },
    "Financial report": {
      "acc": 0.30604445238591577,
      "f1": 0.36697071247327573,
      "count": 117
    },
    "Guidebook": {
      "acc": 0.36403698452085553,
      "f1": 0.26730078185678036,
      "count": 156
    },
    "Research report / Introduction": {
      "acc": 0.3243115776964933,
      "f1": 0.1410091004582573,
      "count": 293
    },
    "Tutorial/Workshop": {
      "acc": 0.22032374100719423,
      "f1": 0.06196581196581197,
      "count": 139
    }
  },
  "answer_format_breakdowns": {
    "Float": {
      "acc": 0.18125,
      "f1": 0.26126126126126126,
      "count": 160
    },
    "Int": {
      "acc": 0.08275862068965517,
      "f1": 0.13150684931506848,
      "count": 290
    },
    "List": {
      "acc": 0.08449862034816948,
      "f1": 0.12739791990954782,
      "count": 147
    },
    "None": {
      "acc": 0.8811475409836066,
      "f1": 0.0,
      "count": 244
    },
    "Str": {
      "acc": 0.19847152596606185,
      "f1": 0.2910139676921728,
      "count": 250
    }
  },
  "sample_count": 1091,
  "completed_count": 1091,
  "failed_count": 0
}