{
  "overall_acc": 0.3323757612353985,
  "overall_f1": 0.25473139292886293,
  "breakdowns": {
    "single_page": {
      "acc": 0.24618284729727344,
      "f1": 0.3306083992395849,
      "count": 485
    },
    "cross_page": {
      "acc": 0.11171619124293268,
      "f1": 0.167234379588812,
      "count": 369
    },
    "unanswerable": {
      "acc": 0.8524590163934426,
      "f1": 0.0,
      "count": 244
    }
  },
  "evidence_source_breakdowns": {
    "Chart": {
      "acc": 0.1391951430318106,
      "f1": 0.2039237486391958,
      "count": 178
    },
    "Figure": {
      "acc": 0.05797372481181916,
      "f1": 0.08203109307837544,
      "count": 293
    },
    "Generalized-text (Layout)": {
      "acc": 0.16523353527457493,
      "f1": 0.24126123555428736,
      "count": 119
    },
    "Pure-text (Plain-text)": {
      "acc": 0.23814155612441493,
      "f1": 0.3000747516169776,
      "count": 298
    },
    "Table": {
      "acc": 0.2579878072997339,
      "f1": 0.33994671994671993,
      "count": 218
    }
  },
  "document_type_breakdowns": {
    "Academic paper": {
      "acc": 0.3475264327399702,
      "f1": 0.273780191235656,
      "count": 204
    },
    "Administration/Industry file": {
      "acc": 0.3150018705574261,
      "f1": 0.2574314574314575,
      "count": 81
    },
    "Brochure": {
      "acc": 0.30465145209926553,
      "f1": 0.22601410021284632,
      "count": 101
    },
    "Financial report": {
      "acc": 0.349030599030599,
      "f1": 0.4126412205680498,
      "count": 117
    },
    "Guidebook": {
      "acc": 0.3873306353145063,
      "f1": 0.31407269733771254,
      "count": 156
    },
    "Research report / Introduction": {
      "acc": 0.3398835072380592,
      "f1": 0.1796342406807523,
      "count": 293
    },
    "Tutorial/Workshop": {
      "acc": 0.2488891239949217,
      "f1": 0.12451783992285438,
      "count": 139
    }
  },
  "answer_format_breakdowns": {
    "Float": {
      "acc": 0.25625,
      "f1": 0.35497835497835495,
      "count": 160
    },
    "Int": {
      "acc": 0.1103448275862069,
      "f1": 0.16886543535620052,
      "count": 290
    },
    "List": {
      "acc": 0.13059709436981276,
      "f1": 0.18821345953296545,
      "count": 147
    },
    "None": {
      "acc": 0.8524590163934426,
      "f1": 0.0,
      "count": 244
    },
    "Str": {
      "acc": 0.24969673054182923,
      "f1": 0.3429900144805346,
      "count": 250
    }
  },
  "sample_count": 1091,
  "completed_count": 1091,
  "failed_count": 0
}