{
  "overall_acc": 0.33377867001853917,
  "overall_f1": 0.25331025141261426,
  "breakdowns": {
    "single_page": {
      "acc": 0.2466940275246584,
      "f1": 0.3288951922611951,
      "count": 485
    },
    "cross_page": {
      "acc": 0.11519221040858243,
      "f1": 0.16834029956739371,
      "count": 369
    },
    "unanswerable": {
      "acc": 0.8565573770491803,
      "f1": 0.0,
      "count": 244
    }
  },
  "evidence_source_breakdowns": {
    "Chart": {
      "acc": 0.13846749918040116,
      "f1": 0.19957258991183327,
      "count": 178
    },
    "Figure": {
      "acc": 0.05460750853242321,
      "f1": 0.07514450867052024,
      "count": 293
    },
    "Generalized-text (Layout)": {
      "acc": 0.18204025796365056,
      "f1": 0.25198525241066366,
      "count": 119
    },
    "Pure-text (Plain-text)": {
      "acc": 0.2289243477844714,
      "f1": 0.27954089333229437,
      "count": 298
    },
    "Table": {
      "acc": 0.26079196033324475,
      "f1": 0.3437085990932145,
      "count": 218
    }
  },
  "document_type_breakdowns": {
    "Academic paper": {
      "acc": 0.3156598666402588,
      "f1": 0.2317927575070432,
      "count": 204
    },
    "Administration/Industry file": {
      "acc": 0.3396932285821175,
      "f1": 0.25283134374043464,
      "count": 81
    },
    "Brochure": {
      "acc": 0.313676135055366,
      "f1": 0.2305689025562176,
      "count": 101
    },
    "Financial report": {
      "acc": 0.38165260491714526,
      "f1": 0.46570306958199986,
      "count": 117
    },
    "Guidebook": {
      "acc": 0.37181106716335915,
      "f1": 0.29632303150776756,
      "count": 156
    },
    "Research report / Introduction": {
      "acc": 0.3525938756033646,
      "f1": 0.18578235069242058,
      "count": 293
    },
    "Tutorial/Workshop": {
      "acc": 0.2488891239949217,
      "f1": 0.12451783992285438,
      "count": 139
    }
  },
  "answer_format_breakdowns": {
    "Float": {
      "acc": 0.26875,
      "f1": 0.364406779661017,
      "count": 160
    },
    "Int": {
      "acc": 0.1206896551724138,
      "f1": 0.18324607329842932,
      "count": 290
    },
    "List": {
      "acc": 0.10946754629790881,
      "f1": 0.15623038160963681,
      "count": 147
    },
    "None": {
      "acc": 0.8565573770491803,
      "f1": 0.0,
      "count": 244
    },
    "Str": {
      "acc": 0.24424319873773462,
      "f1": 0.33366557204608555,
      "count": 250
    }
  },
  "sample_count": 1091,
  "completed_count": 1091,
  "failed_count": 0
}