{
  "overall_acc": 0.3080980708443931,
  "overall_f1": 0.2152474322375987,
  "breakdowns": {
    "single_page": {
      "acc": 0.21024854484948963,
      "f1": 0.2903798615794326,
      "count": 485
    },
    "cross_page": {
      "acc": 0.08174647978111219,
      "f1": 0.1262110922143531,
      "count": 369
    },
    "unanswerable": {
      "acc": 0.860655737704918,
      "f1": 0.0,
      "count": 244
    }
  },
  "evidence_source_breakdowns": {
    "Chart": {
      "acc": 0.09986930033518139,
      "f1": 0.15065030050561262,
      "count": 178
    },
    "Figure": {
      "acc": 0.0511203442647277,
      "f1": 0.07194150672411542,
      "count": 293
    },
    "Generalized-text (Layout)": {
      "acc": 0.1482441308171398,
      "f1": 0.21753008584626976,
      "count": 119
    },
    "Pure-text (Plain-text)": {
      "acc": 0.20778038651470485,
      "f1": 0.26501684920086277,
      "count": 298
    },
    "Table": {
      "acc": 0.22480042892886928,
      "f1": 0.3097193129451194,
      "count": 218
    }
  },
  "document_type_breakdowns": {
    "Academic paper": {
      "acc": 0.3121037743160505,
      "f1": 0.21133187464709208,
      "count": 204
    },
    "Administration/Industry file": {
      "acc": 0.2910798122065728,
      "f1": 0.20740127036730183,
      "count": 81
    },
    "Brochure": {
      "acc": 0.2924252294770033,
      "f1": 0.21165042526930886,
      "count": 101
    },
    "Financial report": {
      "acc": 0.3316854780269414,
      "f1": 0.41792612648601457,
      "count": 117
    },
    "Guidebook": {
      "acc": 0.36131253576699496,
      "f1": 0.2849972537039463,
      "count": 156
    },
    "Research report / Introduction": {
      "acc": 0.31599272225512404,
      "f1": 0.12472246539539956,
      "count": 293
    },
    "Tutorial/Workshop": {
      "acc": 0.22730639018197205,
      "f1": 0.07659313725490195,
      "count": 139
    }
  },
  "answer_format_breakdowns": {
    "Float": {
      "acc": 0.2125,
      "f1": 0.30493273542600896,
      "count": 160
    },
    "Int": {
      "acc": 0.1,
      "f1": 0.1580381471389646,
      "count": 290
    },
    "List": {
      "acc": 0.0945857201231444,
      "f1": 0.13631471429511988,
      "count": 147
    },
    "None": {
      "acc": 0.860655737704918,
      "f1": 0.0,
      "count": 244
    },
    "Str": {
      "acc": 0.1969235777325225,
      "f1": 0.286226130425178,
      "count": 250
    }
  },
  "sample_count": 1091,
  "completed_count": 1091,
  "failed_count": 0
}