{
  "overall_acc": 0.30681761665745,
  "overall_f1": 0.21098443634883526,
  "breakdowns": {
    "single_page": {
      "acc": 0.2064933092959945,
      "f1": 0.28486010705980835,
      "count": 485
    },
    "cross_page": {
      "acc": 0.07747632727566557,
      "f1": 0.12191370901799826,
      "count": 369
    },
    "unanswerable": {
      "acc": 0.8729508196721312,
      "f1": 0.0,
      "count": 244
    }
  },
  "evidence_source_breakdowns": {
    "Chart": {
      "acc": 0.10674157303370786,
      "f1": 0.1623931623931624,
      "count": 178
    },
    "Figure": {
      "acc": 0.03754266211604096,
      "f1": 0.04892966360856269,
      "count": 293
    },
    "Generalized-text (Layout)": {
      "acc": 0.12321672855188587,
      "f1": 0.18096411520098568,
      "count": 119
    },
    "Pure-text (Plain-text)": {
      "acc": 0.2081468199749216,
      "f1": 0.26392207363322123,
      "count": 298
    },
    "Table": {
      "acc": 0.21228007466539575,
      "f1": 0.2930553804340212,
      "count": 218
    }
  },
  "document_type_breakdowns": {
    "Academic paper": {
      "acc": 0.3073083778966132,
      "f1": 0.19428083653435768,
      "count": 204
    },
    "Administration/Industry file": {
      "acc": 0.33703043506965075,
      "f1": 0.2589361103292992,
      "count": 81
    },
    "Brochure": {
      "acc": 0.2862983972815886,
      "f1": 0.2127881808114366,
      "count": 101
    },
    "Financial report": {
      "acc": 0.30629555629555627,
      "f1": 0.36969974469974465,
      "count": 117
    },
    "Guidebook": {
      "acc": 0.34641326836772757,
      "f1": 0.27011763893669105,
      "count": 156
    },
    "Research report / Introduction": {
      "acc": 0.32535650977590813,
      "f1": 0.14367107677979565,
      "count": 293
    },
    "Tutorial/Workshop": {
      "acc": 0.22032374100719423,
      "f1": 0.06196581196581197,
      "count": 139
    }
  },
  "answer_format_breakdowns": {
    "Float": {
      "acc": 0.18125,
      "f1": 0.26126126126126126,
      "count": 160
    },
    "Int": {
      "acc": 0.0896551724137931,
      "f1": 0.14404432132963987,
      "count": 290
    },
    "List": {
      "acc": 0.11207501887294734,
      "f1": 0.1672591652215559,
      "count": 147
    },
    "None": {
      "acc": 0.8729508196721312,
      "f1": 0.0,
      "count": 244
    },
    "Str": {
      "acc": 0.20105196799581868,
      "f1": 0.29307867054784065,
      "count": 250
    }
  },
  "sample_count": 1091,
  "completed_count": 1091,
  "failed_count": 0
}