{
  "overall_acc": 0.3318457075911954,
  "overall_f1": 0.24385351074957579,
  "breakdowns": {
    "single_page": {
      "acc": 0.23392763343767753,
      "f1": 0.31310265358021644,
      "count": 485
    },
    "cross_page": {
      "acc": 0.1099966524789176,
      "f1": 0.1633350694757368,
      "count": 369
    },
    "unanswerable": {
      "acc": 0.8811475409836066,
      "f1": 0.0,
      "count": 244
    }
  },
  "evidence_source_breakdowns": {
    "Chart": {
      "acc": 0.1163251817580965,
      "f1": 0.17327098203298055,
      "count": 178
    },
    "Figure": {
      "acc": 0.04039386937443029,
      "f1": 0.05228049542430813,
      "count": 293
    },
    "Generalized-text (Layout)": {
      "acc": 0.19026093753982887,
      "f1": 0.26231577657260163,
      "count": 119
    },
    "Pure-text (Plain-text)": {
      "acc": 0.26454276615613703,
      "f1": 0.32577661820647996,
      "count": 298
    },
    "Table": {
      "acc": 0.24244333648003372,
      "f1": 0.3200780700780701,
      "count": 218
    }
  },
  "document_type_breakdowns": {
    "Academic paper": {
      "acc": 0.332781136169883,
      "f1": 0.24144893314853788,
      "count": 204
    },
    "Administration/Industry file": {
      "acc": 0.35995812466400706,
      "f1": 0.28032887322345684,
      "count": 81
    },
    "Brochure": {
      "acc": 0.2839731647583363,
      "f1": 0.1890493741697693,
      "count": 101
    },
    "Financial report": {
      "acc": 0.3733567002797772,
      "f1": 0.4446391991846538,
      "count": 117
    },
    "Guidebook": {
      "acc": 0.3910561255105847,
      "f1": 0.2995161024561627,
      "count": 156
    },
    "Research report / Introduction": {
      "acc": 0.3380045724139326,
      "f1": 0.1663345309154482,
      "count": 293
    },
    "Tutorial/Workshop": {
      "acc": 0.2345006347862886,
      "f1": 0.09325980392156863,
      "count": 139
    }
  },
  "answer_format_breakdowns": {
    "Float": {
      "acc": 0.2375,
      "f1": 0.3290043290043289,
      "count": 160
    },
    "Int": {
      "acc": 0.11724137931034483,
      "f1": 0.1784776902887139,
      "count": 290
    },
    "List": {
      "acc": 0.10923075762532476,
      "f1": 0.15897941951408653,
      "count": 147
    },
    "None": {
      "acc": 0.8811475409836066,
      "f1": 0.0,
      "count": 244
    },
    "Str": {
      "acc": 0.2359469824442858,
      "f1": 0.32499584358717054,
      "count": 250
    }
  },
  "sample_count": 1091,
  "completed_count": 1091,
  "failed_count": 0
}