{
  "overall_acc": 0.28114700632554546,
  "overall_f1": 0.16009595499751653,
  "breakdowns": {
    "single_page": {
      "acc": 0.16736268047464403,
      "f1": 0.24199314854878423,
      "count": 485
    },
    "cross_page": {
      "acc": 0.031329224582568406,
      "f1": 0.05315164998146088,
      "count": 369
    },
    "unanswerable": {
      "acc": 0.9057377049180327,
      "f1": 0.0,
      "count": 244
    }
  },
  "evidence_source_breakdowns": {
    "Chart": {
      "acc": 0.08286516853932584,
      "f1": 0.13657407407407407,
      "count": 178
    },
    "Figure": {
      "acc": 0.030229156509019993,
      "f1": 0.03754578754578755,
      "count": 293
    },
    "Generalized-text (Layout)": {
      "acc": 0.10084033613445378,
      "f1": 0.15602836879432624,
      "count": 119
    },
    "Pure-text (Plain-text)": {
      "acc": 0.1599825373627465,
      "f1": 0.21020566477570263,
      "count": 298
    },
    "Table": {
      "acc": 0.14162099368521386,
      "f1": 0.2118679193147278,
      "count": 218
    }
  },
  "document_type_breakdowns": {
    "Academic paper": {
      "acc": 0.27176916221033864,
      "f1": 0.12440909090909091,
      "count": 204
    },
    "Administration/Industry file": {
      "acc": 0.2451499118165785,
      "f1": 0.15763546798029557,
      "count": 81
    },
    "Brochure": {
      "acc": 0.2670964770895694,
      "f1": 0.17098560354374306,
      "count": 101
    },
    "Financial report": {
      "acc": 0.25582750582750585,
      "f1": 0.31413449564134494,
      "count": 117
    },
    "Guidebook": {
      "acc": 0.33910108708495806,
      "f1": 0.22657936183865132,
      "count": 156
    },
    "Research report / Introduction": {
      "acc": 0.310580204778157,
      "f1": 0.10116731517509728,
      "count": 293
    },
    "Tutorial/Workshop": {
      "acc": 0.22032374100719423,
      "f1": 0.061440677966101705,
      "count": 139
    }
  },
  "answer_format_breakdowns": {
    "Float": {
      "acc": 0.15,
      "f1": 0.23300970873786406,
      "count": 160
    },
    "Int": {
      "acc": 0.04827586206896552,
      "f1": 0.08408408408408408,
      "count": 290
    },
    "List": {
      "acc": 0.03826530612244898,
      "f1": 0.06081081081081081,
      "count": 147
    },
    "None": {
      "acc": 0.9057377049180327,
      "f1": 0.0,
      "count": 244
    },
    "Str": {
      "acc": 0.1684255356046804,
      "f1": 0.25991595000722284,
      "count": 250
    }
  },
  "sample_count": 1091,
  "completed_count": 1091,
  "failed_count": 0
}