{
  "overall_acc": 0.2889412970888312,
  "overall_f1": 0.18143225856575546,
  "breakdowns": {
    "single_page": {
      "acc": 0.18158866821584424,
      "f1": 0.2529500907478454,
      "count": 485
    },
    "cross_page": {
      "acc": 0.060066262978944164,
      "f1": 0.09533097221174364,
      "count": 369
    },
    "unanswerable": {
      "acc": 0.8688524590163934,
      "f1": 0.0,
      "count": 244
    }
  },
  "evidence_source_breakdowns": {
    "Chart": {
      "acc": 0.089065497396547,
      "f1": 0.13906718014548566,
      "count": 178
    },
    "Figure": {
      "acc": 0.034129692832764506,
      "f1": 0.04307692307692308,
      "count": 293
    },
    "Generalized-text (Layout)": {
      "acc": 0.10641000586281024,
      "f1": 0.1565475261432808,
      "count": 119
    },
    "Pure-text (Plain-text)": {
      "acc": 0.1892357090194306,
      "f1": 0.2380348977724835,
      "count": 298
    },
    "Table": {
      "acc": 0.1896223043012034,
      "f1": 0.2680243344695172,
      "count": 218
    }
  },
  "document_type_breakdowns": {
    "Academic paper": {
      "acc": 0.27406417112299464,
      "f1": 0.1572938689217759,
      "count": 204
    },
    "Administration/Industry file": {
      "acc": 0.2839506172839506,
      "f1": 0.1758241758241758,
      "count": 81
    },
    "Brochure": {
      "acc": 0.2755485418082364,
      "f1": 0.16055277677512503,
      "count": 101
    },
    "Financial report": {
      "acc": 0.30604445238591577,
      "f1": 0.3611324795993786,
      "count": 117
    },
    "Guidebook": {
      "acc": 0.34872096067541986,
      "f1": 0.2560053698898915,
      "count": 156
    },
    "Research report / Introduction": {
      "acc": 0.2991904119374554,
      "f1": 0.11349848331648131,
      "count": 293
    },
    "Tutorial/Workshop": {
      "acc": 0.22032374100719423,
      "f1": 0.06196581196581197,
      "count": 139
    }
  },
  "answer_format_breakdowns": {
    "Float": {
      "acc": 0.1875,
      "f1": 0.2764976958525346,
      "count": 160
    },
    "Int": {
      "acc": 0.05862068965517241,
      "f1": 0.09714285714285714,
      "count": 290
    },
    "List": {
      "acc": 0.07638753175688881,
      "f1": 0.11228967168262655,
      "count": 147
    },
    "None": {
      "acc": 0.8688524590163934,
      "f1": 0.0,
      "count": 244
    },
    "Str": {
      "acc": 0.1800239518226088,
      "f1": 0.26552205283570623,
      "count": 250
    }
  },
  "sample_count": 1091,
  "completed_count": 1091,
  "failed_count": 0
}