{
  "overall_acc": 0.3344736855399915,
  "overall_f1": 0.25436911481794866,
  "breakdowns": {
    "single_page": {
      "acc": 0.2570033058751739,
      "f1": 0.34349373240718056,
      "count": 485
    },
    "cross_page": {
      "acc": 0.10098695819694159,
      "f1": 0.14935546122112803,
      "count": 369
    },
    "unanswerable": {
      "acc": 0.860655737704918,
      "f1": 0.0,
      "count": 244
    }
  },
  "evidence_source_breakdowns": {
    "Chart": {
      "acc": 0.14408547670849106,
      "f1": 0.2076697559037361,
      "count": 178
    },
    "Figure": {
      "acc": 0.04436860068259386,
      "f1": 0.05865102639296188,
      "count": 293
    },
    "Generalized-text (Layout)": {
      "acc": 0.17647058823529413,
      "f1": 0.24539877300613497,
      "count": 119
    },
    "Pure-text (Plain-text)": {
      "acc": 0.23146885091837918,
      "f1": 0.2836508813440595,
      "count": 298
    },
    "Table": {
      "acc": 0.28831489611306127,
      "f1": 0.3806316760162914,
      "count": 218
    }
  },
  "document_type_breakdowns": {
    "Academic paper": {
      "acc": 0.3205618274245725,
      "f1": 0.24393869539097748,
      "count": 204
    },
    "Administration/Industry file": {
      "acc": 0.3150018705574261,
      "f1": 0.22578728461081402,
      "count": 81
    },
    "Brochure": {
      "acc": 0.3037751449563561,
      "f1": 0.21238708437439938,
      "count": 101
    },
    "Financial report": {
      "acc": 0.39019961346415377,
      "f1": 0.48064672454916363,
      "count": 117
    },
    "Guidebook": {
      "acc": 0.3873306353145063,
      "f1": 0.3089519468376411,
      "count": 156
    },
    "Research report / Introduction": {
      "acc": 0.3503317913109604,
      "f1": 0.18127357043613201,
      "count": 293
    },
    "Tutorial/Workshop": {
      "acc": 0.2488891239949217,
      "f1": 0.12451783992285438,
      "count": 139
    }
  },
  "answer_format_breakdowns": {
    "Float": {
      "acc": 0.2875,
      "f1": 0.3881856540084388,
      "count": 160
    },
    "Int": {
      "acc": 0.1103448275862069,
      "f1": 0.1675392670157068,
      "count": 290
    },
    "List": {
      "acc": 0.10102034856936817,
      "f1": 0.14487796331411826,
      "count": 147
    },
    "None": {
      "acc": 0.860655737704918,
      "f1": 0.0,
      "count": 244
    },
    "Str": {
      "acc": 0.24824319873773462,
      "f1": 0.34478222046907586,
      "count": 250
    }
  },
  "sample_count": 1091,
  "completed_count": 1091,
  "failed_count": 0
}