{
  "overall_acc": 0.2743235008769254,
  "overall_f1": 0.14497581380875119,
  "breakdowns": {
    "single_page": {
      "acc": 0.1499514548159957,
      "f1": 0.2127069760056891,
      "count": 485
    },
    "cross_page": {
      "acc": 0.03403925168283941,
      "f1": 0.05722316114336101,
      "count": 369
    },
    "unanswerable": {
      "acc": 0.9057377049180327,
      "f1": 0.0,
      "count": 244
    }
  },
  "evidence_source_breakdowns": {
    "Chart": {
      "acc": 0.08286516853932584,
      "f1": 0.13288288288288289,
      "count": 178
    },
    "Figure": {
      "acc": 0.030229156509019993,
      "f1": 0.03730664240218381,
      "count": 293
    },
    "Generalized-text (Layout)": {
      "acc": 0.09710550887021475,
      "f1": 0.1486697965571205,
      "count": 119
    },
    "Pure-text (Plain-text)": {
      "acc": 0.14991542326878676,
      "f1": 0.19520619758600238,
      "count": 298
    },
    "Table": {
      "acc": 0.12327236983200285,
      "f1": 0.18156755525176574,
      "count": 218
    }
  },
  "document_type_breakdowns": {
    "Academic paper": {
      "acc": 0.27176916221033864,
      "f1": 0.11271831616659203,
      "count": 204
    },
    "Administration/Industry file": {
      "acc": 0.23280423280423282,
      "f1": 0.13781512605042018,
      "count": 81
    },
    "Brochure": {
      "acc": 0.2769974671885793,
      "f1": 0.16937253181219833,
      "count": 101
    },
    "Financial report": {
      "acc": 0.20454545454545456,
      "f1": 0.23516414141414144,
      "count": 117
    },
    "Guidebook": {
      "acc": 0.3234315714154424,
      "f1": 0.216836337152907,
      "count": 156
    },
    "Research report / Introduction": {
      "acc": 0.31399317406143346,
      "f1": 0.1064638783269962,
      "count": 293
    },
    "Tutorial/Workshop": {
      "acc": 0.22032374100719423,
      "f1": 0.061440677966101705,
      "count": 139
    }
  },
  "answer_format_breakdowns": {
    "Float": {
      "acc": 0.13125,
      "f1": 0.2028985507246377,
      "count": 160
    },
    "Int": {
      "acc": 0.03793103448275862,
      "f1": 0.06586826347305388,
      "count": 290
    },
    "List": {
      "acc": 0.031462585034013606,
      "f1": 0.04868421052631579,
      "count": 147
    },
    "None": {
      "acc": 0.9057377049180327,
      "f1": 0.0,
      "count": 244
    },
    "Str": {
      "acc": 0.1666477578269026,
      "f1": 0.25559472059340893,
      "count": 250
    }
  },
  "sample_count": 1091,
  "completed_count": 1091,
  "failed_count": 0
}