{
  "overall_acc": 0.32582356549483393,
  "overall_f1": 0.24419985189944704,
  "breakdowns": {
    "single_page": {
      "acc": 0.2460450507490883,
      "f1": 0.3328394995985545,
      "count": 485
    },
    "cross_page": {
      "acc": 0.09523485187413544,
      "f1": 0.14084833804230854,
      "count": 369
    },
    "unanswerable": {
      "acc": 0.8483606557377049,
      "f1": 0.0,
      "count": 244
    }
  },
  "evidence_source_breakdowns": {
    "Chart": {
      "acc": 0.11672323291945105,
      "f1": 0.17386389505993544,
      "count": 178
    },
    "Figure": {
      "acc": 0.05794628283128061,
      "f1": 0.08126895854398382,
      "count": 293
    },
    "Generalized-text (Layout)": {
      "acc": 0.14267446108878334,
      "f1": 0.20098441345365053,
      "count": 119
    },
    "Pure-text (Plain-text)": {
      "acc": 0.23963394630489643,
      "f1": 0.2946437657606268,
      "count": 298
    },
    "Table": {
      "acc": 0.25161764840663925,
      "f1": 0.3324237490904157,
      "count": 218
    }
  },
  "document_type_breakdowns": {
    "Academic paper": {
      "acc": 0.33661357823761917,
      "f1": 0.2599082200040196,
      "count": 204
    },
    "Administration/Industry file": {
      "acc": 0.2850940284430112,
      "f1": 0.215390607842406,
      "count": 81
    },
    "Brochure": {
      "acc": 0.28252423937799337,
      "f1": 0.1848236522311813,
      "count": 101
    },
    "Financial report": {
      "acc": 0.38165260491714526,
      "f1": 0.4564043003067393,
      "count": 117
    },
    "Guidebook": {
      "acc": 0.3910561255105847,
      "f1": 0.31699186425848325,
      "count": 156
    },
    "Research report / Introduction": {
      "acc": 0.3239695458125492,
      "f1": 0.1496455762667367,
      "count": 293
    },
    "Tutorial/Workshop": {
      "acc": 0.2488891239949217,
      "f1": 0.12451783992285438,
      "count": 139
    }
  },
  "answer_format_breakdowns": {
    "Float": {
      "acc": 0.24375,
      "f1": 0.3421052631578947,
      "count": 160
    },
    "Int": {
      "acc": 0.11724137931034483,
      "f1": 0.18085106382978725,
      "count": 290
    },
    "List": {
      "acc": 0.11379227215361667,
      "f1": 0.16007142590030288,
      "count": 147
    },
    "None": {
      "acc": 0.8483606557377049,
      "f1": 0.0,
      "count": 244
    },
    "Str": {
      "acc": 0.23498418379312858,
      "f1": 0.32101664452613193,
      "count": 250
    }
  },
  "sample_count": 1091,
  "completed_count": 1091,
  "failed_count": 0
}