{
  "overall_acc": 0.32083861577543743,
  "overall_f1": 0.23775030528183747,
  "breakdowns": {
    "single_page": {
      "acc": 0.23142598516037036,
      "f1": 0.31604084925759646,
      "count": 485
    },
    "cross_page": {
      "acc": 0.09429085910087438,
      "f1": 0.14557877409298178,
      "count": 369
    },
    "unanswerable": {
      "acc": 0.860655737704918,
      "f1": 0.0,
      "count": 244
    }
  },
  "evidence_source_breakdowns": {
    "Chart": {
      "acc": 0.12359550561797752,
      "f1": 0.1888412017167382,
      "count": 178
    },
    "Figure": {
      "acc": 0.050897759311470545,
      "f1": 0.07133558969018484,
      "count": 293
    },
    "Generalized-text (Layout)": {
      "acc": 0.12531969309462915,
      "f1": 0.17837235228539577,
      "count": 119
    },
    "Pure-text (Plain-text)": {
      "acc": 0.22920657212801035,
      "f1": 0.28916772874597674,
      "count": 298
    },
    "Table": {
      "acc": 0.2339747408554748,
      "f1": 0.3164967943448956,
      "count": 218
    }
  },
  "document_type_breakdowns": {
    "Academic paper": {
      "acc": 0.3404955658152589,
      "f1": 0.25186810111781255,
      "count": 204
    },
    "Administration/Industry file": {
      "acc": 0.30864197530864196,
      "f1": 0.22000000000000003,
      "count": 81
    },
    "Brochure": {
      "acc": 0.2839731647583363,
      "f1": 0.19420526619258122,
      "count": 101
    },
    "Financial report": {
      "acc": 0.3658735122149756,
      "f1": 0.4448099494304614,
      "count": 117
    },
    "Guidebook": {
      "acc": 0.36024415969861895,
      "f1": 0.2831245945279163,
      "count": 156
    },
    "Research report / Introduction": {
      "acc": 0.3242320819112628,
      "f1": 0.1625441696113074,
      "count": 293
    },
    "Tutorial/Workshop": {
      "acc": 0.2365989561292143,
      "f1": 0.09812091503267972,
      "count": 139
    }
  },
  "answer_format_breakdowns": {
    "Float": {
      "acc": 0.24375,
      "f1": 0.3466666666666666,
      "count": 160
    },
    "Int": {
      "acc": 0.1103448275862069,
      "f1": 0.1763085399449036,
      "count": 290
    },
    "List": {
      "acc": 0.09206106685098282,
      "f1": 0.13202904221555586,
      "count": 147
    },
    "None": {
      "acc": 0.860655737704918,
      "f1": 0.0,
      "count": 244
    },
    "Str": {
      "acc": 0.22200781193563116,
      "f1": 0.31625044435275096,
      "count": 250
    }
  },
  "sample_count": 1091,
  "completed_count": 1091,
  "failed_count": 0
}