{
  "overall_acc": 0.33648461415179287,
  "overall_f1": 0.25079620587486473,
  "breakdowns": {
    "single_page": {
      "acc": 0.24717150180835584,
      "f1": 0.3319946422854487,
      "count": 485
    },
    "cross_page": {
      "acc": 0.10359494759499568,
      "f1": 0.15382911735433966,
      "count": 369
    },
    "unanswerable": {
      "acc": 0.8852459016393442,
      "f1": 0.0,
      "count": 244
    }
  },
  "evidence_source_breakdowns": {
    "Chart": {
      "acc": 0.12359550561797752,
      "f1": 0.18106995884773663,
      "count": 178
    },
    "Figure": {
      "acc": 0.047660621977570754,
      "f1": 0.06487906650549248,
      "count": 293
    },
    "Generalized-text (Layout)": {
      "acc": 0.18185757619529105,
      "f1": 0.2532644364078483,
      "count": 119
    },
    "Pure-text (Plain-text)": {
      "acc": 0.23696098105778118,
      "f1": 0.29047658609688937,
      "count": 298
    },
    "Table": {
      "acc": 0.2653791162965475,
      "f1": 0.3498624452470606,
      "count": 218
    }
  },
  "document_type_breakdowns": {
    "Academic paper": {
      "acc": 0.37192967229666246,
      "f1": 0.30193639089626956,
      "count": 204
    },
    "Administration/Industry file": {
      "acc": 0.3740674721066878,
      "f1": 0.30295970773547937,
      "count": 81
    },
    "Brochure": {
      "acc": 0.2839731647583363,
      "f1": 0.176023448010763,
      "count": 101
    },
    "Financial report": {
      "acc": 0.339168666091743,
      "f1": 0.40101514027894397,
      "count": 117
    },
    "Guidebook": {
      "acc": 0.3951444004966925,
      "f1": 0.30633718157736933,
      "count": 156
    },
    "Research report / Introduction": {
      "acc": 0.33559541762573747,
      "f1": 0.1660713813265603,
      "count": 293
    },
    "Tutorial/Workshop": {
      "acc": 0.2345006347862886,
      "f1": 0.09325980392156863,
      "count": 139
    }
  },
  "answer_format_breakdowns": {
    "Float": {
      "acc": 0.25,
      "f1": 0.3448275862068966,
      "count": 160
    },
    "Int": {
      "acc": 0.11379310344827587,
      "f1": 0.17277486910994763,
      "count": 290
    },
    "List": {
      "acc": 0.12717477733847318,
      "f1": 0.18328129675250543,
      "count": 147
    },
    "None": {
      "acc": 0.8852459016393442,
      "f1": 0.0,
      "count": 244
    },
    "Str": {
      "acc": 0.2376400870834017,
      "f1": 0.3309750516481918,
      "count": 250
    }
  },
  "sample_count": 1091,
  "completed_count": 1091,
  "failed_count": 0
}