{
  "overall_acc": 0.29455450405002154,
  "overall_f1": 0.18898468864318113,
  "breakdowns": {
    "single_page": {
      "acc": 0.19546078360331082,
      "f1": 0.27696681403030204,
      "count": 485
    },
    "cross_page": {
      "acc": 0.04758938718419443,
      "f1": 0.07752973011464788,
      "count": 369
    },
    "unanswerable": {
      "acc": 0.8852459016393442,
      "f1": 0.0,
      "count": 244
    }
  },
  "evidence_source_breakdowns": {
    "Chart": {
      "acc": 0.104369643076516,
      "f1": 0.16736753574432295,
      "count": 178
    },
    "Figure": {
      "acc": 0.040468064358849344,
      "f1": 0.05484298982750995,
      "count": 293
    },
    "Generalized-text (Layout)": {
      "acc": 0.10084033613445378,
      "f1": 0.14864864864864866,
      "count": 119
    },
    "Pure-text (Plain-text)": {
      "acc": 0.1789981973180038,
      "f1": 0.23228803408904827,
      "count": 298
    },
    "Table": {
      "acc": 0.16975455736923625,
      "f1": 0.24494213269723475,
      "count": 218
    }
  },
  "document_type_breakdowns": {
    "Academic paper": {
      "acc": 0.292602495543672,
      "f1": 0.1530820399113082,
      "count": 204
    },
    "Administration/Industry file": {
      "acc": 0.2698412698412698,
      "f1": 0.15584415584415587,
      "count": 81
    },
    "Brochure": {
      "acc": 0.2924252294770033,
      "f1": 0.22790814867595147,
      "count": 101
    },
    "Financial report": {
      "acc": 0.28065453065453067,
      "f1": 0.35311289587605377,
      "count": 117
    },
    "Guidebook": {
      "acc": 0.3424588404427114,
      "f1": 0.26226408314693544,
      "count": 156
    },
    "Research report / Introduction": {
      "acc": 0.3187399474324271,
      "f1": 0.12834542138524832,
      "count": 293
    },
    "Tutorial/Workshop": {
      "acc": 0.22032374100719423,
      "f1": 0.061440677966101705,
      "count": 139
    }
  },
  "answer_format_breakdowns": {
    "Float": {
      "acc": 0.1875,
      "f1": 0.2843601895734597,
      "count": 160
    },
    "Int": {
      "acc": 0.07241379310344828,
      "f1": 0.12103746397694526,
      "count": 290
    },
    "List": {
      "acc": 0.061198721913007625,
      "f1": 0.09371054292929294,
      "count": 147
    },
    "None": {
      "acc": 0.8852459016393442,
      "f1": 0.0,
      "count": 244
    },
    "Str": {
      "acc": 0.1814510071894455,
      "f1": 0.26921514419799036,
      "count": 250
    }
  },
  "sample_count": 1091,
  "completed_count": 1091,
  "failed_count": 0
}