{
  "overall_acc": 0.30713485122820267,
  "overall_f1": 0.20885255211282105,
  "breakdowns": {
    "single_page": {
      "acc": 0.2040062430975881,
      "f1": 0.28031410945832386,
      "count": 485
    },
    "cross_page": {
      "acc": 0.07995862100616588,
      "f1": 0.12396945861880339,
      "count": 369
    },
    "unanswerable": {
      "acc": 0.875558867362146,
      "f1": 0.0,
      "count": 244
    }
  },
  "evidence_source_breakdowns": {
    "Chart": {
      "acc": 0.07303370786516854,
      "f1": 0.11255411255411255,
      "count": 178
    },
    "Figure": {
      "acc": 0.040955631399317405,
      "f1": 0.05487804878048781,
      "count": 293
    },
    "Generalized-text (Layout)": {
      "acc": 0.12321672855188587,
      "f1": 0.18096411520098568,
      "count": 119
    },
    "Pure-text (Plain-text)": {
      "acc": 0.20786482798349415,
      "f1": 0.25674634924804324,
      "count": 298
    },
    "Table": {
      "acc": 0.22868186859012546,
      "f1": 0.3131579958503035,
      "count": 218
    }
  },
  "document_type_breakdowns": {
    "Academic paper": {
      "acc": 0.303475935828877,
      "f1": 0.19474747474747475,
      "count": 204
    },
    "Administration/Industry file": {
      "acc": 0.32468475605730507,
      "f1": 0.23788347875035182,
      "count": 81
    },
    "Brochure": {
      "acc": 0.2839731647583363,
      "f1": 0.19245566919985524,
      "count": 101
    },
    "Financial report": {
      "acc": 0.31352764045071735,
      "f1": 0.38054787093248627,
      "count": 117
    },
    "Guidebook": {
      "acc": 0.3841071920910631,
      "f1": 0.30418894877068736,
      "count": 156
    },
    "Research report / Introduction": {
      "acc": 0.3104635529034291,
      "f1": 0.12290395293858924,
      "count": 293
    },
    "Tutorial/Workshop": {
      "acc": 0.22032374100719423,
      "f1": 0.06196581196581197,
      "count": 139
    }
  },
  "answer_format_breakdowns": {
    "Float": {
      "acc": 0.2,
      "f1": 0.2844444444444445,
      "count": 160
    },
    "Int": {
      "acc": 0.1,
      "f1": 0.15760869565217392,
      "count": 290
    },
    "List": {
      "acc": 0.10885918042301526,
      "f1": 0.16412614894546915,
      "count": 147
    },
    "None": {
      "acc": 0.875558867362146,
      "f1": 0.0,
      "count": 244
    },
    "Str": {
      "acc": 0.17778183812568882,
      "f1": 0.25840383448501286,
      "count": 250
    }
  },
  "sample_count": 1091,
  "completed_count": 1091,
  "failed_count": 0
}