{
  "overall_acc": 0.28586808814964665,
  "overall_f1": 0.1702531949597285,
  "breakdowns": {
    "single_page": {
      "acc": 0.17458505327408497,
      "f1": 0.24935393527425748,
      "count": 485
    },
    "cross_page": {
      "acc": 0.04234417344173442,
      "f1": 0.06991051454138703,
      "count": 369
    },
    "unanswerable": {
      "acc": 0.8958333333333334,
      "f1": 0.0,
      "count": 244
    }
  },
  "evidence_source_breakdowns": {
    "Chart": {
      "acc": 0.0946834749246369,
      "f1": 0.15183476159085918,
      "count": 178
    },
    "Figure": {
      "acc": 0.030229156509019993,
      "f1": 0.03672189879086431,
      "count": 293
    },
    "Generalized-text (Layout)": {
      "acc": 0.10084033613445378,
      "f1": 0.14864864864864866,
      "count": 119
    },
    "Pure-text (Plain-text)": {
      "acc": 0.173306768378089,
      "f1": 0.22378655126150643,
      "count": 298
    },
    "Table": {
      "acc": 0.15276122959609198,
      "f1": 0.22668033720665298,
      "count": 218
    }
  },
  "document_type_breakdowns": {
    "Academic paper": {
      "acc": 0.292602495543672,
      "f1": 0.16525652565256527,
      "count": 204
    },
    "Administration/Industry file": {
      "acc": 0.2821869488536155,
      "f1": 0.18844984802431614,
      "count": 81
    },
    "Brochure": {
      "acc": 0.2755485418082364,
      "f1": 0.16819814709775005,
      "count": 101
    },
    "Financial report": {
      "acc": 0.24621539255685598,
      "f1": 0.30287779068266873,
      "count": 117
    },
    "Guidebook": {
      "acc": 0.3108211233211233,
      "f1": 0.2057422969187675,
      "count": 156
    },
    "Research report / Introduction": {
      "acc": 0.3193970420932878,
      "f1": 0.12121212121212122,
      "count": 293
    },
    "Tutorial/Workshop": {
      "acc": 0.22032374100719423,
      "f1": 0.06196581196581197,
      "count": 139
    }
  },
  "answer_format_breakdowns": {
    "Float": {
      "acc": 0.15,
      "f1": 0.23645320197044334,
      "count": 160
    },
    "Int": {
      "acc": 0.05517241379310345,
      "f1": 0.09329446064139943,
      "count": 290
    },
    "List": {
      "acc": 0.05187074829931973,
      "f1": 0.07942708333333333,
      "count": 147
    },
    "None": {
      "acc": 0.8958333333333334,
      "f1": 0.0,
      "count": 244
    },
    "Str": {
      "acc": 0.18269500335172484,
      "f1": 0.275143077336935,
      "count": 250
    }
  },
  "sample_count": 1091,
  "completed_count": 1091,
  "failed_count": 0
}