{
  "overall_acc": 0.34331246989246056,
  "overall_f1": 0.2650792619978517,
  "breakdowns": {
    "single_page": {
      "acc": 0.26270565837344023,
      "f1": 0.34452716541092565,
      "count": 485
    },
    "cross_page": {
      "acc": 0.11691506867630345,
      "f1": 0.17187912486675685,
      "count": 369
    },
    "unanswerable": {
      "acc": 0.8647540983606558,
      "f1": 0.0,
      "count": 244
    }
  },
  "evidence_source_breakdowns": {
    "Chart": {
      "acc": 0.1512532411408816,
      "f1": 0.21452650934722647,
      "count": 178
    },
    "Figure": {
      "acc": 0.05399899350365559,
      "f1": 0.07411390229231843,
      "count": 293
    },
    "Generalized-text (Layout)": {
      "acc": 0.20149799050054806,
      "f1": 0.28194185116030945,
      "count": 119
    },
    "Pure-text (Plain-text)": {
      "acc": 0.25968671104484636,
      "f1": 0.3135262355962771,
      "count": 298
    },
    "Table": {
      "acc": 0.26608483259859406,
      "f1": 0.3518919352252686,
      "count": 218
    }
  },
  "document_type_breakdowns": {
    "Academic paper": {
      "acc": 0.32674250652126136,
      "f1": 0.24080228008686824,
      "count": 204
    },
    "Administration/Industry file": {
      "acc": 0.3850676072898295,
      "f1": 0.3305860805860806,
      "count": 81
    },
    "Brochure": {
      "acc": 0.2938741548573462,
      "f1": 0.22247876562442048,
      "count": 101
    },
    "Financial report": {
      "acc": 0.3746716246716247,
      "f1": 0.44381421791060344,
      "count": 117
    },
    "Guidebook": {
      "acc": 0.4166971511516104,
      "f1": 0.3298378253154384,
      "count": 156
    },
    "Research report / Introduction": {
      "acc": 0.35354861293427847,
      "f1": 0.19595856681949397,
      "count": 293
    },
    "Tutorial/Workshop": {
      "acc": 0.2488891239949217,
      "f1": 0.12451783992285438,
      "count": 139
    }
  },
  "answer_format_breakdowns": {
    "Float": {
      "acc": 0.28125,
      "f1": 0.37815126050420167,
      "count": 160
    },
    "Int": {
      "acc": 0.12758620689655173,
      "f1": 0.1917098445595855,
      "count": 290
    },
    "List": {
      "acc": 0.11813713364133532,
      "f1": 0.1669822946661182,
      "count": 147
    },
    "None": {
      "acc": 0.8647540983606558,
      "f1": 0.0,
      "count": 244
    },
    "Str": {
      "acc": 0.25675098402959273,
      "f1": 0.3479010623707219,
      "count": 250
    }
  },
  "sample_count": 1091,
  "completed_count": 1091,
  "failed_count": 0
}