{
  "overall_acc": 0.3225276734724954,
  "overall_f1": 0.23793121025560776,
  "breakdowns": {
    "single_page": {
      "acc": 0.23375621879943412,
      "f1": 0.3151756033117794,
      "count": 485
    },
    "cross_page": {
      "acc": 0.09893204780695641,
      "f1": 0.1487003081090302,
      "count": 369
    },
    "unanswerable": {
      "acc": 0.8565573770491803,
      "f1": 0.0,
      "count": 244
    }
  },
  "evidence_source_breakdowns": {
    "Chart": {
      "acc": 0.13439930855661192,
      "f1": 0.20019311232700351,
      "count": 178
    },
    "Figure": {
      "acc": 0.051194539249146756,
      "f1": 0.07079646017699115,
      "count": 293
    },
    "Generalized-text (Layout)": {
      "acc": 0.16523353527457493,
      "f1": 0.23475208424747696,
      "count": 119
    },
    "Pure-text (Plain-text)": {
      "acc": 0.21885723369051166,
      "f1": 0.27205353102697416,
      "count": 298
    },
    "Table": {
      "acc": 0.23991719289884428,
      "f1": 0.31864564007421153,
      "count": 218
    }
  },
  "document_type_breakdowns": {
    "Academic paper": {
      "acc": 0.3156598666402588,
      "f1": 0.2179795089666334,
      "count": 204
    },
    "Administration/Industry file": {
      "acc": 0.3273475495697718,
      "f1": 0.2350030921459493,
      "count": 81
    },
    "Brochure": {
      "acc": 0.2967994473865991,
      "f1": 0.20140815020268826,
      "count": 101
    },
    "Financial report": {
      "acc": 0.35732650366796703,
      "f1": 0.4340266779291169,
      "count": 117
    },
    "Guidebook": {
      "acc": 0.3782213235736156,
      "f1": 0.3060385407375304,
      "count": 156
    },
    "Research report / Introduction": {
      "acc": 0.3330575686715063,
      "f1": 0.17464756055120367,
      "count": 293
    },
    "Tutorial/Workshop": {
      "acc": 0.2345006347862886,
      "f1": 0.09325980392156863,
      "count": 139
    }
  },
  "answer_format_breakdowns": {
    "Float": {
      "acc": 0.2375,
      "f1": 0.3290043290043289,
      "count": 160
    },
    "Int": {
      "acc": 0.10689655172413794,
      "f1": 0.164021164021164,
      "count": 290
    },
    "List": {
      "acc": 0.09891857146321967,
      "f1": 0.14255911769699306,
      "count": 147
    },
    "None": {
      "acc": 0.8565573770491803,
      "f1": 0.0,
      "count": 244
    },
    "Str": {
      "acc": 0.23734664701359667,
      "f1": 0.33618505242719077,
      "count": 250
    }
  },
  "sample_count": 1091,
  "completed_count": 1091,
  "failed_count": 0
}