{
  "overall_acc": 0.33296275203015585,
  "overall_f1": 0.2554737625250001,
  "breakdowns": {
    "single_page": {
      "acc": 0.24063486891890645,
      "f1": 0.32797581891082106,
      "count": 485
    },
    "cross_page": {
      "acc": 0.1153237155534699,
      "f1": 0.17369163689481792,
      "count": 369
    },
    "unanswerable": {
      "acc": 0.8647540983606558,
      "f1": 0.0,
      "count": 244
    }
  },
  "evidence_source_breakdowns": {
    "Chart": {
      "acc": 0.12921348314606743,
      "f1": 0.1940928270042194,
      "count": 178
    },
    "Figure": {
      "acc": 0.04436860068259386,
      "f1": 0.0591715976331361,
      "count": 293
    },
    "Generalized-text (Layout)": {
      "acc": 0.1400234512409615,
      "f1": 0.20341286620356389,
      "count": 119
    },
    "Pure-text (Plain-text)": {
      "acc": 0.25631105211072897,
      "f1": 0.32270090013487085,
      "count": 298
    },
    "Table": {
      "acc": 0.27269934767067794,
      "f1": 0.369926948051948,
      "count": 218
    }
  },
  "document_type_breakdowns": {
    "Academic paper": {
      "acc": 0.33871156417112297,
      "f1": 0.2486474255832663,
      "count": 204
    },
    "Administration/Industry file": {
      "acc": 0.30265619154508044,
      "f1": 0.2350030921459493,
      "count": 81
    },
    "Brochure": {
      "acc": 0.2839731647583363,
      "f1": 0.17288017215342796,
      "count": 101
    },
    "Financial report": {
      "acc": 0.3746716246716247,
      "f1": 0.4558624106816878,
      "count": 117
    },
    "Guidebook": {
      "acc": 0.3966269435814028,
      "f1": 0.34114699667070536,
      "count": 156
    },
    "Research report / Introduction": {
      "acc": 0.34355901262004923,
      "f1": 0.18580341949598897,
      "count": 293
    },
    "Tutorial/Workshop": {
      "acc": 0.2488891239949217,
      "f1": 0.12451783992285438,
      "count": 139
    }
  },
  "answer_format_breakdowns": {
    "Float": {
      "acc": 0.275,
      "f1": 0.3826086956521739,
      "count": 160
    },
    "Int": {
      "acc": 0.11724137931034483,
      "f1": 0.1863013698630137,
      "count": 290
    },
    "List": {
      "acc": 0.12615034597348454,
      "f1": 0.1800398141563323,
      "count": 147
    },
    "None": {
      "acc": 0.8647540983606558,
      "f1": 0.0,
      "count": 244
    },
    "Str": {
      "acc": 0.22287304642719122,
      "f1": 0.3112752045072503,
      "count": 250
    }
  },
  "sample_count": 1091,
  "completed_count": 1091,
  "failed_count": 0
}