{
  "overall_acc": 0.29088491918433645,
  "overall_f1": 0.1801874610313086,
  "breakdowns": {
    "single_page": {
      "acc": 0.18926796486421305,
      "f1": 0.26498425924732294,
      "count": 485
    },
    "cross_page": {
      "acc": 0.044879360083923424,
      "f1": 0.07247476529964002,
      "count": 369
    },
    "unanswerable": {
      "acc": 0.8852459016393442,
      "f1": 0.0,
      "count": 244
    }
  },
  "evidence_source_breakdowns": {
    "Chart": {
      "acc": 0.10030145245272679,
      "f1": 0.15799697819987052,
      "count": 178
    },
    "Figure": {
      "acc": 0.040468064358849344,
      "f1": 0.05467372134038801,
      "count": 293
    },
    "Generalized-text (Layout)": {
      "acc": 0.10084033613445378,
      "f1": 0.14666666666666667,
      "count": 119
    },
    "Pure-text (Plain-text)": {
      "acc": 0.17218820014542682,
      "f1": 0.220458127578792,
      "count": 298
    },
    "Table": {
      "acc": 0.15943345645180507,
      "f1": 0.22731645458918187,
      "count": 218
    }
  },
  "document_type_breakdowns": {
    "Academic paper": {
      "acc": 0.26809269162210336,
      "f1": 0.13038961038961042,
      "count": 204
    },
    "Administration/Industry file": {
      "acc": 0.2698412698412698,
      "f1": 0.1523809523809524,
      "count": 81
    },
    "Brochure": {
      "acc": 0.2924252294770033,
      "f1": 0.22383836030673807,
      "count": 101
    },
    "Financial report": {
      "acc": 0.2718564181978816,
      "f1": 0.3153271646245318,
      "count": 117
    },
    "Guidebook": {
      "acc": 0.3488690968529678,
      "f1": 0.26226408314693544,
      "count": 156
    },
    "Research report / Introduction": {
      "acc": 0.3222411831626849,
      "f1": 0.1349206349206349,
      "count": 293
    },
    "Tutorial/Workshop": {
      "acc": 0.22032374100719423,
      "f1": 0.061440677966101705,
      "count": 139
    }
  },
  "answer_format_breakdowns": {
    "Float": {
      "acc": 0.16875,
      "f1": 0.2535211267605634,
      "count": 160
    },
    "Int": {
      "acc": 0.06896551724137931,
      "f1": 0.1142857142857143,
      "count": 290
    },
    "List": {
      "acc": 0.061198721913007625,
      "f1": 0.0927444548578569,
      "count": 147
    },
    "None": {
      "acc": 0.8852459016393442,
      "f1": 0.0,
      "count": 244
    },
    "Str": {
      "acc": 0.1814369388355958,
      "f1": 0.2668190276994056,
      "count": 250
    }
  },
  "sample_count": 1091,
  "completed_count": 1091,
  "failed_count": 0
}