{
  "overall_acc": 0.2811066533411853,
  "overall_f1": 0.15426241252577533,
  "breakdowns": {
    "single_page": {
      "acc": 0.15843652295658306,
      "f1": 0.22385164626263715,
      "count": 485
    },
    "cross_page": {
      "acc": 0.03752207360783285,
      "f1": 0.06293475073313783,
      "count": 369
    },
    "unanswerable": {
      "acc": 0.9139344262295082,
      "f1": 0.0,
      "count": 244
    }
  },
  "evidence_source_breakdowns": {
    "Chart": {
      "acc": 0.08547623397582291,
      "f1": 0.1383160877063316,
      "count": 178
    },
    "Figure": {
      "acc": 0.027303754266211604,
      "f1": 0.031446540880503145,
      "count": 293
    },
    "Generalized-text (Layout)": {
      "acc": 0.09243697478991597,
      "f1": 0.136986301369863,
      "count": 119
    },
    "Pure-text (Plain-text)": {
      "acc": 0.1701455697069869,
      "f1": 0.22297642741164336,
      "count": 298
    },
    "Table": {
      "acc": 0.13441260574288097,
      "f1": 0.19861016176805654,
      "count": 218
    }
  },
  "document_type_breakdowns": {
    "Academic paper": {
      "acc": 0.2796667656961775,
      "f1": 0.13183858789919398,
      "count": 204
    },
    "Administration/Industry file": {
      "acc": 0.2839506172839506,
      "f1": 0.17777777777777778,
      "count": 81
    },
    "Brochure": {
      "acc": 0.2656475517092265,
      "f1": 0.16661137212512975,
      "count": 101
    },
    "Financial report": {
      "acc": 0.23791948791948792,
      "f1": 0.2717339737887683,
      "count": 117
    },
    "Guidebook": {
      "acc": 0.34194458835898045,
      "f1": 0.23734178876074777,
      "count": 156
    },
    "Research report / Introduction": {
      "acc": 0.3003412969283277,
      "f1": 0.08333333333333334,
      "count": 293
    },
    "Tutorial/Workshop": {
      "acc": 0.22032374100719423,
      "f1": 0.061440677966101705,
      "count": 139
    }
  },
  "answer_format_breakdowns": {
    "Float": {
      "acc": 0.125,
      "f1": 0.19323671497584544,
      "count": 160
    },
    "Int": {
      "acc": 0.05517241379310345,
      "f1": 0.0943952802359882,
      "count": 290
    },
    "List": {
      "acc": 0.04261904761904762,
      "f1": 0.0662962962962963,
      "count": 147
    },
    "None": {
      "acc": 0.9139344262295082,
      "f1": 0.0,
      "count": 244
    },
    "Str": {
      "acc": 0.16568943518093243,
      "f1": 0.25180765225065715,
      "count": 250
    }
  },
  "sample_count": 1091,
  "completed_count": 1091,
  "failed_count": 0
}