{
  "overall_acc": 0.2953447005822085,
  "overall_f1": 0.18443657902750124,
  "breakdowns": {
    "single_page": {
      "acc": 0.183795156514236,
      "f1": 0.2550951891596412,
      "count": 485
    },
    "cross_page": {
      "acc": 0.0625485567094445,
      "f1": 0.09821454223738306,
      "count": 369
    },
    "unanswerable": {
      "acc": 0.889344262295082,
      "f1": 0.0,
      "count": 244
    }
  },
  "evidence_source_breakdowns": {
    "Chart": {
      "acc": 0.0898876404494382,
      "f1": 0.13852813852813853,
      "count": 178
    },
    "Figure": {
      "acc": 0.023890784982935155,
      "f1": 0.024691358024691357,
      "count": 293
    },
    "Generalized-text (Layout)": {
      "acc": 0.12321672855188587,
      "f1": 0.17977356181150553,
      "count": 119
    },
    "Pure-text (Plain-text)": {
      "acc": 0.19403811808555857,
      "f1": 0.24791882531461684,
      "count": 298
    },
    "Table": {
      "acc": 0.18432943203585406,
      "f1": 0.2577882643672117,
      "count": 218
    }
  },
  "document_type_breakdowns": {
    "Academic paper": {
      "acc": 0.2838680926916221,
      "f1": 0.16659619450317126,
      "count": 204
    },
    "Administration/Industry file": {
      "acc": 0.32194631500187054,
      "f1": 0.2121610845295056,
      "count": 81
    },
    "Brochure": {
      "acc": 0.2769974671885793,
      "f1": 0.18475452196382425,
      "count": 101
    },
    "Financial report": {
      "acc": 0.29618251944705976,
      "f1": 0.3770178259908683,
      "count": 117
    },
    "Guidebook": {
      "acc": 0.33536177084564184,
      "f1": 0.21950495740818324,
      "count": 156
    },
    "Research report / Introduction": {
      "acc": 0.3162552583538376,
      "f1": 0.1126819474652836,
      "count": 293
    },
    "Tutorial/Workshop": {
      "acc": 0.22032374100719423,
      "f1": 0.06196581196581197,
      "count": 139
    }
  },
  "answer_format_breakdowns": {
    "Float": {
      "acc": 0.1875,
      "f1": 0.27906976744186046,
      "count": 160
    },
    "Int": {
      "acc": 0.06206896551724138,
      "f1": 0.09917355371900825,
      "count": 290
    },
    "List": {
      "acc": 0.08157202313585797,
      "f1": 0.12235803470378696,
      "count": 147
    },
    "None": {
      "acc": 0.889344262295082,
      "f1": 0.0,
      "count": 244
    },
    "Str": {
      "acc": 0.1809199237368734,
      "f1": 0.26605871137775505,
      "count": 250
    }
  },
  "sample_count": 1091,
  "completed_count": 1091,
  "failed_count": 0
}