{
  "overall_acc": 0.3136795325897761,
  "overall_f1": 0.22641159256069468,
  "breakdowns": {
    "single_page": {
      "acc": 0.21859588868079594,
      "f1": 0.2991510755594744,
      "count": 485
    },
    "cross_page": {
      "acc": 0.08998743643701809,
      "f1": 0.14070069510703254,
      "count": 369
    },
    "unanswerable": {
      "acc": 0.860655737704918,
      "f1": 0.0,
      "count": 244
    }
  },
  "evidence_source_breakdowns": {
    "Chart": {
      "acc": 0.12921348314606743,
      "f1": 0.1965811965811966,
      "count": 178
    },
    "Figure": {
      "acc": 0.040955631399317405,
      "f1": 0.05504587155963303,
      "count": 293
    },
    "Generalized-text (Layout)": {
      "acc": 0.15852591036414565,
      "f1": 0.2320075757575757,
      "count": 119
    },
    "Pure-text (Plain-text)": {
      "acc": 0.21276423667487826,
      "f1": 0.2679512709221554,
      "count": 298
    },
    "Table": {
      "acc": 0.21240665702349457,
      "f1": 0.29323398855095023,
      "count": 218
    }
  },
  "document_type_breakdowns": {
    "Academic paper": {
      "acc": 0.3106962028530656,
      "f1": 0.201639868306535,
      "count": 204
    },
    "Administration/Industry file": {
      "acc": 0.30697016460905346,
      "f1": 0.24463058419243988,
      "count": 81
    },
    "Brochure": {
      "acc": 0.27407217465932643,
      "f1": 0.19245566919985524,
      "count": 101
    },
    "Financial report": {
      "acc": 0.3102599452891915,
      "f1": 0.3787551699854425,
      "count": 117
    },
    "Guidebook": {
      "acc": 0.3743619863164455,
      "f1": 0.3078704479254551,
      "count": 156
    },
    "Research report / Introduction": {
      "acc": 0.3310580204778157,
      "f1": 0.15827338129496402,
      "count": 293
    },
    "Tutorial/Workshop": {
      "acc": 0.2488891239949217,
      "f1": 0.12451783992285438,
      "count": 139
    }
  },
  "answer_format_breakdowns": {
    "Float": {
      "acc": 0.225,
      "f1": 0.3272727272727273,
      "count": 160
    },
    "Int": {
      "acc": 0.09655172413793103,
      "f1": 0.15512465373961218,
      "count": 290
    },
    "List": {
      "acc": 0.11422563068221332,
      "f1": 0.16707629562472995,
      "count": 147
    },
    "None": {
      "acc": 0.860655737704918,
      "f1": 0.0,
      "count": 244
    },
    "Str": {
      "acc": 0.2057328093806414,
      "f1": 0.2922341042338656,
      "count": 250
    }
  },
  "sample_count": 1091,
  "completed_count": 1091,
  "failed_count": 0
}