{
  "overall_acc": 0.30777536862933635,
  "overall_f1": 0.2140358956682778,
  "breakdowns": {
    "single_page": {
      "acc": 0.21619990331455624,
      "f1": 0.29743754743939144,
      "count": 485
    },
    "cross_page": {
      "acc": 0.07297011942288936,
      "f1": 0.11337252238756283,
      "count": 369
    },
    "unanswerable": {
      "acc": 0.8647540983606558,
      "f1": 0.0,
      "count": 244
    }
  },
  "evidence_source_breakdowns": {
    "Chart": {
      "acc": 0.10112359550561797,
      "f1": 0.15254237288135594,
      "count": 178
    },
    "Figure": {
      "acc": 0.04088143641489835,
      "f1": 0.05508135502800746,
      "count": 293
    },
    "Generalized-text (Layout)": {
      "acc": 0.13427109974424553,
      "f1": 0.19202898550724637,
      "count": 119
    },
    "Pure-text (Plain-text)": {
      "acc": 0.2092054447128102,
      "f1": 0.26167008285776566,
      "count": 298
    },
    "Table": {
      "acc": 0.22021327296556653,
      "f1": 0.3013236763236763,
      "count": 218
    }
  },
  "document_type_breakdowns": {
    "Academic paper": {
      "acc": 0.29249593117879563,
      "f1": 0.18875954301803025,
      "count": 204
    },
    "Administration/Industry file": {
      "acc": 0.3123390770449594,
      "f1": 0.21913755831152576,
      "count": 81
    },
    "Brochure": {
      "acc": 0.2839731647583363,
      "f1": 0.2067484892140171,
      "count": 101
    },
    "Financial report": {
      "acc": 0.32338957338957336,
      "f1": 0.39033645679215295,
      "count": 117
    },
    "Guidebook": {
      "acc": 0.3782356126900719,
      "f1": 0.31466017505226085,
      "count": 156
    },
    "Research report / Introduction": {
      "acc": 0.323094425483504,
      "f1": 0.13704994192799072,
      "count": 293
    },
    "Tutorial/Workshop": {
      "acc": 0.22032374100719423,
      "f1": 0.06196581196581197,
      "count": 139
    }
  },
  "answer_format_breakdowns": {
    "Float": {
      "acc": 0.2125,
      "f1": 0.30088495575221236,
      "count": 160
    },
    "Int": {
      "acc": 0.0896551724137931,
      "f1": 0.14325068870523416,
      "count": 290
    },
    "List": {
      "acc": 0.09916590878775754,
      "f1": 0.14799379281015593,
      "count": 147
    },
    "None": {
      "acc": 0.8647540983606558,
      "f1": 0.0,
      "count": 244
    },
    "Str": {
      "acc": 0.20082215433122239,
      "f1": 0.2893690984599746,
      "count": 250
    }
  },
  "sample_count": 1091,
  "completed_count": 1091,
  "failed_count": 0
}