{
  "overall_acc": 0.3314290161403638,
  "overall_f1": 0.24451886006528262,
  "breakdowns": {
    "single_page": {
      "acc": 0.2399227236012031,
      "f1": 0.32596876586164975,
      "count": 485
    },
    "cross_page": {
      "acc": 0.10088492049472468,
      "f1": 0.14920455175372108,
      "count": 369
    },
    "unanswerable": {
      "acc": 0.8811475409836066,
      "f1": 0.0,
      "count": 244
    }
  },
  "evidence_source_breakdowns": {
    "Chart": {
      "acc": 0.11235955056179775,
      "f1": 0.16666666666666666,
      "count": 178
    },
    "Figure": {
      "acc": 0.0511203442647277,
      "f1": 0.0702537294402652,
      "count": 293
    },
    "Generalized-text (Layout)": {
      "acc": 0.18071962101321823,
      "f1": 0.24705584217557794,
      "count": 119
    },
    "Pure-text (Plain-text)": {
      "acc": 0.24031668575576776,
      "f1": 0.29571795128246586,
      "count": 298
    },
    "Table": {
      "acc": 0.25161764840663925,
      "f1": 0.33763415268117464,
      "count": 218
    }
  },
  "document_type_breakdowns": {
    "Academic paper": {
      "acc": 0.3425850577385104,
      "f1": 0.2522912819096605,
      "count": 204
    },
    "Administration/Industry file": {
      "acc": 0.36753221209920556,
      "f1": 0.29838604404112423,
      "count": 81
    },
    "Brochure": {
      "acc": 0.32357712515437587,
      "f1": 0.22645160072485654,
      "count": 101
    },
    "Financial report": {
      "acc": 0.3477156746387515,
      "f1": 0.4210341741591741,
      "count": 117
    },
    "Guidebook": {
      "acc": 0.3951444004966925,
      "f1": 0.3079841556718713,
      "count": 156
    },
    "Research report / Introduction": {
      "acc": 0.32535650977590813,
      "f1": 0.1592454427600074,
      "count": 293
    },
    "Tutorial/Workshop": {
      "acc": 0.22730639018197205,
      "f1": 0.07659313725490195,
      "count": 139
    }
  },
  "answer_format_breakdowns": {
    "Float": {
      "acc": 0.21875,
      "f1": 0.30701754385964913,
      "count": 160
    },
    "Int": {
      "acc": 0.1103448275862069,
      "f1": 0.16931216931216933,
      "count": 290
    },
    "List": {
      "acc": 0.1203720562500378,
      "f1": 0.1726311440854201,
      "count": 147
    },
    "None": {
      "acc": 0.8811475409836066,
      "f1": 0.0,
      "count": 244
    },
    "Str": {
      "acc": 0.24757745736152542,
      "f1": 0.34481540022496576,
      "count": 250
    }
  },
  "sample_count": 1091,
  "completed_count": 1091,
  "failed_count": 0
}