{
  "overall_acc": 0.31162340463606636,
  "overall_f1": 0.2203215045550014,
  "breakdowns": {
    "single_page": {
      "acc": 0.21740081730278946,
      "f1": 0.2965042059995569,
      "count": 485
    },
    "cross_page": {
      "acc": 0.08818899204903921,
      "f1": 0.1328234206779407,
      "count": 369
    },
    "unanswerable": {
      "acc": 0.8565573770491803,
      "f1": 0.0,
      "count": 244
    }
  },
  "evidence_source_breakdowns": {
    "Chart": {
      "acc": 0.12359550561797752,
      "f1": 0.18181818181818182,
      "count": 178
    },
    "Figure": {
      "acc": 0.03754266211604096,
      "f1": 0.048338368580060416,
      "count": 293
    },
    "Generalized-text (Layout)": {
      "acc": 0.1472677282621148,
      "f1": 0.21050776641008484,
      "count": 119
    },
    "Pure-text (Plain-text)": {
      "acc": 0.2083508255433276,
      "f1": 0.25863167141742543,
      "count": 298
    },
    "Table": {
      "acc": 0.22378470153699512,
      "f1": 0.30339723768295196,
      "count": 218
    }
  },
  "document_type_breakdowns": {
    "Academic paper": {
      "acc": 0.3027629233511587,
      "f1": 0.20754267566494639,
      "count": 204
    },
    "Administration/Industry file": {
      "acc": 0.30864197530864196,
      "f1": 0.22222222222222224,
      "count": 81
    },
    "Brochure": {
      "acc": 0.27407217465932643,
      "f1": 0.16076462297392533,
      "count": 101
    },
    "Financial report": {
      "acc": 0.32397232397232395,
      "f1": 0.39880952380952384,
      "count": 117
    },
    "Guidebook": {
      "acc": 0.36866024775943806,
      "f1": 0.29293921160742914,
      "count": 156
    },
    "Research report / Introduction": {
      "acc": 0.33673307405349634,
      "f1": 0.16892322395667406,
      "count": 293
    },
    "Tutorial/Workshop": {
      "acc": 0.22631408058137667,
      "f1": 0.07429428668018932,
      "count": 139
    }
  },
  "answer_format_breakdowns": {
    "Float": {
      "acc": 0.21875,
      "f1": 0.30434782608695654,
      "count": 160
    },
    "Int": {
      "acc": 0.1,
      "f1": 0.15508021390374332,
      "count": 290
    },
    "List": {
      "acc": 0.08531885548255132,
      "f1": 0.12356523897472949,
      "count": 147
    },
    "None": {
      "acc": 0.8565573770491803,
      "f1": 0.0,
      "count": 244
    },
    "Str": {
      "acc": 0.21775705080805322,
      "f1": 0.3137709665822092,
      "count": 250
    }
  },
  "sample_count": 1091,
  "completed_count": 1091,
  "failed_count": 0
}