{
  "overall_acc": 0.3068292384844677,
  "overall_f1": 0.21490215191482215,
  "breakdowns": {
    "single_page": {
      "acc": 0.21494647184535726,
      "f1": 0.29380374273413373,
      "count": 485
    },
    "cross_page": {
      "acc": 0.07453024482806497,
      "f1": 0.11828671114647732,
      "count": 369
    },
    "unanswerable": {
      "acc": 0.860655737704918,
      "f1": 0.0,
      "count": 244
    }
  },
  "evidence_source_breakdowns": {
    "Chart": {
      "acc": 0.11192739844425238,
      "f1": 0.17324414715719064,
      "count": 178
    },
    "Figure": {
      "acc": 0.04436860068259386,
      "f1": 0.0606060606060606,
      "count": 293
    },
    "Generalized-text (Layout)": {
      "acc": 0.12605042016806722,
      "f1": 0.18181818181818185,
      "count": 119
    },
    "Pure-text (Plain-text)": {
      "acc": 0.20313212133806494,
      "f1": 0.25861532443837365,
      "count": 298
    },
    "Table": {
      "acc": 0.21854521625163828,
      "f1": 0.3009216589861751,
      "count": 218
    }
  },
  "document_type_breakdowns": {
    "Academic paper": {
      "acc": 0.303475935828877,
      "f1": 0.19182652210175144,
      "count": 204
    },
    "Administration/Industry file": {
      "acc": 0.2962962962962963,
      "f1": 0.22680412371134023,
      "count": 81
    },
    "Brochure": {
      "acc": 0.2839731647583363,
      "f1": 0.2143355897356324,
      "count": 101
    },
    "Financial report": {
      "acc": 0.3316854780269414,
      "f1": 0.39759001161440194,
      "count": 117
    },
    "Guidebook": {
      "acc": 0.3538339032883625,
      "f1": 0.27188863947173647,
      "count": 156
    },
    "Research report / Introduction": {
      "acc": 0.32272846607317596,
      "f1": 0.1473795022182119,
      "count": 293
    },
    "Tutorial/Workshop": {
      "acc": 0.22730639018197205,
      "f1": 0.07659313725490195,
      "count": 139
    }
  },
  "answer_format_breakdowns": {
    "Float": {
      "acc": 0.23125,
      "f1": 0.33333333333333337,
      "count": 160
    },
    "Int": {
      "acc": 0.0896551724137931,
      "f1": 0.14444444444444443,
      "count": 290
    },
    "List": {
      "acc": 0.09440594419586015,
      "f1": 0.13877673796791443,
      "count": 147
    },
    "None": {
      "acc": 0.860655737704918,
      "f1": 0.0,
      "count": 244
    },
    "Str": {
      "acc": 0.19149210155905125,
      "f1": 0.2775247848681902,
      "count": 250
    }
  },
  "sample_count": 1091,
  "completed_count": 1091,
  "failed_count": 0
}