{
  "overall_acc": 0.28970394121027876,
  "overall_f1": 0.1804634803614321,
  "breakdowns": {
    "single_page": {
      "acc": 0.18042580616380696,
      "f1": 0.2551712075735225,
      "count": 485
    },
    "cross_page": {
      "acc": 0.053009441384736435,
      "f1": 0.08693548387096775,
      "count": 369
    },
    "unanswerable": {
      "acc": 0.8852459016393442,
      "f1": 0.0,
      "count": 244
    }
  },
  "evidence_source_breakdowns": {
    "Chart": {
      "acc": 0.089065497396547,
      "f1": 0.14218527835502567,
      "count": 178
    },
    "Figure": {
      "acc": 0.02681618722574354,
      "f1": 0.030548068283917342,
      "count": 293
    },
    "Generalized-text (Layout)": {
      "acc": 0.1249124649859944,
      "f1": 0.18735923423423423,
      "count": 119
    },
    "Pure-text (Plain-text)": {
      "acc": 0.17666247307607558,
      "f1": 0.22822708488335264,
      "count": 298
    },
    "Table": {
      "acc": 0.17455022042178006,
      "f1": 0.2564148654114052,
      "count": 218
    }
  },
  "document_type_breakdowns": {
    "Academic paper": {
      "acc": 0.26426024955436717,
      "f1": 0.13183972425678586,
      "count": 204
    },
    "Administration/Industry file": {
      "acc": 0.26816945914168133,
      "f1": 0.18556864235055723,
      "count": 81
    },
    "Brochure": {
      "acc": 0.2656475517092265,
      "f1": 0.1820444948635533,
      "count": 101
    },
    "Financial report": {
      "acc": 0.2804034267448901,
      "f1": 0.3352324449885426,
      "count": 117
    },
    "Guidebook": {
      "acc": 0.3616896096734806,
      "f1": 0.2907568941555117,
      "count": 156
    },
    "Research report / Introduction": {
      "acc": 0.3199658703071672,
      "f1": 0.11216730038022812,
      "count": 293
    },
    "Tutorial/Workshop": {
      "acc": 0.22032374100719423,
      "f1": 0.06196581196581197,
      "count": 139
    }
  },
  "answer_format_breakdowns": {
    "Float": {
      "acc": 0.16875,
      "f1": 0.25961538461538464,
      "count": 160
    },
    "Int": {
      "acc": 0.06551724137931035,
      "f1": 0.10888252148997134,
      "count": 290
    },
    "List": {
      "acc": 0.058673469387755105,
      "f1": 0.08984375,
      "count": 147
    },
    "None": {
      "acc": 0.8852459016393442,
      "f1": 0.0,
      "count": 244
    },
    "Str": {
      "acc": 0.18176799944165642,
      "f1": 0.2737469871109283,
      "count": 250
    }
  },
  "sample_count": 1091,
  "completed_count": 1091,
  "failed_count": 0
}