{
  "overall_acc": 0.308881146388698,
  "overall_f1": 0.22163115242279977,
  "breakdowns": {
    "single_page": {
      "acc": 0.22644305086770947,
      "f1": 0.3120633677415451,
      "count": 485
    },
    "cross_page": {
      "acc": 0.07090637138002817,
      "f1": 0.11157548417582257,
      "count": 369
    },
    "unanswerable": {
      "acc": 0.8524590163934426,
      "f1": 0.0,
      "count": 244
    }
  },
  "evidence_source_breakdowns": {
    "Chart": {
      "acc": 0.11235955056179775,
      "f1": 0.17316017316017315,
      "count": 178
    },
    "Figure": {
      "acc": 0.040468064358849344,
      "f1": 0.05367965367965369,
      "count": 293
    },
    "Generalized-text (Layout)": {
      "acc": 0.12321672855188587,
      "f1": 0.18096411520098568,
      "count": 119
    },
    "Pure-text (Plain-text)": {
      "acc": 0.21494397890456587,
      "f1": 0.27298232398832833,
      "count": 298
    },
    "Table": {
      "acc": 0.23247051114023592,
      "f1": 0.3194763435920992,
      "count": 218
    }
  },
  "document_type_breakdowns": {
    "Academic paper": {
      "acc": 0.2887700534759358,
      "f1": 0.19095060190950602,
      "count": 204
    },
    "Administration/Industry file": {
      "acc": 0.2773234995457218,
      "f1": 0.21353476455517273,
      "count": 81
    },
    "Brochure": {
      "acc": 0.27407217465932643,
      "f1": 0.1776383420292104,
      "count": 101
    },
    "Financial report": {
      "acc": 0.35732650366796703,
      "f1": 0.4393521586399037,
      "count": 117
    },
    "Guidebook": {
      "acc": 0.3861141230685823,
      "f1": 0.3094750363488504,
      "count": 156
    },
    "Research report / Introduction": {
      "acc": 0.32184011718101724,
      "f1": 0.14551365114005774,
      "count": 293
    },
    "Tutorial/Workshop": {
      "acc": 0.22730639018197205,
      "f1": 0.07659313725490195,
      "count": 139
    }
  },
  "answer_format_breakdowns": {
    "Float": {
      "acc": 0.23125,
      "f1": 0.3288888888888889,
      "count": 160
    },
    "Int": {
      "acc": 0.09310344827586207,
      "f1": 0.15041782729805014,
      "count": 290
    },
    "List": {
      "acc": 0.09211200336371335,
      "f1": 0.13540464494465862,
      "count": 147
    },
    "None": {
      "acc": 0.8524590163934426,
      "f1": 0.0,
      "count": 244
    },
    "Str": {
      "acc": 0.2057954648624145,
      "f1": 0.29912131520699786,
      "count": 250
    }
  },
  "sample_count": 1091,
  "completed_count": 1091,
  "failed_count": 0
}