{
  "overall_acc": 0.3296483708091267,
  "overall_f1": 0.2427920075376775,
  "breakdowns": {
    "single_page": {
      "acc": 0.24272247110455886,
      "f1": 0.326127830591196,
      "count": 485
    },
    "cross_page": {
      "acc": 0.0973603633253284,
      "f1": 0.14428102034958304,
      "count": 369
    },
    "unanswerable": {
      "acc": 0.8729508196721312,
      "f1": 0.0,
      "count": 244
    }
  },
  "evidence_source_breakdowns": {
    "Chart": {
      "acc": 0.1348314606741573,
      "f1": 0.19672131147540983,
      "count": 178
    },
    "Figure": {
      "acc": 0.044294405698174805,
      "f1": 0.058352402745995416,
      "count": 293
    },
    "Generalized-text (Layout)": {
      "acc": 0.15948118377785897,
      "f1": 0.2192470837751856,
      "count": 119
    },
    "Pure-text (Plain-text)": {
      "acc": 0.2421844081102497,
      "f1": 0.29690639460981505,
      "count": 298
    },
    "Table": {
      "acc": 0.25248719170737516,
      "f1": 0.3377637987012987,
      "count": 218
    }
  },
  "document_type_breakdowns": {
    "Academic paper": {
      "acc": 0.31630545498831947,
      "f1": 0.2286751104966997,
      "count": 204
    },
    "Administration/Industry file": {
      "acc": 0.33703043506965075,
      "f1": 0.26335574733943984,
      "count": 81
    },
    "Brochure": {
      "acc": 0.3532800954514056,
      "f1": 0.27511034457178885,
      "count": 101
    },
    "Financial report": {
      "acc": 0.349030599030599,
      "f1": 0.41517276179852863,
      "count": 117
    },
    "Guidebook": {
      "acc": 0.38487480682926606,
      "f1": 0.29714802049852196,
      "count": 156
    },
    "Research report / Introduction": {
      "acc": 0.34015927189988626,
      "f1": 0.1734234234234234,
      "count": 293
    },
    "Tutorial/Workshop": {
      "acc": 0.22730639018197205,
      "f1": 0.07659313725490195,
      "count": 139
    }
  },
  "answer_format_breakdowns": {
    "Float": {
      "acc": 0.25,
      "f1": 0.3448275862068966,
      "count": 160
    },
    "Int": {
      "acc": 0.10689655172413794,
      "f1": 0.16272965879265092,
      "count": 290
    },
    "List": {
      "acc": 0.1057685498441801,
      "f1": 0.15095123133101432,
      "count": 147
    },
    "None": {
      "acc": 0.8729508196721312,
      "f1": 0.0,
      "count": 244
    },
    "Str": {
      "acc": 0.24039358290265095,
      "f1": 0.33574522751766894,
      "count": 250
    }
  },
  "sample_count": 1091,
  "completed_count": 1091,
  "failed_count": 0
}