{
  "overall_acc": 0.3312909458907038,
  "overall_f1": 0.24454435249877735,
  "breakdowns": {
    "single_page": {
      "acc": 0.2402318513396117,
      "f1": 0.3211508736061926,
      "count": 485
    },
    "cross_page": {
      "acc": 0.1054904446261414,
      "f1": 0.15539311004808856,
      "count": 369
    },
    "unanswerable": {
      "acc": 0.8729508196721312,
      "f1": 0.0,
      "count": 244
    }
  },
  "evidence_source_breakdowns": {
    "Chart": {
      "acc": 0.1404494382022472,
      "f1": 0.20491803278688525,
      "count": 178
    },
    "Figure": {
      "acc": 0.04721980794098319,
      "f1": 0.06318019665718994,
      "count": 293
    },
    "Generalized-text (Layout)": {
      "acc": 0.16788454512239678,
      "f1": 0.23003952569169964,
      "count": 119
    },
    "Pure-text (Plain-text)": {
      "acc": 0.23825072925023263,
      "f1": 0.29156591032605617,
      "count": 298
    },
    "Table": {
      "acc": 0.2523233647086858,
      "f1": 0.3354440590465435,
      "count": 218
    }
  },
  "document_type_breakdowns": {
    "Academic paper": {
      "acc": 0.3212074157726332,
      "f1": 0.23526763091980482,
      "count": 204
    },
    "Administration/Industry file": {
      "acc": 0.3476124456516614,
      "f1": 0.2748855941317392,
      "count": 81
    },
    "Brochure": {
      "acc": 0.3334781152533858,
      "f1": 0.24214671930251266,
      "count": 101
    },
    "Financial report": {
      "acc": 0.35732650366796703,
      "f1": 0.4270822199895969,
      "count": 117
    },
    "Guidebook": {
      "acc": 0.3718253562798155,
      "f1": 0.2903737159102281,
      "count": 156
    },
    "Research report / Introduction": {
      "acc": 0.3503981797497156,
      "f1": 0.1807909604519774,
      "count": 293
    },
    "Tutorial/Workshop": {
      "acc": 0.22730639018197205,
      "f1": 0.07659313725490195,
      "count": 139
    }
  },
  "answer_format_breakdowns": {
    "Float": {
      "acc": 0.25625,
      "f1": 0.3565217391304348,
      "count": 160
    },
    "Int": {
      "acc": 0.11379310344827587,
      "f1": 0.17232375979112274,
      "count": 290
    },
    "List": {
      "acc": 0.11257127093261546,
      "f1": 0.15835384523535379,
      "count": 147
    },
    "None": {
      "acc": 0.8729508196721312,
      "f1": 0.0,
      "count": 244
    },
    "Str": {
      "acc": 0.2315617805586535,
      "f1": 0.32072268775436774,
      "count": 250
    }
  },
  "sample_count": 1091,
  "completed_count": 1091,
  "failed_count": 0
}