{
  "overall_acc": 0.2959872762333531,
  "overall_f1": 0.18730701745462114,
  "breakdowns": {
    "single_page": {
      "acc": 0.18133782227205378,
      "f1": 0.249457145768709,
      "count": 485
    },
    "cross_page": {
      "acc": 0.0676782508635289,
      "f1": 0.10977263546655895,
      "count": 369
    },
    "unanswerable": {
      "acc": 0.889344262295082,
      "f1": 0.0,
      "count": 244
    }
  },
  "evidence_source_breakdowns": {
    "Chart": {
      "acc": 0.11235955056179775,
      "f1": 0.1724137931034483,
      "count": 178
    },
    "Figure": {
      "acc": 0.027303754266211604,
      "f1": 0.03058103975535168,
      "count": 293
    },
    "Generalized-text (Layout)": {
      "acc": 0.12304523138158918,
      "f1": 0.17833179783541325,
      "count": 119
    },
    "Pure-text (Plain-text)": {
      "acc": 0.18597870151844365,
      "f1": 0.2391192743333146,
      "count": 298
    },
    "Table": {
      "acc": 0.1701268914571667,
      "f1": 0.24717576943604339,
      "count": 218
    }
  },
  "document_type_breakdowns": {
    "Academic paper": {
      "acc": 0.27176916221033864,
      "f1": 0.13819051761635495,
      "count": 204
    },
    "Administration/Industry file": {
      "acc": 0.30839002267573695,
      "f1": 0.24957482993197277,
      "count": 81
    },
    "Brochure": {
      "acc": 0.2670964770895694,
      "f1": 0.16471090249626624,
      "count": 101
    },
    "Financial report": {
      "acc": 0.29749744383890725,
      "f1": 0.36697071247327573,
      "count": 117
    },
    "Guidebook": {
      "acc": 0.32986726535113636,
      "f1": 0.21716815758561492,
      "count": 156
    },
    "Research report / Introduction": {
      "acc": 0.3333201047702199,
      "f1": 0.13824289405684753,
      "count": 293
    },
    "Tutorial/Workshop": {
      "acc": 0.22730639018197205,
      "f1": 0.07659313725490195,
      "count": 139
    }
  },
  "answer_format_breakdowns": {
    "Float": {
      "acc": 0.18125,
      "f1": 0.27488151658767773,
      "count": 160
    },
    "Int": {
      "acc": 0.08275862068965517,
      "f1": 0.1340782122905028,
      "count": 290
    },
    "List": {
      "acc": 0.07658761178890161,
      "f1": 0.11488141768335243,
      "count": 147
    },
    "None": {
      "acc": 0.889344262295082,
      "f1": 0.0,
      "count": 244
    },
    "Str": {
      "acc": 0.16665495775047884,
      "f1": 0.24580377249333166,
      "count": 250
    }
  },
  "sample_count": 1091,
  "completed_count": 1091,
  "failed_count": 0
}