{
  "overall_acc": 0.33929481837348935,
  "overall_f1": 0.25380388872489956,
  "breakdowns": {
    "single_page": {
      "acc": 0.24098593479804656,
      "f1": 0.32175162043060784,
      "count": 485
    },
    "cross_page": {
      "acc": 0.11732376278705771,
      "f1": 0.17421516486287442,
      "count": 369
    },
    "unanswerable": {
      "acc": 0.889344262295082,
      "f1": 0.0,
      "count": 244
    }
  },
  "evidence_source_breakdowns": {
    "Chart": {
      "acc": 0.1348314606741573,
      "f1": 0.19672131147540983,
      "count": 178
    },
    "Figure": {
      "acc": 0.051073591260847206,
      "f1": 0.06996820023057444,
      "count": 293
    },
    "Generalized-text (Layout)": {
      "acc": 0.19866429888436668,
      "f1": 0.2744369886938138,
      "count": 119
    },
    "Pure-text (Plain-text)": {
      "acc": 0.2438936414801667,
      "f1": 0.2978698646761437,
      "count": 298
    },
    "Table": {
      "acc": 0.26079196033324475,
      "f1": 0.349079045954046,
      "count": 218
    }
  },
  "document_type_breakdowns": {
    "Academic paper": {
      "acc": 0.3557713571187395,
      "f1": 0.2745857117584595,
      "count": 204
    },
    "Administration/Industry file": {
      "acc": 0.3617217930943421,
      "f1": 0.26335574733943984,
      "count": 81
    },
    "Brochure": {
      "acc": 0.3037751449563561,
      "f1": 0.22444760425826488,
      "count": 101
    },
    "Financial report": {
      "acc": 0.3562626831857601,
      "f1": 0.4229601699113894,
      "count": 117
    },
    "Guidebook": {
      "acc": 0.41028689474135394,
      "f1": 0.3243757359962294,
      "count": 156
    },
    "Research report / Introduction": {
      "acc": 0.3390083869090139,
      "f1": 0.1723092337710278,
      "count": 293
    },
    "Tutorial/Workshop": {
      "acc": 0.2345006347862886,
      "f1": 0.09325980392156863,
      "count": 139
    }
  },
  "answer_format_breakdowns": {
    "Float": {
      "acc": 0.24375,
      "f1": 0.33766233766233766,
      "count": 160
    },
    "Int": {
      "acc": 0.11379310344827587,
      "f1": 0.17232375979112274,
      "count": 290
    },
    "List": {
      "acc": 0.13442602091582614,
      "f1": 0.1918507288798684,
      "count": 147
    },
    "None": {
      "acc": 0.889344262295082,
      "f1": 0.0,
      "count": 244
    },
    "Str": {
      "acc": 0.2456400870834017,
      "f1": 0.34116678761583574,
      "count": 250
    }
  },
  "sample_count": 1091,
  "completed_count": 1091,
  "failed_count": 0
}