{
  "overall_acc": 0.2911140667553722,
  "overall_f1": 0.1786644786190333,
  "breakdowns": {
    "single_page": {
      "acc": 0.18565971744153265,
      "f1": 0.25992163680483044,
      "count": 485
    },
    "cross_page": {
      "acc": 0.044879360083923424,
      "f1": 0.0736021505376344,
      "count": 369
    },
    "unanswerable": {
      "acc": 0.8934426229508197,
      "f1": 0.0,
      "count": 244
    }
  },
  "evidence_source_breakdowns": {
    "Chart": {
      "acc": 0.0946834749246369,
      "f1": 0.14849038358224995,
      "count": 178
    },
    "Figure": {
      "acc": 0.040468064358849344,
      "f1": 0.05484298982750995,
      "count": 293
    },
    "Generalized-text (Layout)": {
      "acc": 0.10084033613445378,
      "f1": 0.1506849315068493,
      "count": 119
    },
    "Pure-text (Plain-text)": {
      "acc": 0.16883249544744022,
      "f1": 0.2193016893333529,
      "count": 298
    },
    "Table": {
      "acc": 0.155993089479328,
      "f1": 0.22377283733215936,
      "count": 218
    }
  },
  "document_type_breakdowns": {
    "Academic paper": {
      "acc": 0.26809269162210336,
      "f1": 0.13164335664335663,
      "count": 204
    },
    "Administration/Industry file": {
      "acc": 0.2821869488536155,
      "f1": 0.16134453781512606,
      "count": 81
    },
    "Brochure": {
      "acc": 0.2924252294770033,
      "f1": 0.22585492211130326,
      "count": 101
    },
    "Financial report": {
      "acc": 0.2804034267448901,
      "f1": 0.3352324449885426,
      "count": 117
    },
    "Guidebook": {
      "acc": 0.3488690968529678,
      "f1": 0.25923212842847376,
      "count": 156
    },
    "Research report / Introduction": {
      "acc": 0.3162684869169511,
      "f1": 0.11519607843137254,
      "count": 293
    },
    "Tutorial/Workshop": {
      "acc": 0.22032374100719423,
      "f1": 0.061440677966101705,
      "count": 139
    }
  },
  "answer_format_breakdowns": {
    "Float": {
      "acc": 0.1625,
      "f1": 0.24528301886792456,
      "count": 160
    },
    "Int": {
      "acc": 0.07241379310344828,
      "f1": 0.1206896551724138,
      "count": 290
    },
    "List": {
      "acc": 0.06800144300144301,
      "f1": 0.10522328548644339,
      "count": 147
    },
    "None": {
      "acc": 0.8934426229508197,
      "f1": 0.0,
      "count": 244
    },
    "Str": {
      "acc": 0.1704369388355958,
      "f1": 0.2513819156867195,
      "count": 250
    }
  },
  "sample_count": 1091,
  "completed_count": 1091,
  "failed_count": 0
}