{
  "overall_acc": 0.3303540844249079,
  "overall_f1": 0.2463341180208705,
  "breakdowns": {
    "single_page": {
      "acc": 0.245005239882173,
      "f1": 0.3284215604782787,
      "count": 485
    },
    "cross_page": {
      "acc": 0.09915654407783359,
      "f1": 0.14873481611675038,
      "count": 369
    },
    "unanswerable": {
      "acc": 0.8688524590163934,
      "f1": 0.0,
      "count": 244
    }
  },
  "evidence_source_breakdowns": {
    "Chart": {
      "acc": 0.12921348314606743,
      "f1": 0.18852459016393447,
      "count": 178
    },
    "Figure": {
      "acc": 0.04770737498145125,
      "f1": 0.06496012348855158,
      "count": 293
    },
    "Generalized-text (Layout)": {
      "acc": 0.16505085350621543,
      "f1": 0.22595214020896526,
      "count": 119
    },
    "Pure-text (Plain-text)": {
      "acc": 0.23817651495767103,
      "f1": 0.29482304819071875,
      "count": 298
    },
    "Table": {
      "acc": 0.26608483259859406,
      "f1": 0.35298138394113626,
      "count": 218
    }
  },
  "document_type_breakdowns": {
    "Academic paper": {
      "acc": 0.3317116174533054,
      "f1": 0.23852732724546818,
      "count": 204
    },
    "Administration/Industry file": {
      "acc": 0.33703043506965075,
      "f1": 0.25100949470697365,
      "count": 81
    },
    "Brochure": {
      "acc": 0.3334781152533858,
      "f1": 0.2575664849226661,
      "count": 101
    },
    "Financial report": {
      "acc": 0.35757760757760754,
      "f1": 0.4248363425192693,
      "count": 117
    },
    "Guidebook": {
      "acc": 0.3910561255105847,
      "f1": 0.31116395088501353,
      "count": 156
    },
    "Research report / Introduction": {
      "acc": 0.332182448342461,
      "f1": 0.17730274319421604,
      "count": 293
    },
    "Tutorial/Workshop": {
      "acc": 0.22730639018197205,
      "f1": 0.07659313725490195,
      "count": 139
    }
  },
  "answer_format_breakdowns": {
    "Float": {
      "acc": 0.2625,
      "f1": 0.35897435897435903,
      "count": 160
    },
    "Int": {
      "acc": 0.1103448275862069,
      "f1": 0.16842105263157894,
      "count": 290
    },
    "List": {
      "acc": 0.11708005118890404,
      "f1": 0.1670948303375621,
      "count": 147
    },
    "None": {
      "acc": 0.8688524590163934,
      "f1": 0.0,
      "count": 244
    },
    "Str": {
      "acc": 0.22882215433122238,
      "f1": 0.3241107001858674,
      "count": 250
    }
  },
  "sample_count": 1091,
  "completed_count": 1091,
  "failed_count": 0
}