{
  "overall_acc": 0.34531230323968165,
  "overall_f1": 0.2674281214845661,
  "breakdowns": {
    "single_page": {
      "acc": 0.2610186855524468,
      "f1": 0.3426763968278988,
      "count": 485
    },
    "cross_page": {
      "acc": 0.12233512287684546,
      "f1": 0.17984725235679672,
      "count": 369
    },
    "unanswerable": {
      "acc": 0.8688524590163934,
      "f1": 0.0,
      "count": 244
    }
  },
  "evidence_source_breakdowns": {
    "Chart": {
      "acc": 0.14001728608470182,
      "f1": 0.2018062908751168,
      "count": 178
    },
    "Figure": {
      "acc": 0.05058602422037914,
      "f1": 0.06913277834252098,
      "count": 293
    },
    "Generalized-text (Layout)": {
      "acc": 0.20149799050054806,
      "f1": 0.28194185116030945,
      "count": 119
    },
    "Pure-text (Plain-text)": {
      "acc": 0.2663981204408195,
      "f1": 0.3210050549506174,
      "count": 298
    },
    "Table": {
      "acc": 0.27984630048850234,
      "f1": 0.36927072927072924,
      "count": 218
    }
  },
  "document_type_breakdowns": {
    "Academic paper": {
      "acc": 0.3365464280898888,
      "f1": 0.24920564143140606,
      "count": 204
    },
    "Administration/Industry file": {
      "acc": 0.3749665971888194,
      "f1": 0.3148518148518149,
      "count": 81
    },
    "Brochure": {
      "acc": 0.27407217465932643,
      "f1": 0.1890493741697693,
      "count": 101
    },
    "Financial report": {
      "acc": 0.39176564176564177,
      "f1": 0.4569009421950598,
      "count": 117
    },
    "Guidebook": {
      "acc": 0.42310740756186677,
      "f1": 0.3441371567704432,
      "count": 156
    },
    "Research report / Introduction": {
      "acc": 0.35354861293427847,
      "f1": 0.1979247062859103,
      "count": 293
    },
    "Tutorial/Workshop": {
      "acc": 0.2488891239949217,
      "f1": 0.12451783992285438,
      "count": 139
    }
  },
  "answer_format_breakdowns": {
    "Float": {
      "acc": 0.275,
      "f1": 0.37288135593220345,
      "count": 160
    },
    "Int": {
      "acc": 0.13448275862068965,
      "f1": 0.20418848167539266,
      "count": 290
    },
    "List": {
      "acc": 0.13297943419792158,
      "f1": 0.1861712078770902,
      "count": 147
    },
    "None": {
      "acc": 0.8688524590163934,
      "f1": 0.0,
      "count": 244
    },
    "Str": {
      "acc": 0.24875098402959278,
      "f1": 0.3343427204698827,
      "count": 250
    }
  },
  "sample_count": 1091,
  "completed_count": 1091,
  "failed_count": 0
}