{
  "overall_acc": 0.33082350516930054,
  "overall_f1": 0.25172272140589835,
  "breakdowns": {
    "single_page": {
      "acc": 0.24536591767558902,
      "f1": 0.32653781362291745,
      "count": 485
    },
    "cross_page": {
      "acc": 0.1136205259269544,
      "f1": 0.1677038962681847,
      "count": 369
    },
    "unanswerable": {
      "acc": 0.8483606557377049,
      "f1": 0.0,
      "count": 244
    }
  },
  "evidence_source_breakdowns": {
    "Chart": {
      "acc": 0.13962729514935598,
      "f1": 0.20043273013375293,
      "count": 178
    },
    "Figure": {
      "acc": 0.04721980794098319,
      "f1": 0.06355075499535529,
      "count": 293
    },
    "Generalized-text (Layout)": {
      "acc": 0.18469126781147244,
      "f1": 0.25583244962884416,
      "count": 119
    },
    "Pure-text (Plain-text)": {
      "acc": 0.23489502455224606,
      "f1": 0.2850620693057435,
      "count": 298
    },
    "Table": {
      "acc": 0.26900393184796856,
      "f1": 0.35472527472527476,
      "count": 218
    }
  },
  "document_type_breakdowns": {
    "Academic paper": {
      "acc": 0.33101133734126065,
      "f1": 0.2649269984673711,
      "count": 204
    },
    "Administration/Industry file": {
      "acc": 0.3476124456516614,
      "f1": 0.27224246341893404,
      "count": 81
    },
    "Brochure": {
      "acc": 0.3023262195760132,
      "f1": 0.2353904030813449,
      "count": 101
    },
    "Financial report": {
      "acc": 0.35732650366796703,
      "f1": 0.42447806011161154,
      "count": 117
    },
    "Guidebook": {
      "acc": 0.38464586910032833,
      "f1": 0.29352995195273063,
      "count": 156
    },
    "Research report / Introduction": {
      "acc": 0.3423311614437894,
      "f1": 0.18324181411429732,
      "count": 293
    },
    "Tutorial/Workshop": {
      "acc": 0.2345006347862886,
      "f1": 0.09325980392156863,
      "count": 139
    }
  },
  "answer_format_breakdowns": {
    "Float": {
      "acc": 0.275,
      "f1": 0.37288135593220345,
      "count": 160
    },
    "Int": {
      "acc": 0.10344827586206896,
      "f1": 0.15748031496062995,
      "count": 290
    },
    "List": {
      "acc": 0.1169002752616198,
      "f1": 0.16683825692677778,
      "count": 147
    },
    "None": {
      "acc": 0.8483606557377049,
      "f1": 0.0,
      "count": 244
    },
    "Str": {
      "acc": 0.250976414704995,
      "f1": 0.34569754091597105,
      "count": 250
    }
  },
  "sample_count": 1091,
  "completed_count": 1091,
  "failed_count": 0
}