{
  "overall_acc": 0.29671720252296024,
  "overall_f1": 0.20265931340201337,
  "breakdowns": {
    "single_page": {
      "acc": 0.20732786992436958,
      "f1": 0.2900899749250209,
      "count": 485
    },
    "cross_page": {
      "acc": 0.060066262978944164,
      "f1": 0.09615813899883036,
      "count": 369
    },
    "unanswerable": {
      "acc": 0.8524590163934426,
      "f1": 0.0,
      "count": 244
    }
  },
  "evidence_source_breakdowns": {
    "Chart": {
      "acc": 0.10112359550561797,
      "f1": 0.15929203539823006,
      "count": 178
    },
    "Figure": {
      "acc": 0.03705509507557289,
      "f1": 0.048351648351648346,
      "count": 293
    },
    "Generalized-text (Layout)": {
      "acc": 0.09800664451827243,
      "f1": 0.1421705426356589,
      "count": 119
    },
    "Pure-text (Plain-text)": {
      "acc": 0.18885491041060776,
      "f1": 0.2415625652076525,
      "count": 298
    },
    "Table": {
      "acc": 0.22480042892886928,
      "f1": 0.31274588603578835,
      "count": 218
    }
  },
  "document_type_breakdowns": {
    "Academic paper": {
      "acc": 0.27789661319073083,
      "f1": 0.1730639730639731,
      "count": 204
    },
    "Administration/Industry file": {
      "acc": 0.2451499118165785,
      "f1": 0.16717325227963525,
      "count": 81
    },
    "Brochure": {
      "acc": 0.2641711845603165,
      "f1": 0.1592897181759994,
      "count": 101
    },
    "Financial report": {
      "acc": 0.32338957338957336,
      "f1": 0.40816128316128314,
      "count": 117
    },
    "Guidebook": {
      "acc": 0.36131253576699496,
      "f1": 0.2784543494817282,
      "count": 156
    },
    "Research report / Introduction": {
      "acc": 0.326494166203667,
      "f1": 0.15027484143763212,
      "count": 293
    },
    "Tutorial/Workshop": {
      "acc": 0.22032374100719423,
      "f1": 0.06196581196581197,
      "count": 139
    }
  },
  "answer_format_breakdowns": {
    "Float": {
      "acc": 0.18125,
      "f1": 0.2685185185185185,
      "count": 160
    },
    "Int": {
      "acc": 0.08275862068965517,
      "f1": 0.13445378151260504,
      "count": 290
    },
    "List": {
      "acc": 0.08798307906672183,
      "f1": 0.13197461860008275,
      "count": 147
    },
    "None": {
      "acc": 0.8524590163934426,
      "f1": 0.0,
      "count": 244
    },
    "Str": {
      "acc": 0.19913982131896613,
      "f1": 0.29545967554742747,
      "count": 250
    }
  },
  "sample_count": 1091,
  "completed_count": 1091,
  "failed_count": 0
}