{
  "overall_acc": 0.3296591074151251,
  "overall_f1": 0.24402343791996925,
  "breakdowns": {
    "single_page": {
      "acc": 0.23357733546327983,
      "f1": 0.3130633511036545,
      "count": 485
    },
    "cross_page": {
      "acc": 0.10941213682983954,
      "f1": 0.1641182052447593,
      "count": 369
    },
    "unanswerable": {
      "acc": 0.8729508196721312,
      "f1": 0.0,
      "count": 244
    }
  },
  "evidence_source_breakdowns": {
    "Chart": {
      "acc": 0.11070720423000661,
      "f1": 0.16842634489693314,
      "count": 178
    },
    "Figure": {
      "acc": 0.051073591260847206,
      "f1": 0.07017338556849402,
      "count": 293
    },
    "Generalized-text (Layout)": {
      "acc": 0.18071962101321823,
      "f1": 0.24705584217557794,
      "count": 119
    },
    "Pure-text (Plain-text)": {
      "acc": 0.22738562141904753,
      "f1": 0.28000421743260906,
      "count": 298
    },
    "Table": {
      "acc": 0.256204804369942,
      "f1": 0.3396448752485904,
      "count": 218
    }
  },
  "document_type_breakdowns": {
    "Academic paper": {
      "acc": 0.3466177293376607,
      "f1": 0.2636052942908393,
      "count": 204
    },
    "Administration/Industry file": {
      "acc": 0.3697328678946326,
      "f1": 0.2960071742468365,
      "count": 81
    },
    "Brochure": {
      "acc": 0.2839731647583363,
      "f1": 0.1890493741697693,
      "count": 101
    },
    "Financial report": {
      "acc": 0.3477156746387515,
      "f1": 0.4132850789292507,
      "count": 117
    },
    "Guidebook": {
      "acc": 0.3910561255105847,
      "f1": 0.2995161024561627,
      "count": 156
    },
    "Research report / Introduction": {
      "acc": 0.3277656645641033,
      "f1": 0.1616515067879457,
      "count": 293
    },
    "Tutorial/Workshop": {
      "acc": 0.2345006347862886,
      "f1": 0.09325980392156863,
      "count": 139
    }
  },
  "answer_format_breakdowns": {
    "Float": {
      "acc": 0.21875,
      "f1": 0.30973451327433627,
      "count": 160
    },
    "Int": {
      "acc": 0.1206896551724138,
      "f1": 0.18469656992084435,
      "count": 290
    },
    "List": {
      "acc": 0.11603347871376014,
      "f1": 0.16640898898461212,
      "count": 147
    },
    "None": {
      "acc": 0.8729508196721312,
      "f1": 0.0,
      "count": 244
    },
    "Str": {
      "acc": 0.2384046592759151,
      "f1": 0.3302003591079156,
      "count": 250
    }
  },
  "sample_count": 1091,
  "completed_count": 1091,
  "failed_count": 0
}