{
  "overall_acc": 0.3417826828448,
  "overall_f1": 0.2671763029059227,
  "breakdowns": {
    "single_page": {
      "acc": 0.26001419176444784,
      "f1": 0.34226115806252067,
      "count": 485
    },
    "cross_page": {
      "acc": 0.12504514997711647,
      "f1": 0.18310182675220624,
      "count": 369
    },
    "unanswerable": {
      "acc": 0.8509687034277198,
      "f1": 0.0,
      "count": 244
    }
  },
  "evidence_source_breakdowns": {
    "Chart": {
      "acc": 0.12878133102852204,
      "f1": 0.18561195889131113,
      "count": 178
    },
    "Figure": {
      "acc": 0.059687275642449675,
      "f1": 0.08326650438642387,
      "count": 293
    },
    "Generalized-text (Layout)": {
      "acc": 0.20149799050054806,
      "f1": 0.27852437417654813,
      "count": 119
    },
    "Pure-text (Plain-text)": {
      "acc": 0.2552124381141976,
      "f1": 0.31035193958665563,
      "count": 298
    },
    "Table": {
      "acc": 0.2837277401497585,
      "f1": 0.37447782986244527,
      "count": 218
    }
  },
  "document_type_breakdowns": {
    "Academic paper": {
      "acc": 0.35125231044283,
      "f1": 0.2792985172642101,
      "count": 204
    },
    "Administration/Industry file": {
      "acc": 0.3338143338143338,
      "f1": 0.286456400742115,
      "count": 81
    },
    "Brochure": {
      "acc": 0.2938741548573462,
      "f1": 0.22247876562442048,
      "count": 101
    },
    "Financial report": {
      "acc": 0.39899772592080285,
      "f1": 0.4668556933262815,
      "count": 117
    },
    "Guidebook": {
      "acc": 0.4166971511516104,
      "f1": 0.3441371567704432,
      "count": 156
    },
    "Research report / Introduction": {
      "acc": 0.335242686778523,
      "f1": 0.16447989023239862,
      "count": 293
    },
    "Tutorial/Workshop": {
      "acc": 0.2488891239949217,
      "f1": 0.12451783992285438,
      "count": 139
    }
  },
  "answer_format_breakdowns": {
    "Float": {
      "acc": 0.275,
      "f1": 0.3697478991596639,
      "count": 160
    },
    "Int": {
      "acc": 0.12758620689655173,
      "f1": 0.19121447028423771,
      "count": 290
    },
    "List": {
      "acc": 0.11832741954590693,
      "f1": 0.16487327652368078,
      "count": 147
    },
    "None": {
      "acc": 0.8509687034277198,
      "f1": 0.0,
      "count": 244
    },
    "Str": {
      "acc": 0.26741765069625945,
      "f1": 0.36733193776958717,
      "count": 250
    }
  },
  "sample_count": 1091,
  "completed_count": 1091,
  "failed_count": 0
}