{
  "overall_acc": 0.28109516952061797,
  "overall_f1": 0.15522425288174918,
  "breakdowns": {
    "single_page": {
      "acc": 0.15974091974438442,
      "f1": 0.2269705187633702,
      "count": 485
    },
    "cross_page": {
      "acc": 0.038483696127283855,
      "f1": 0.06339501728110598,
      "count": 369
    },
    "unanswerable": {
      "acc": 0.9098360655737705,
      "f1": 0.0,
      "count": 244
    }
  },
  "evidence_source_breakdowns": {
    "Chart": {
      "acc": 0.07221156481227733,
      "f1": 0.11792347281270978,
      "count": 178
    },
    "Figure": {
      "acc": 0.030716723549488054,
      "f1": 0.03785488958990536,
      "count": 293
    },
    "Generalized-text (Layout)": {
      "acc": 0.09243697478991597,
      "f1": 0.136986301369863,
      "count": 119
    },
    "Pure-text (Plain-text)": {
      "acc": 0.16251098697828076,
      "f1": 0.2113687455077942,
      "count": 298
    },
    "Table": {
      "acc": 0.134849477739386,
      "f1": 0.19450127498072703,
      "count": 218
    }
  },
  "document_type_breakdowns": {
    "Academic paper": {
      "acc": 0.27299465240641707,
      "f1": 0.11575157515751576,
      "count": 204
    },
    "Administration/Industry file": {
      "acc": 0.2908950617283951,
      "f1": 0.19241573033707868,
      "count": 81
    },
    "Brochure": {
      "acc": 0.2656475517092265,
      "f1": 0.1650542564977921,
      "count": 101
    },
    "Financial report": {
      "acc": 0.22138836772983114,
      "f1": 0.27451640033641717,
      "count": 117
    },
    "Guidebook": {
      "acc": 0.3337408917247627,
      "f1": 0.21633028873129317,
      "count": 156
    },
    "Research report / Introduction": {
      "acc": 0.31399317406143346,
      "f1": 0.1064638783269962,
      "count": 293
    },
    "Tutorial/Workshop": {
      "acc": 0.22032374100719423,
      "f1": 0.061440677966101705,
      "count": 139
    }
  },
  "answer_format_breakdowns": {
    "Float": {
      "acc": 0.15,
      "f1": 0.22748815165876776,
      "count": 160
    },
    "Int": {
      "acc": 0.03793103448275862,
      "f1": 0.06489675516224189,
      "count": 290
    },
    "List": {
      "acc": 0.049421768707482994,
      "f1": 0.07647368421052632,
      "count": 147
    },
    "None": {
      "acc": 0.9098360655737705,
      "f1": 0.0,
      "count": 244
    },
    "Str": {
      "acc": 0.16963931978797678,
      "f1": 0.2578105163951015,
      "count": 250
    }
  },
  "sample_count": 1091,
  "completed_count": 1091,
  "failed_count": 0
}