{
  "overall_acc": 0.2948407636669508,
  "overall_f1": 0.19098642031747504,
  "breakdowns": {
    "single_page": {
      "acc": 0.19610472018489805,
      "f1": 0.27194688052369,
      "count": 485
    },
    "cross_page": {
      "acc": 0.05571946848500744,
      "f1": 0.08958816501511001,
      "count": 369
    },
    "unanswerable": {
      "acc": 0.8729508196721312,
      "f1": 0.0,
      "count": 244
    }
  },
  "evidence_source_breakdowns": {
    "Chart": {
      "acc": 0.08344751986845711,
      "f1": 0.13262195121951217,
      "count": 178
    },
    "Figure": {
      "acc": 0.03754266211604096,
      "f1": 0.04892966360856269,
      "count": 293
    },
    "Generalized-text (Layout)": {
      "acc": 0.10084033613445378,
      "f1": 0.1476510067114094,
      "count": 119
    },
    "Pure-text (Plain-text)": {
      "acc": 0.18990669694011783,
      "f1": 0.24250462439195655,
      "count": 298
    },
    "Table": {
      "acc": 0.18712021923031097,
      "f1": 0.26440005177546705,
      "count": 218
    }
  },
  "document_type_breakdowns": {
    "Academic paper": {
      "acc": 0.28279857397504454,
      "f1": 0.15672215108834828,
      "count": 204
    },
    "Administration/Industry file": {
      "acc": 0.2716049382716049,
      "f1": 0.16326530612244897,
      "count": 81
    },
    "Brochure": {
      "acc": 0.28252423937799337,
      "f1": 0.21165042526930886,
      "count": 101
    },
    "Financial report": {
      "acc": 0.2889504352918987,
      "f1": 0.36697071247327573,
      "count": 117
    },
    "Guidebook": {
      "acc": 0.3416194021032731,
      "f1": 0.25477287689269257,
      "count": 156
    },
    "Research report / Introduction": {
      "acc": 0.32337883959044367,
      "f1": 0.12593984962406013,
      "count": 293
    },
    "Tutorial/Workshop": {
      "acc": 0.22730639018197205,
      "f1": 0.07659313725490195,
      "count": 139
    }
  },
  "answer_format_breakdowns": {
    "Float": {
      "acc": 0.19375,
      "f1": 0.28837209302325584,
      "count": 160
    },
    "Int": {
      "acc": 0.07931034482758621,
      "f1": 0.12742382271468145,
      "count": 290
    },
    "List": {
      "acc": 0.08367437884244608,
      "f1": 0.1255115682636691,
      "count": 147
    },
    "None": {
      "acc": 0.8729508196721312,
      "f1": 0.0,
      "count": 244
    },
    "Str": {
      "acc": 0.16948455788321487,
      "f1": 0.25296202669136547,
      "count": 250
    }
  },
  "sample_count": 1091,
  "completed_count": 1091,
  "failed_count": 0
}