{
  "overall_acc": 0.31230773898085945,
  "overall_f1": 0.2204242178563659,
  "breakdowns": {
    "single_page": {
      "acc": 0.2160861219815907,
      "f1": 0.2986313562170122,
      "count": 485
    },
    "cross_page": {
      "acc": 0.08381022782397336,
      "f1": 0.12859032876110674,
      "count": 369
    },
    "unanswerable": {
      "acc": 0.8688524590163934,
      "f1": 0.0,
      "count": 244
    }
  },
  "evidence_source_breakdowns": {
    "Chart": {
      "acc": 0.1063094209161625,
      "f1": 0.16036505867014342,
      "count": 178
    },
    "Figure": {
      "acc": 0.040955631399317405,
      "f1": 0.05504587155963303,
      "count": 293
    },
    "Generalized-text (Layout)": {
      "acc": 0.12605042016806722,
      "f1": 0.1830065359477124,
      "count": 119
    },
    "Pure-text (Plain-text)": {
      "acc": 0.20927839481494032,
      "f1": 0.2605409960228339,
      "count": 298
    },
    "Table": {
      "acc": 0.22938758489217204,
      "f1": 0.3171941327281133,
      "count": 218
    }
  },
  "document_type_breakdowns": {
    "Academic paper": {
      "acc": 0.3122103386809269,
      "f1": 0.21947474747474746,
      "count": 204
    },
    "Administration/Industry file": {
      "acc": 0.2999933980326137,
      "f1": 0.1978609625668449,
      "count": 81
    },
    "Brochure": {
      "acc": 0.2839731647583363,
      "f1": 0.2085944578677137,
      "count": 101
    },
    "Financial report": {
      "acc": 0.30629555629555627,
      "f1": 0.37450104008545565,
      "count": 117
    },
    "Guidebook": {
      "acc": 0.3910561255105847,
      "f1": 0.32773735118249964,
      "count": 156
    },
    "Research report / Introduction": {
      "acc": 0.3296578279513433,
      "f1": 0.14940999024044008,
      "count": 293
    },
    "Tutorial/Workshop": {
      "acc": 0.22032374100719423,
      "f1": 0.06196581196581197,
      "count": 139
    }
  },
  "answer_format_breakdowns": {
    "Float": {
      "acc": 0.20625,
      "f1": 0.29729729729729726,
      "count": 160
    },
    "Int": {
      "acc": 0.09655172413793103,
      "f1": 0.15135135135135136,
      "count": 290
    },
    "List": {
      "acc": 0.1059686298761929,
      "f1": 0.1581460770741153,
      "count": 147
    },
    "None": {
      "acc": 0.8688524590163934,
      "f1": 0.0,
      "count": 244
    },
    "Str": {
      "acc": 0.2086014185452692,
      "f1": 0.3005784128894369,
      "count": 250
    }
  },
  "sample_count": 1091,
  "completed_count": 1091,
  "failed_count": 0
}