{
  "overall_acc": 0.34171644904804377,
  "overall_f1": 0.2685225035002684,
  "breakdowns": {
    "single_page": {
      "acc": 0.2632391455048655,
      "f1": 0.34725463473340934,
      "count": 485
    },
    "cross_page": {
      "acc": 0.12233512287684546,
      "f1": 0.17948970314733986,
      "count": 369
    },
    "unanswerable": {
      "acc": 0.8483606557377049,
      "f1": 0.0,
      "count": 244
    }
  },
  "evidence_source_breakdowns": {
    "Chart": {
      "acc": 0.14606741573033707,
      "f1": 0.20883534136546186,
      "count": 178
    },
    "Figure": {
      "acc": 0.05399899350365559,
      "f1": 0.07432872519751355,
      "count": 293
    },
    "Generalized-text (Layout)": {
      "acc": 0.20990135184508588,
      "f1": 0.2906455862977602,
      "count": 119
    },
    "Pure-text (Plain-text)": {
      "acc": 0.26304241574283294,
      "f1": 0.31869035665787593,
      "count": 298
    },
    "Table": {
      "acc": 0.28443345645180507,
      "f1": 0.3731284006513364,
      "count": 218
    }
  },
  "document_type_breakdowns": {
    "Academic paper": {
      "acc": 0.3365464280898888,
      "f1": 0.2792985172642101,
      "count": 204
    },
    "Administration/Industry file": {
      "acc": 0.35027523916412806,
      "f1": 0.2790736771319296,
      "count": 81
    },
    "Brochure": {
      "acc": 0.2839731647583363,
      "f1": 0.2031528633146429,
      "count": 101
    },
    "Financial report": {
      "acc": 0.3661246161246161,
      "f1": 0.43176602513951906,
      "count": 117
    },
    "Guidebook": {
      "acc": 0.42310740756186677,
      "f1": 0.3529920382850397,
      "count": 156
    },
    "Research report / Introduction": {
      "acc": 0.35381114903299204,
      "f1": 0.1971207087486157,
      "count": 293
    },
    "Tutorial/Workshop": {
      "acc": 0.2488891239949217,
      "f1": 0.12451783992285438,
      "count": 139
    }
  },
  "answer_format_breakdowns": {
    "Float": {
      "acc": 0.28125,
      "f1": 0.37815126050420167,
      "count": 160
    },
    "Int": {
      "acc": 0.13448275862068965,
      "f1": 0.20259740259740258,
      "count": 290
    },
    "List": {
      "acc": 0.13297943419792158,
      "f1": 0.18796131564513915,
      "count": 147
    },
    "None": {
      "acc": 0.8483606557377049,
      "f1": 0.0,
      "count": 244
    },
    "Str": {
      "acc": 0.24905867633728507,
      "f1": 0.3393169977347208,
      "count": 250
    }
  },
  "sample_count": 1091,
  "completed_count": 1091,
  "failed_count": 0
}