{
  "overall_acc": 0.32895717562556076,
  "overall_f1": 0.2413437197807887,
  "breakdowns": {
    "single_page": {
      "acc": 0.24897034694006356,
      "f1": 0.33309112230140797,
      "count": 485
    },
    "cross_page": {
      "acc": 0.08710477057332243,
      "f1": 0.12986529430931706,
      "count": 369
    },
    "unanswerable": {
      "acc": 0.8729508196721312,
      "f1": 0.0,
      "count": 244
    }
  },
  "evidence_source_breakdowns": {
    "Chart": {
      "acc": 0.1456352636127917,
      "f1": 0.212484237074401,
      "count": 178
    },
    "Figure": {
      "acc": 0.044294405698174805,
      "f1": 0.05852352416167283,
      "count": 293
    },
    "Generalized-text (Layout)": {
      "acc": 0.15948118377785897,
      "f1": 0.21791831357048752,
      "count": 119
    },
    "Pure-text (Plain-text)": {
      "acc": 0.22660905045040722,
      "f1": 0.27639039741653587,
      "count": 298
    },
    "Table": {
      "acc": 0.24773620874538305,
      "f1": 0.3292328789223199,
      "count": 218
    }
  },
  "document_type_breakdowns": {
    "Academic paper": {
      "acc": 0.3415155390219329,
      "f1": 0.24714801690064062,
      "count": 204
    },
    "Administration/Industry file": {
      "acc": 0.30265619154508044,
      "f1": 0.21030303030303032,
      "count": 81
    },
    "Brochure": {
      "acc": 0.32357712515437587,
      "f1": 0.24002262527354326,
      "count": 101
    },
    "Financial report": {
      "acc": 0.35757760757760754,
      "f1": 0.4248363425192693,
      "count": 117
    },
    "Guidebook": {
      "acc": 0.38464586910032833,
      "f1": 0.2951339407612155,
      "count": 156
    },
    "Research report / Introduction": {
      "acc": 0.33648376651789624,
      "f1": 0.1796604296604297,
      "count": 293
    },
    "Tutorial/Workshop": {
      "acc": 0.22730639018197205,
      "f1": 0.07659313725490195,
      "count": 139
    }
  },
  "answer_format_breakdowns": {
    "Float": {
      "acc": 0.275,
      "f1": 0.3760683760683761,
      "count": 160
    },
    "Int": {
      "acc": 0.1,
      "f1": 0.15303430079155672,
      "count": 290
    },
    "List": {
      "acc": 0.1057685498441801,
      "f1": 0.1502219983294152,
      "count": 147
    },
    "None": {
      "acc": 0.8729508196721312,
      "f1": 0.0,
      "count": 244
    },
    "Str": {
      "acc": 0.2293772071215693,
      "f1": 0.32035922782342086,
      "count": 250
    }
  },
  "sample_count": 1091,
  "completed_count": 1091,
  "failed_count": 0
}