{
  "overall_acc": 0.27781142764835737,
  "overall_f1": 0.14606552115556004,
  "breakdowns": {
    "single_page": {
      "acc": 0.14265282969704657,
      "f1": 0.20833039331010916,
      "count": 485
    },
    "cross_page": {
      "acc": 0.03849768336393041,
      "f1": 0.06591946710575557,
      "count": 369
    },
    "unanswerable": {
      "acc": 0.9290983606557377,
      "f1": 0.0,
      "count": 244
    }
  },
  "evidence_source_breakdowns": {
    "Chart": {
      "acc": 0.07865168539325842,
      "f1": 0.13270142180094788,
      "count": 178
    },
    "Figure": {
      "acc": 0.020477815699658702,
      "f1": 0.019230769230769232,
      "count": 293
    },
    "Generalized-text (Layout)": {
      "acc": 0.07545875493054365,
      "f1": 0.11481427103215387,
      "count": 119
    },
    "Pure-text (Plain-text)": {
      "acc": 0.15275318952937184,
      "f1": 0.20489601319017445,
      "count": 298
    },
    "Table": {
      "acc": 0.13217363676079272,
      "f1": 0.20154965807139721,
      "count": 218
    }
  },
  "document_type_breakdowns": {
    "Academic paper": {
      "acc": 0.28770053475935825,
      "f1": 0.1321969696969697,
      "count": 204
    },
    "Administration/Industry file": {
      "acc": 0.2836986646510456,
      "f1": 0.18999028182701655,
      "count": 81
    },
    "Brochure": {
      "acc": 0.2670964770895694,
      "f1": 0.17098560354374306,
      "count": 101
    },
    "Financial report": {
      "acc": 0.2385022385022385,
      "f1": 0.2883415435139573,
      "count": 117
    },
    "Guidebook": {
      "acc": 0.2898414137558058,
      "f1": 0.14471303930200913,
      "count": 156
    },
    "Research report / Introduction": {
      "acc": 0.30955631399317407,
      "f1": 0.08906882591093118,
      "count": 293
    },
    "Tutorial/Workshop": {
      "acc": 0.22032374100719423,
      "f1": 0.061440677966101705,
      "count": 139
    }
  },
  "answer_format_breakdowns": {
    "Float": {
      "acc": 0.1375,
      "f1": 0.22448979591836737,
      "count": 160
    },
    "Int": {
      "acc": 0.05862068965517241,
      "f1": 0.10179640718562874,
      "count": 290
    },
    "List": {
      "acc": 0.031462585034013606,
      "f1": 0.050824175824175824,
      "count": 147
    },
    "None": {
      "acc": 0.9290983606557377,
      "f1": 0.0,
      "count": 244
    },
    "Str": {
      "acc": 0.13106907025743164,
      "f1": 0.2073877693946703,
      "count": 250
    }
  },
  "sample_count": 1091,
  "completed_count": 1091,
  "failed_count": 0
}