{
  "overall_acc": 0.5810666933589386,
  "avg_acc": 0.5810666933589386,
  "rectified_avg_acc": 0.5810666933589386,
  "fine_grained_metrics": {
    "Main_Task": {
      "Understanding": 0.6461030788539215,
      "Reasoning": 0.5782941915674232,
      "Locating": 0.4662936444712422
    },
    "Element_Type": {
      "Text": 0.648966258652519,
      "Layout": 0.5057826275258278,
      "Figure": 0.5817647963909531,
      "Table": 0.5340229577648045
    },
    "Evidence_Pages": {
      "Single_Page": 0.6057978658883427,
      "Multi_Page": 0.5595093471667143
    },
    "Num_of_Element_Types": {
      "Cross_Element": 0.5441617440067217
    },
    "Fine_Grained": {
      "Understanding": {
        "Single_Page": {
          "Text": 0.634414153448865,
          "Layout": 0.6666000020006416,
          "Figure": 0.6298657520127123,
          "Table": 0.6718789505464842
        },
        "Multi_Page": {
          "Text": 0.6591830901713768,
          "Layout": 0.6230240809420953,
          "Figure": 0.640397396698194,
          "Table": 0.5534810606437164
        }
      },
      "Reasoning": {
        "Single_Page": {
          "Text": 0.5193222834080935,
          "Layout": 0.647740944693645,
          "Figure": 0.6785714285714286,
          "Table": 0.5612244897959183
        },
        "Multi_Page": {
          "Text": 0.6298105936778706,
          "Layout": 0.5,
          "Figure": 0.5734640522875817,
          "Table": 0.5701545176700457
        }
      },
      "Locating": {
        "Cross_Element": {
          "Cross_Title": 0.41805801498740264,
          "Cross_Table": 0.14953488561571351,
          "Para_Title": 0.697372093446348,
          "Figure_Table": 0.5439958853043974
        }
      }
    }
  },
  "sample_count": 2325,
  "completed_count": 2325,
  "failed_count": 0
}