{
  "overall_acc": 0.5672320166317465,
  "avg_acc": 0.5672320166317465,
  "rectified_avg_acc": 0.5672320166317465,
  "fine_grained_metrics": {
    "Main_Task": {
      "Understanding": 0.6299180555779504,
      "Reasoning": 0.5788742685594603,
      "Locating": 0.4486359045365554
    },
    "Element_Type": {
      "Text": 0.6413626088886449,
      "Layout": 0.4821543791430702,
      "Figure": 0.5630863528543247,
      "Table": 0.5176762604894127
    },
    "Evidence_Pages": {
      "Single_Page": 0.6018062844885228,
      "Multi_Page": 0.5369054244669438
    },
    "Num_of_Element_Types": {
      "Cross_Element": 0.5265703298440508
    },
    "Fine_Grained": {
      "Understanding": {
        "Single_Page": {
          "Text": 0.636247825841538,
          "Layout": 0.6084783001600764,
          "Figure": 0.6136168559663675,
          "Table": 0.6512829632943631
        },
        "Multi_Page": {
          "Text": 0.6431382210996852,
          "Layout": 0.5964043752347664,
          "Figure": 0.6017646488392876,
          "Table": 0.541793069910611
        }
      },
      "Reasoning": {
        "Single_Page": {
          "Text": 0.5443222834080934,
          "Layout": 0.647740944693645,
          "Figure": 0.8214285714285714,
          "Table": 0.5918367346938775
        },
        "Multi_Page": {
          "Text": 0.6124192893300445,
          "Layout": 0.475,
          "Figure": 0.5734640522875817,
          "Table": 0.4574659639877031
        }
      },
      "Locating": {
        "Cross_Element": {
          "Cross_Title": 0.3807446220194173,
          "Cross_Table": 0.1486326853124003,
          "Para_Title": 0.6979190130358826,
          "Figure_Table": 0.5235050281027042
        }
      }
    }
  },
  "sample_count": 2325,
  "completed_count": 2325,
  "failed_count": 0
}