{
  "overall_acc": 0.5679207061259839,
  "avg_acc": 0.5679207061259839,
  "rectified_avg_acc": 0.5679207061259839,
  "fine_grained_metrics": {
    "Main_Task": {
      "Understanding": 0.6227116489691129,
      "Reasoning": 0.5937551817702191,
      "Locating": 0.45554216795572566
    },
    "Element_Type": {
      "Text": 0.6360912179174824,
      "Layout": 0.48930950155986397,
      "Figure": 0.5621474927751288,
      "Table": 0.5271389813006155
    },
    "Evidence_Pages": {
      "Single_Page": 0.5969074923787666,
      "Multi_Page": 0.5426568207070415
    },
    "Num_of_Element_Types": {
      "Cross_Element": 0.5308565240389718
    },
    "Fine_Grained": {
      "Understanding": {
        "Single_Page": {
          "Text": 0.6274012011997114,
          "Layout": 0.6145700398983878,
          "Figure": 0.5859026780556984,
          "Table": 0.6552479854998324
        },
        "Multi_Page": {
          "Text": 0.6389500786688238,
          "Layout": 0.5942611633276208,
          "Figure": 0.5991064745199149,
          "Table": 0.5280478126545624
        }
      },
      "Reasoning": {
        "Single_Page": {
          "Text": 0.5193222834080935,
          "Layout": 0.7310742780269783,
          "Figure": 0.7142857142857143,
          "Table": 0.6224489795918368
        },
        "Multi_Page": {
          "Text": 0.6403369094673442,
          "Layout": 0.5,
          "Figure": 0.5969934640522875,
          "Table": 0.5523701248105176
        }
      },
      "Locating": {
        "Cross_Element": {
          "Cross_Title": 0.4156095873266299,
          "Cross_Table": 0.14612421332665296,
          "Para_Title": 0.6738046622182151,
          "Figure_Table": 0.5296164072446882
        }
      }
    }
  },
  "sample_count": 2325,
  "completed_count": 2325,
  "failed_count": 0
}