{
  "overall_acc": 0.5708452670268386,
  "avg_acc": 0.5708452670268386,
  "rectified_avg_acc": 0.5708452670268386,
  "fine_grained_metrics": {
    "Main_Task": {
      "Understanding": 0.6359090609965206,
      "Reasoning": 0.5647513321683629,
      "Locating": 0.45787268700657263
    },
    "Element_Type": {
      "Text": 0.6406750992904278,
      "Layout": 0.49839631675369367,
      "Figure": 0.5569441367541184,
      "Table": 0.5180663384673468
    },
    "Evidence_Pages": {
      "Single_Page": 0.5946863213386019,
      "Multi_Page": 0.5501587264317469
    },
    "Num_of_Element_Types": {
      "Cross_Element": 0.525734082121306
    },
    "Fine_Grained": {
      "Understanding": {
        "Single_Page": {
          "Text": 0.6220335427443694,
          "Layout": 0.6407322519840897,
          "Figure": 0.6284705036603173,
          "Table": 0.6565337207513913
        },
        "Multi_Page": {
          "Text": 0.6559633404217806,
          "Layout": 0.6076141464441215,
          "Figure": 0.6080962693954506,
          "Table": 0.5356084393497323
        }
      },
      "Reasoning": {
        "Single_Page": {
          "Text": 0.41932228340809347,
          "Layout": 0.7310742780269783,
          "Figure": 0.6785714285714286,
          "Table": 0.5918367346938775
        },
        "Multi_Page": {
          "Text": 0.6142499529456051,
          "Layout": 0.425,
          "Figure": 0.5499346405228758,
          "Table": 0.5346238958841645
        }
      },
      "Locating": {
        "Cross_Element": {
          "Cross_Title": 0.42252302382627344,
          "Cross_Table": 0.13502760408575748,
          "Para_Title": 0.7132917181896097,
          "Figure_Table": 0.5132465202324898
        }
      }
    }
  },
  "sample_count": 2325,
  "completed_count": 2325,
  "failed_count": 0
}