{
  "overall_acc": 0.5731800074997758,
  "avg_acc": 0.5731800074997758,
  "rectified_avg_acc": 0.5731800074997758,
  "fine_grained_metrics": {
    "Main_Task": {
      "Understanding": 0.6356602586646317,
      "Reasoning": 0.5768342848793299,
      "Locating": 0.45939992470293556
    },
    "Element_Type": {
      "Text": 0.639441209741546,
      "Layout": 0.49439044874701266,
      "Figure": 0.5740891869245526,
      "Table": 0.5284660410182038
    },
    "Evidence_Pages": {
      "Single_Page": 0.6040253919509497,
      "Multi_Page": 0.5461766393545339
    },
    "Num_of_Element_Types": {
      "Cross_Element": 0.5346620815277822
    },
    "Fine_Grained": {
      "Understanding": {
        "Single_Page": {
          "Text": 0.6359851048470051,
          "Layout": 0.630684754472474,
          "Figure": 0.6155590755637027,
          "Table": 0.6663996269760257
        },
        "Multi_Page": {
          "Text": 0.6455867365385294,
          "Layout": 0.6008171614791863,
          "Figure": 0.6370319312096109,
          "Table": 0.5257106658596875
        }
      },
      "Reasoning": {
        "Single_Page": {
          "Text": 0.5443222834080934,
          "Layout": 0.647740944693645,
          "Figure": 0.6785714285714286,
          "Table": 0.5816326530612245
        },
        "Multi_Page": {
          "Text": 0.605554300771692,
          "Layout": 0.525,
          "Figure": 0.5734640522875817,
          "Table": 0.558915239350022
        }
      },
      "Locating": {
        "Cross_Element": {
          "Cross_Title": 0.4179696533124771,
          "Cross_Table": 0.14392574106579809,
          "Para_Title": 0.6823201468327418,
          "Figure_Table": 0.5353183716985112
        }
      }
    }
  },
  "sample_count": 2325,
  "completed_count": 2325,
  "failed_count": 0
}