{
  "overall_acc": 0.5755796673192443,
  "avg_acc": 0.5755796673192443,
  "rectified_avg_acc": 0.5755796673192443,
  "fine_grained_metrics": {
    "Main_Task": {
      "Understanding": 0.6400527460296527,
      "Reasoning": 0.5750872494810244,
      "Locating": 0.46054445705500363
    },
    "Element_Type": {
      "Text": 0.6464876211028675,
      "Layout": 0.49435238538669446,
      "Figure": 0.5698267891316326,
      "Table": 0.53401479876198
    },
    "Evidence_Pages": {
      "Single_Page": 0.6038860989174999,
      "Multi_Page": 0.5508363599771559
    },
    "Num_of_Element_Types": {
      "Cross_Element": 0.540062330242122
    },
    "Fine_Grained": {
      "Understanding": {
        "Single_Page": {
          "Text": 0.6354971850150256,
          "Layout": 0.665325572975822,
          "Figure": 0.5900162940155649,
          "Table": 0.6736659451452497
        },
        "Multi_Page": {
          "Text": 0.6579615611112067,
          "Layout": 0.6060519000424583,
          "Figure": 0.62956988730725,
          "Table": 0.5523007166987683
        }
      },
      "Reasoning": {
        "Single_Page": {
          "Text": 0.44432228340809343,
          "Layout": 0.5644076113603117,
          "Figure": 0.6785714285714286,
          "Table": 0.5714285714285714
        },
        "Multi_Page": {
          "Text": 0.6577282138151703,
          "Layout": 0.5,
          "Figure": 0.5852287581699346,
          "Table": 0.5491166495073528
        }
      },
      "Locating": {
        "Cross_Element": {
          "Cross_Title": 0.4155636292061659,
          "Cross_Table": 0.13402743255034058,
          "Para_Title": 0.6797541383943527,
          "Figure_Table": 0.547776340785363
        }
      }
    }
  },
  "sample_count": 2325,
  "completed_count": 2325,
  "failed_count": 0
}