{
  "overall_acc": 0.5524696543985623,
  "avg_acc": 0.5524696543985623,
  "rectified_avg_acc": 0.5524696543985623,
  "fine_grained_metrics": {
    "Main_Task": {
      "Understanding": 0.6179845073953883,
      "Reasoning": 0.5474784610748938,
      "Locating": 0.4380763156089294
    },
    "Element_Type": {
      "Text": 0.6258802646529047,
      "Layout": 0.46781524368509136,
      "Figure": 0.5491412796426393,
      "Table": 0.514300879736129
    },
    "Evidence_Pages": {
      "Single_Page": 0.5896030036575441,
      "Multi_Page": 0.5203706207146033
    },
    "Num_of_Element_Types": {
      "Cross_Element": 0.5253361127035873
    },
    "Fine_Grained": {
      "Understanding": {
        "Single_Page": {
          "Text": 0.6146887783818945,
          "Layout": 0.580339545914017,
          "Figure": 0.6278869892058716,
          "Table": 0.6619071902145135
        },
        "Multi_Page": {
          "Text": 0.633378697570818,
          "Layout": 0.592454415917354,
          "Figure": 0.579693088491358,
          "Table": 0.5261005271562931
        }
      },
      "Reasoning": {
        "Single_Page": {
          "Text": 0.46932228340809345,
          "Layout": 0.7310742780269783,
          "Figure": 0.7142857142857143,
          "Table": 0.5918367346938775
        },
        "Multi_Page": {
          "Text": 0.6150404667795972,
          "Layout": 0.45,
          "Figure": 0.502875816993464,
          "Table": 0.42325286525847533
        }
      },
      "Locating": {
        "Cross_Element": {
          "Cross_Title": 0.3606716356924213,
          "Cross_Table": 0.13980829428570044,
          "Para_Title": 0.6776005943374258,
          "Figure_Table": 0.5260645630727439
        }
      }
    }
  },
  "sample_count": 2325,
  "completed_count": 2325,
  "failed_count": 0
}