{
  "overall_acc": 0.5772861659466705,
  "avg_acc": 0.5772861659466705,
  "rectified_avg_acc": 0.5772861659466705,
  "fine_grained_metrics": {
    "Main_Task": {
      "Understanding": 0.6391533150030968,
      "Reasoning": 0.5983430634345128,
      "Locating": 0.45491222982446333
    },
    "Element_Type": {
      "Text": 0.6413514511873017,
      "Layout": 0.5033382158911744,
      "Figure": 0.5835633574544848,
      "Table": 0.5284927158279945
    },
    "Evidence_Pages": {
      "Single_Page": 0.6032407744069355,
      "Multi_Page": 0.5546355055046459
    },
    "Num_of_Element_Types": {
      "Cross_Element": 0.538940827735334
    },
    "Fine_Grained": {
      "Understanding": {
        "Single_Page": {
          "Text": 0.6311053209870406,
          "Layout": 0.7046145100786994,
          "Figure": 0.6178416100809364,
          "Table": 0.6637273359293752
        },
        "Multi_Page": {
          "Text": 0.6466230789389582,
          "Layout": 0.6035727102273333,
          "Figure": 0.6488312448304292,
          "Table": 0.5567334576357479
        }
      },
      "Reasoning": {
        "Single_Page": {
          "Text": 0.5693222834080934,
          "Layout": 0.647740944693645,
          "Figure": 0.6785714285714286,
          "Table": 0.5816326530612245
        },
        "Multi_Page": {
          "Text": 0.6229456051195181,
          "Layout": 0.5,
          "Figure": 0.6440522875816993,
          "Table": 0.5781021567537296
        }
      },
      "Locating": {
        "Cross_Element": {
          "Cross_Title": 0.4196760203599661,
          "Cross_Table": 0.14965768035537344,
          "Para_Title": 0.6801562368577226,
          "Figure_Table": 0.5184885171487603
        }
      }
    }
  },
  "sample_count": 2325,
  "completed_count": 2325,
  "failed_count": 0
}