{
  "overall_acc": 0.4623850860059914,
  "avg_acc": 0.4623850860059914,
  "rectified_avg_acc": 0.46218621070018234,
  "fine_grained_metrics": {
    "Main_Task": {
      "Understanding": 0.535882637178882,
      "Reasoning": 0.41026186883745025,
      "Locating": 0.3592942138481739
    },
    "Element_Type": {
      "Text": 0.5324899430975801,
      "Layout": 0.363652966062877,
      "Figure": 0.4814830897846983,
      "Table": 0.4328044703587694
    },
    "Evidence_Pages": {
      "Single_Page": 0.5380326689558392,
      "Multi_Page": 0.3955392135847087
    },
    "Num_of_Element_Types": {
      "Cross_Element": 0.4401188203413451
    },
    "Fine_Grained": {
      "Understanding": {
        "Single_Page": {
          "Text": 0.5903177746809627,
          "Layout": 0.5030221156944107,
          "Figure": 0.5596930907496255,
          "Table": 0.5631340615074006
        },
        "Multi_Page": {
          "Text": 0.5279789219168062,
          "Layout": 0.4986299193239244,
          "Figure": 0.4912610893595627,
          "Table": 0.42448989822807254
        }
      },
      "Reasoning": {
        "Single_Page": {
          "Text": 0.39988839285714284,
          "Layout": 0.4996279761904762,
          "Figure": 0.6428571428571429,
          "Table": 0.5290423861852434
        },
        "Multi_Page": {
          "Text": 0.4341709015622059,
          "Layout": 0.25,
          "Figure": 0.32941176470588235,
          "Table": 0.2315546772068511
        }
      },
      "Locating": {
        "Cross_Element": {
          "Cross_Title": 0.24634004055307998,
          "Cross_Table": 0.07661563533396078,
          "Para_Title": 0.5589988904638019,
          "Figure_Table": 0.49332775942723683
        }
      }
    }
  },
  "sample_count": 2325,
  "completed_count": 2324,
  "failed_count": 1
}