{
  "overall_acc": 0.5817269462581579,
  "avg_acc": 0.5817269462581579,
  "rectified_avg_acc": 0.5817269462581579,
  "fine_grained_metrics": {
    "Main_Task": {
      "Understanding": 0.6463034124156397,
      "Reasoning": 0.592338160848322,
      "Locating": 0.46032394268960497
    },
    "Element_Type": {
      "Text": 0.6489919326729119,
      "Layout": 0.5021077534670214,
      "Figure": 0.5778798323696369,
      "Table": 0.5408467811923838
    },
    "Evidence_Pages": {
      "Single_Page": 0.6135321274514561,
      "Multi_Page": 0.5538845830221637
    },
    "Num_of_Element_Types": {
      "Cross_Element": 0.5442235051984661
    },
    "Fine_Grained": {
      "Understanding": {
        "Single_Page": {
          "Text": 0.6443629601383765,
          "Layout": 0.6542667635156375,
          "Figure": 0.6053090345292687,
          "Table": 0.691037569605549
        },
        "Multi_Page": {
          "Text": 0.6552294914314234,
          "Layout": 0.6161286250490075,
          "Figure": 0.6367357432078227,
          "Table": 0.5570467784020731
        }
      },
      "Reasoning": {
        "Single_Page": {
          "Text": 0.5443222834080934,
          "Layout": 0.647740944693645,
          "Figure": 0.6785714285714286,
          "Table": 0.6122448979591837
        },
        "Multi_Page": {
          "Text": 0.6229456051195181,
          "Layout": 0.55,
          "Figure": 0.5852287581699346,
          "Table": 0.5299297321036451
        }
      },
      "Locating": {
        "Cross_Element": {
          "Cross_Title": 0.41135917911791225,
          "Cross_Table": 0.1479665146951318,
          "Para_Title": 0.6899976187726032,
          "Figure_Table": 0.5370930326542934
        }
      }
    }
  },
  "sample_count": 2325,
  "completed_count": 2325,
  "failed_count": 0
}