{
  "avg_acc": 0.513454479668114,
  "rectified_avg_acc": 0.513454479668114
}