{
  "Main_Task": {
    "Understanding": 0.6234765862367218,
    "Reasoning": 0.5598284521832448,
    "Locating": 0.47584777431231173
  },
  "Element_Type": {
    "Text": 0.6370494049059527,
    "Layout": 0.5109273651764946,
    "Figure": 0.560087206858788,
    "Table": 0.5205736509832602
  },
  "Evidence_Pages": {
    "Single_Page": 0.5766274016514112,
    "Multi_Page": 0.5619359147275934
  },
  "Num_of_Element_Types": {
    "Cross_Element": 0.5424264505898168
  },
  "Fine_Grained": {
    "Understanding": {
      "Single_Page": {
        "Text": 0.6103825552589481,
        "Layout": 0.6059178204393731,
        "Figure": 0.5420869772981619,
        "Table": 0.6252284249933511
      },
      "Multi_Page": {
        "Text": 0.6510086758761907,
        "Layout": 0.5973814327286429,
        "Figure": 0.6119567628259052,
        "Table": 0.6126101400072805
      }
    },
    "Reasoning": {
      "Single_Page": {
        "Text": 0.5589499429825615,
        "Layout": 0.7310742780269783,
        "Figure": 0.6071428571428571,
        "Table": 0.5
      },
      "Multi_Page": {
        "Text": 0.6475859213250517,
        "Layout": 0.575,
        "Figure": 0.5701699346405228,
        "Table": 0.4880983750548968
      }
    },
    "Locating": {
      "Cross_Element": {
        "Cross_Title": 0.46482463834027754,
        "Cross_Table": 0.1984987393717967,
        "Para_Title": 0.6562832451066687,
        "Figure_Table": 0.5297091129878826
      }
    }
  }
}