{
  "avg_acc": 0.5692420193001363,
  "rectified_avg_acc": 0.5687523487458996
}