{
  "Main_Task": {
    "Understanding": 0.469139515896706,
    "Reasoning": 0.3056306464276293,
    "Locating": 0.3359342361742473
  },
  "Element_Type": {
    "Text": 0.5039448150390423,
    "Layout": 0.3582152592852509,
    "Figure": 0.3940349535421869,
    "Table": 0.32313646956563946
  },
  "Evidence_Pages": {
    "Single_Page": 0.41714969244754724,
    "Multi_Page": 0.38938955993742336
  },
  "Num_of_Element_Types": {
    "Cross_Element": 0.3958849837095369
  },
  "Fine_Grained": {
    "Understanding": {
      "Single_Page": {
        "Text": 0.5188578204571821,
        "Layout": 0.5277682284492916,
        "Figure": 0.42262006347342873,
        "Table": 0.34965237357974993
      },
      "Multi_Page": {
        "Text": 0.5413974813020198,
        "Layout": 0.4962071365106372,
        "Figure": 0.416240110601622,
        "Table": 0.3891847221717936
      }
    },
    "Reasoning": {
      "Single_Page": {
        "Text": 0.41932228340809347,
        "Layout": 0.647740944693645,
        "Figure": 0.2857142857142857,
        "Table": 0.24362244897959184
      },
      "Multi_Page": {
        "Text": 0.4065424430641822,
        "Layout": 0.275,
        "Figure": 0.31529411764705884,
        "Table": 0.21273605621431707
      }
    },
    "Locating": {
      "Cross_Element": {
        "Cross_Title": 0.2632729566266744,
        "Cross_Table": 0.08580778532787035,
        "Para_Title": 0.4611139718605718,
        "Figure_Table": 0.46135079983952504
      }
    }
  }
}