{
  "avg_acc": 0.40210484841642996,
  "rectified_avg_acc": 0.40210484841642996
}