{
  "overall_acc": 0.5049336483507594,
  "avg_acc": 0.5049336483507594,
  "rectified_avg_acc": 0.5049336483507594,
  "fine_grained_metrics": {
    "Main_Task": {
      "Understanding": 0.5651307156651474,
      "Reasoning": 0.5053759641453859,
      "Locating": 0.39702554635895393
    },
    "Element_Type": {
      "Text": 0.5740211306862549,
      "Layout": 0.4101263896754496,
      "Figure": 0.5099781183795127,
      "Table": 0.49617517359589186
    },
    "Evidence_Pages": {
      "Single_Page": 0.5561468187872654,
      "Multi_Page": 0.4594327312853941
    },
    "Num_of_Element_Types": {
      "Cross_Element": 0.49552459140492827
    },
    "Fine_Grained": {
      "Understanding": {
        "Single_Page": {
          "Text": 0.608281934387763,
          "Layout": 0.5738353681962706,
          "Figure": 0.5809107828931453,
          "Table": 0.6091199528098442
        },
        "Multi_Page": {
          "Text": 0.5514345546198236,
          "Layout": 0.4974518102763903,
          "Figure": 0.526788163376007,
          "Table": 0.4955027719632811
        }
      },
      "Reasoning": {
        "Single_Page": {
          "Text": 0.48841059602649006,
          "Layout": 0.4166666666666667,
          "Figure": 0.6428571428571429,
          "Table": 0.5510204081632653
        },
        "Multi_Page": {
          "Text": 0.4975725387823687,
          "Layout": 0.45,
          "Figure": 0.4464052287581699,
          "Table": 0.5032842603731074
        }
      },
      "Locating": {
        "Cross_Element": {
          "Cross_Title": 0.2148486826949671,
          "Cross_Table": 0.1867772465396358,
          "Para_Title": 0.6714540831977593,
          "Figure_Table": 0.5074676495051839
        }
      }
    }
  },
  "sample_count": 2325,
  "completed_count": 2325,
  "failed_count": 0
}