{
  "overall_acc": 0.5239204886886991,
  "avg_acc": 0.5239204886886991,
  "rectified_avg_acc": 0.5239204886886991,
  "fine_grained_metrics": {
    "Main_Task": {
      "Understanding": 0.5794079383989635,
      "Reasoning": 0.5497058906510723,
      "Locating": 0.41032358142352177
    },
    "Element_Type": {
      "Text": 0.5877884501286547,
      "Layout": 0.44833915985060924,
      "Figure": 0.5068571568832166,
      "Table": 0.5274079543593388
    },
    "Evidence_Pages": {
      "Single_Page": 0.5780494151911344,
      "Multi_Page": 0.47592913795368197
    },
    "Num_of_Element_Types": {
      "Cross_Element": 0.5229118504233365
    },
    "Fine_Grained": {
      "Understanding": {
        "Single_Page": {
          "Text": 0.6091568033432956,
          "Layout": 0.6190350656726099,
          "Figure": 0.6204660028169033,
          "Table": 0.6603458591142056
        },
        "Multi_Page": {
          "Text": 0.5425851454134658,
          "Layout": 0.5153677035866044,
          "Figure": 0.4838366434169095,
          "Table": 0.5762671471750757
        }
      },
      "Reasoning": {
        "Single_Page": {
          "Text": 0.6085379696826033,
          "Layout": 0.647740944693645,
          "Figure": 0.6071428571428571,
          "Table": 0.6224489795918368
        },
        "Multi_Page": {
          "Text": 0.5788819875776398,
          "Layout": 0.5,
          "Figure": 0.49346405228758167,
          "Table": 0.4475186649099693
        }
      },
      "Locating": {
        "Cross_Element": {
          "Cross_Title": 0.2653886614293802,
          "Cross_Table": 0.22184775128429055,
          "Para_Title": 0.694977668504172,
          "Figure_Table": 0.4704199605850652
        }
      }
    }
  },
  "sample_count": 2325,
  "completed_count": 2325,
  "failed_count": 0
}