{
  "overall_acc": 0.5274740697313208,
  "avg_acc": 0.5274740697313208,
  "rectified_avg_acc": 0.5274740697313208,
  "fine_grained_metrics": {
    "Main_Task": {
      "Understanding": 0.595037955914751,
      "Reasoning": 0.5371582703971138,
      "Locating": 0.4012442910497871
    },
    "Element_Type": {
      "Text": 0.5982355607260872,
      "Layout": 0.4507795190186348,
      "Figure": 0.5100039484078321,
      "Table": 0.5160110195947148
    },
    "Evidence_Pages": {
      "Single_Page": 0.5844242617872172,
      "Multi_Page": 0.4769350125369624
    },
    "Num_of_Element_Types": {
      "Cross_Element": 0.5194763346479879
    },
    "Fine_Grained": {
      "Understanding": {
        "Single_Page": {
          "Text": 0.6468906646127691,
          "Layout": 0.6403530535529766,
          "Figure": 0.6048002930043471,
          "Table": 0.6676750114206668
        },
        "Multi_Page": {
          "Text": 0.5584525519914165,
          "Layout": 0.5185982514107514,
          "Figure": 0.5447067711779717,
          "Table": 0.5631766317343481
        }
      },
      "Reasoning": {
        "Single_Page": {
          "Text": 0.5693222834080934,
          "Layout": 0.7310742780269783,
          "Figure": 0.5714285714285714,
          "Table": 0.6530612244897959
        },
        "Multi_Page": {
          "Text": 0.5416011042097999,
          "Layout": 0.425,
          "Figure": 0.4699346405228758,
          "Table": 0.3895476504172156
        }
      },
      "Locating": {
        "Cross_Element": {
          "Cross_Title": 0.28479997648376154,
          "Cross_Table": 0.20649654933024902,
          "Para_Title": 0.6908756669662433,
          "Figure_Table": 0.4370192875167935
        }
      }
    }
  },
  "sample_count": 2325,
  "completed_count": 2325,
  "failed_count": 0
}