{
  "avg_acc": 0.5802831318325888,
  "rectified_avg_acc": 0.5171383437234942
}