{
  "overall_acc": 0.34322819416016886,
  "overall_f1": 0.29137778449134993,
  "breakdowns": {
    "single_page": {
      "acc": 0.27741545897484154,
      "f1": 0.36415438414390416,
      "count": 485
    },
    "cross_page": {
      "acc": 0.1542424450567645,
      "f1": 0.2218926402570998,
      "count": 369
    },
    "unanswerable": {
      "acc": 0.7745901639344263,
      "f1": 0.0,
      "count": 244
    }
  },
  "evidence_source_breakdowns": {
    "Chart": {
      "acc": 0.15392856449028164,
      "f1": 0.22275841040057018,
      "count": 178
    },
    "Figure": {
      "acc": 0.0952061169930168,
      "f1": 0.13716469575181225,
      "count": 293
    },
    "Generalized-text (Layout)": {
      "acc": 0.1906916612798966,
      "f1": 0.25671370050068276,
      "count": 119
    },
    "Pure-text (Plain-text)": {
      "acc": 0.29394609081774603,
      "f1": 0.35945345843034504,
      "count": 298
    },
    "Table": {
      "acc": 0.2647669608678783,
      "f1": 0.35449498418248415,
      "count": 218
    }
  },
  "document_type_breakdowns": {
    "Academic paper": {
      "acc": 0.36477083049907383,
      "f1": 0.33266857794491234,
      "count": 204
    },
    "Administration/Industry file": {
      "acc": 0.4628739131703108,
      "f1": 0.43737119583562817,
      "count": 81
    },
    "Brochure": {
      "acc": 0.3122272096750231,
      "f1": 0.2666927125351182,
      "count": 101
    },
    "Financial report": {
      "acc": 0.29643362335670026,
      "f1": 0.38115197431967623,
      "count": 117
    },
    "Guidebook": {
      "acc": 0.3874950008634872,
      "f1": 0.3362613485461555,
      "count": 156
    },
    "Research report / Introduction": {
      "acc": 0.34812889519987017,
      "f1": 0.20667844195707974,
      "count": 293
    },
    "Tutorial/Workshop": {
      "acc": 0.24379320073353083,
      "f1": 0.11290581806493089,
      "count": 139
    }
  },
  "answer_format_breakdowns": {
    "Float": {
      "acc": 0.24375,
      "f1": 0.3421052631578947,
      "count": 160
    },
    "Int": {
      "acc": 0.18275862068965518,
      "f1": 0.26566416040100255,
      "count": 290
    },
    "List": {
      "acc": 0.1565558624382154,
      "f1": 0.2140810397992341,
      "count": 147
    },
    "None": {
      "acc": 0.7745901639344263,
      "f1": 0.0,
      "count": 244
    },
    "Str": {
      "acc": 0.2817929922013064,
      "f1": 0.37472472367195,
      "count": 250
    }
  },
  "sample_count": 1091,
  "completed_count": 1091,
  "failed_count": 0
}