{
  "overall_acc": 0.4696031609967623,
  "overall_f1": 0.4529412672046813,
  "breakdowns": {
    "single_page": {
      "acc": 0.5391018081738395,
      "f1": 0.5920379535673513,
      "count": 485
    },
    "cross_page": {
      "acc": 0.3068558659628683,
      "f1": 0.34054079560992,
      "count": 369
    },
    "unanswerable": {
      "acc": 0.5887002341920374,
      "f1": 0.0,
      "count": 244
    }
  },
  "evidence_source_breakdowns": {
    "Chart": {
      "acc": 0.41479400749063666,
      "f1": 0.4614583333333333,
      "count": 178
    },
    "Figure": {
      "acc": 0.3125266948614154,
      "f1": 0.3526390613952547,
      "count": 293
    },
    "Generalized-text (Layout)": {
      "acc": 0.3261478504445256,
      "f1": 0.3635730211817168,
      "count": 119
    },
    "Pure-text (Plain-text)": {
      "acc": 0.4098617181379072,
      "f1": 0.44794949141528245,
      "count": 298
    },
    "Table": {
      "acc": 0.5730053398429495,
      "f1": 0.614963593477732,
      "count": 218
    }
  },
  "document_type_breakdowns": {
    "Academic paper": {
      "acc": 0.469535231747508,
      "f1": 0.4747291651462015,
      "count": 204
    },
    "Administration/Industry file": {
      "acc": 0.4444444444444444,
      "f1": 0.39999999999999997,
      "count": 81
    },
    "Brochure": {
      "acc": 0.3757661480433757,
      "f1": 0.3394881762228701,
      "count": 101
    },
    "Financial report": {
      "acc": 0.5003515003515003,
      "f1": 0.5307184398093489,
      "count": 117
    },
    "Guidebook": {
      "acc": 0.47872061634314644,
      "f1": 0.4779434862620674,
      "count": 156
    },
    "Research report / Introduction": {
      "acc": 0.480407931090525,
      "f1": 0.43429718875502,
      "count": 293
    },
    "Tutorial/Workshop": {
      "acc": 0.49365766128356053,
      "f1": 0.46713497663723913,
      "count": 139
    }
  },
  "answer_format_breakdowns": {
    "Float": {
      "acc": 0.54375,
      "f1": 0.5999999999999999,
      "count": 160
    },
    "Int": {
      "acc": 0.3620689655172414,
      "f1": 0.3860294117647059,
      "count": 290
    },
    "List": {
      "acc": 0.3239597137556321,
      "f1": 0.3635273123822742,
      "count": 147
    },
    "None": {
      "acc": 0.5887002341920374,
      "f1": 0.0,
      "count": 244
    },
    "Str": {
      "acc": 0.5162884543301306,
      "f1": 0.5989425224247454,
      "count": 250
    }
  },
  "sample_count": 1091,
  "completed_count": 1091,
  "failed_count": 0
}