{
  "avg_acc": 0.5276614616479546,
  "rectified_avg_acc": 0.5276614616479546
}