{
  "Main_Task": {
    "Understanding": 0.572324031231949,
    "Reasoning": 0.5284079939094243,
    "Locating": 0.4473672429744373
  },
  "Element_Type": {
    "Text": 0.5820412138966876,
    "Layout": 0.45260640536249525,
    "Figure": 0.5423596810816063,
    "Table": 0.5048785037928476
  },
  "Evidence_Pages": {
    "Single_Page": 0.5406096109812075,
    "Multi_Page": 0.51627016895508
  },
  "Num_of_Element_Types": {
    "Cross_Element": 0.5110235845894282
  },
  "Fine_Grained": {
    "Understanding": {
      "Single_Page": {
        "Text": 0.5192139689778648,
        "Layout": 0.48868960798850775,
        "Figure": 0.5909024140506258,
        "Table": 0.6138516597176115
      },
      "Multi_Page": {
        "Text": 0.6038534415039646,
        "Layout": 0.559925982593768,
        "Figure": 0.5584408201766128,
        "Table": 0.5702745562801135
      }
    },
    "Reasoning": {
      "Single_Page": {
        "Text": 0.507088240854902,
        "Layout": 0.5644076113603117,
        "Figure": 0.6428571428571429,
        "Table": 0.5306122448979592
      },
      "Multi_Page": {
        "Text": 0.5812064746847355,
        "Layout": 0.4,
        "Figure": 0.5287581699346405,
        "Table": 0.46831215379602475
      }
    },
    "Locating": {
      "Cross_Element": {
        "Cross_Title": 0.39290989354275174,
        "Cross_Table": 0.1635824338654042,
        "Para_Title": 0.6528700718163775,
        "Figure_Table": 0.527665622334442
      }
    }
  }
}