{
  "avg_acc": 0.4795823383867435,
  "rectified_avg_acc": 0.4795823383867435
}