{
  "Main_Task": {
    "Understanding": 0.5391310197776885,
    "Reasoning": 0.47747338563182773,
    "Locating": 0.416311648250122
  },
  "Element_Type": {
    "Text": 0.5564597190676673,
    "Layout": 0.4261071107297099,
    "Figure": 0.4836021588585958,
    "Table": 0.4558192361329337
  },
  "Evidence_Pages": {
    "Single_Page": 0.5075702703169803,
    "Multi_Page": 0.478535474483614
  },
  "Num_of_Element_Types": {
    "Cross_Element": 0.4670095275672414
  },
  "Fine_Grained": {
    "Understanding": {
      "Single_Page": {
        "Text": 0.5860398288105646,
        "Layout": 0.5409355566221755,
        "Figure": 0.4972023686142562,
        "Table": 0.5042631862612494
      },
      "Multi_Page": {
        "Text": 0.5653592622257462,
        "Layout": 0.5081201184237721,
        "Figure": 0.47594295042292883,
        "Table": 0.518625378494313
      }
    },
    "Reasoning": {
      "Single_Page": {
        "Text": 0.475,
        "Layout": 0.75,
        "Figure": 0.5,
        "Table": 0.37362107004964146
      },
      "Multi_Page": {
        "Text": 0.5268393677725597,
        "Layout": 0.45,
        "Figure": 0.4464052287581699,
        "Table": 0.5164690382081687
      }
    },
    "Locating": {
      "Cross_Element": {
        "Cross_Title": 0.3526127538898559,
        "Cross_Table": 0.2074961513777871,
        "Para_Title": 0.5204085009596726,
        "Figure_Table": 0.5239002263934953
      }
    }
  }
}