{
  "avg_acc": 0.5895201717449865,
  "rectified_avg_acc": 0.4921542595083952
}