{
  "avg_acc": 0.7838548853336275,
  "rectified_avg_acc": 0.05562841121722518
}