{
  "Main_Task": {
    "Understanding": 0.05041685413609502,
    "Reasoning": 0.051556539928632954,
    "Locating": 0.0672165833618726
  },
  "Element_Type": {
    "Text": 0.017812745799269593,
    "Layout": 0.035844093918010064,
    "Figure": 0.09641289642083124,
    "Table": 0.09862634926287255
  },
  "Evidence_Pages": {
    "Single_Page": 0.09416668522114814,
    "Multi_Page": 0.02147306433604359
  },
  "Num_of_Element_Types": {
    "Cross_Element": 0.06705508471519657
  },
  "Fine_Grained": {
    "Understanding": {
      "Single_Page": {
        "Text": 0.030708449313100475,
        "Layout": 0.09838998211091234,
        "Figure": 0.06382978723404255,
        "Table": 0.10722433460076046
      },
      "Multi_Page": {
        "Text": 0.006320541760722347,
        "Layout": 0.05232558139534884,
        "Figure": 0.056597670416128835,
        "Table": 0.07577966364411377
      }
    },
    "Reasoning": {
      "Single_Page": {
        "Text": 0.025,
        "Layout": 0.25,
        "Figure": 0.03571428571428571,
        "Table": 0.1326530612244898
      },
      "Multi_Page": {
        "Text": 0.02567287784679089,
        "Layout": 0.025,
        "Figure": 0.023529411764705882,
        "Table": 0.028985507246376812
      }
    },
    "Locating": {
      "Cross_Element": {
        "Cross_Title": 0.014771446716601092,
        "Cross_Table": 0.0,
        "Para_Title": 0.021897810218978103,
        "Figure_Table": 0.1763916218461673
      }
    }
  }
}