{
  "avg_acc": 0.33209499834523415,
  "rectified_avg_acc": 0.33209499834523415
}