{
  "Main_Task": {
    "Understanding": 0.41370169647835375,
    "Reasoning": 0.28776329355115654,
    "Locating": 0.21082772349032675
  },
  "Element_Type": {
    "Text": 0.42792298230546977,
    "Layout": 0.320172337133724,
    "Figure": 0.284177368396448,
    "Table": 0.24239649105065036
  },
  "Evidence_Pages": {
    "Single_Page": 0.30003980181018425,
    "Multi_Page": 0.3608185523304368
  },
  "Num_of_Element_Types": {
    "Cross_Element": 0.3096814977799857
  },
  "Fine_Grained": {
    "Understanding": {
      "Single_Page": {
        "Text": 0.44380684416700883,
        "Layout": 0.4889929698048077,
        "Figure": 0.32859969710394327,
        "Table": 0.3249098169150463
      },
      "Multi_Page": {
        "Text": 0.4785045900897043,
        "Layout": 0.40846714541599183,
        "Figure": 0.41368982120442427,
        "Table": 0.3952846744419793
      }
    },
    "Reasoning": {
      "Single_Page": {
        "Text": 0.2693222834080935,
        "Layout": 0.31440761136031165,
        "Figure": 0.17857142857142858,
        "Table": 0.24489795918367346
      },
      "Multi_Page": {
        "Text": 0.3565217391304348,
        "Layout": 0.3,
        "Figure": 0.3522875816993464,
        "Table": 0.27024722932651324
      }
    },
    "Locating": {
      "Cross_Element": {
        "Cross_Title": 0.2921953717035162,
        "Cross_Table": 0.10711375625661539,
        "Para_Title": 0.3405769855935692,
        "Figure_Table": 0.1196476960983454
      }
    }
  }
}