{
  "Main_Task": {
    "Understanding": 0.0438322637927772,
    "Reasoning": 0.051556539928632954,
    "Locating": 0.07096826258262279
  },
  "Element_Type": {
    "Text": 0.0158153125528516,
    "Layout": 0.031812890881189895,
    "Figure": 0.09338331282860017,
    "Table": 0.09767867566706157
  },
  "Evidence_Pages": {
    "Single_Page": 0.09123631400537144,
    "Multi_Page": 0.01954271230394706
  },
  "Num_of_Element_Types": {
    "Cross_Element": 0.06466715054636644
  },
  "Fine_Grained": {
    "Understanding": {
      "Single_Page": {
        "Text": 0.023166023166023165,
        "Layout": 0.06593406593406594,
        "Figure": 0.06382978723404255,
        "Table": 0.10456273764258556
      },
      "Multi_Page": {
        "Text": 0.006248396670775483,
        "Layout": 0.040191110053344636,
        "Figure": 0.042853099965168936,
        "Table": 0.05984461596465378
      }
    },
    "Reasoning": {
      "Single_Page": {
        "Text": 0.0,
        "Layout": 0.25,
        "Figure": 0.03571428571428571,
        "Table": 0.14285714285714285
      },
      "Multi_Page": {
        "Text": 0.02567287784679089,
        "Layout": 0.025,
        "Figure": 0.023529411764705882,
        "Table": 0.028985507246376812
      }
    },
    "Locating": {
      "Cross_Element": {
        "Cross_Title": 0.01925060232473458,
        "Cross_Table": 0.0,
        "Para_Title": 0.029197080291970802,
        "Figure_Table": 0.17945269016299217
      }
    }
  }
}