{
  "avg_acc": 0.7500534990407627,
  "rectified_avg_acc": 0.05322960315773155
}