{
  "Main_Task": {
    "Understanding": 0.6565171502749944,
    "Reasoning": 0.6166196909818661,
    "Locating": 0.6373435140075117
  },
  "Element_Type": {
    "Text": 0.6900500003609765,
    "Layout": 0.5959733041291894,
    "Figure": 0.6851250798362706,
    "Table": 0.6368813019067507
  },
  "Evidence_Pages": {
    "Single_Page": 0.6657547672461214,
    "Multi_Page": 0.6252456374981497
  },
  "Num_of_Element_Types": {
    "Cross_Element": 0.6746444177086668
  },
  "Fine_Grained": {
    "Understanding": {
      "Single_Page": {
        "Text": 0.6726909835117132,
        "Layout": 0.6170649599499377,
        "Figure": 0.6802113813222231,
        "Table": 0.6621103492898389
      },
      "Multi_Page": {
        "Text": 0.6826478859911522,
        "Layout": 0.610097699302215,
        "Figure": 0.666609812042431,
        "Table": 0.6236230100128455
      }
    },
    "Reasoning": {
      "Single_Page": {
        "Text": 0.6289733601774044,
        "Layout": 0.7496279761904762,
        "Figure": 0.75,
        "Table": 0.5510204081632653
      },
      "Multi_Page": {
        "Text": 0.6404317711274233,
        "Layout": 0.6,
        "Figure": 0.6313464052287582,
        "Table": 0.59211682037769
      }
    },
    "Locating": {
      "Cross_Element": {
        "Cross_Title": 0.5072123263459991,
        "Cross_Table": 0.45846937240424546,
        "Para_Title": 0.8062856499886623,
        "Figure_Table": 0.7479471414211815
      }
    }
  }
}