{
  "avg_acc": 0.6458112895373093,
  "rectified_avg_acc": 0.644144679757858
}