{
  "avg_acc": 0.3976163083682433,
  "rectified_avg_acc": 0.3976163083682433
}