{
  "Main_Task": {
    "Understanding": 0.46994989999706,
    "Reasoning": 0.32603718397356735,
    "Locating": 0.3081061885784886
  },
  "Element_Type": {
    "Text": 0.5028465817837573,
    "Layout": 0.3474706188286028,
    "Figure": 0.4012424744351072,
    "Table": 0.307824892588936
  },
  "Evidence_Pages": {
    "Single_Page": 0.4126727118723833,
    "Multi_Page": 0.3848834494956509
  },
  "Num_of_Element_Types": {
    "Cross_Element": 0.3823334016653793
  },
  "Fine_Grained": {
    "Understanding": {
      "Single_Page": {
        "Text": 0.5118804139692494,
        "Layout": 0.5639715732220802,
        "Figure": 0.4275433931251594,
        "Table": 0.355623747331907
      },
      "Multi_Page": {
        "Text": 0.5474831949055603,
        "Layout": 0.5064947133109947,
        "Figure": 0.44207605856703797,
        "Table": 0.3324678425163832
      }
    },
    "Reasoning": {
      "Single_Page": {
        "Text": 0.4943222834080935,
        "Layout": 0.5644076113603117,
        "Figure": 0.39285714285714285,
        "Table": 0.23188480594549957
      },
      "Multi_Page": {
        "Text": 0.4417391304347826,
        "Layout": 0.275,
        "Figure": 0.3623529411764706,
        "Table": 0.2272288098375055
      }
    },
    "Locating": {
      "Cross_Element": {
        "Cross_Title": 0.2489029859874179,
        "Cross_Table": 0.08169990713852769,
        "Para_Title": 0.39521553573381035,
        "Figure_Table": 0.4314527453835154
      }
    }
  }
}