{
  "overall_acc": 0.28158877465188087,
  "overall_f1": 0.2326493858407936,
  "breakdowns": {
    "single_page": {
      "acc": 0.30697144682556116,
      "f1": 0.34141254888983785,
      "count": 485
    },
    "cross_page": {
      "acc": 0.12285149440326523,
      "f1": 0.13799756905572258,
      "count": 369
    },
    "unanswerable": {
      "acc": 0.48770491803278687,
      "f1": 0.0,
      "count": 244
    }
  },
  "evidence_source_breakdowns": {
    "Chart": {
      "acc": 0.2605983591938648,
      "f1": 0.28901251050783766,
      "count": 178
    },
    "Figure": {
      "acc": 0.1444012290756575,
      "f1": 0.1511906158429525,
      "count": 293
    },
    "Generalized-text (Layout)": {
      "acc": 0.1885928974764509,
      "f1": 0.19405026968052178,
      "count": 119
    },
    "Pure-text (Plain-text)": {
      "acc": 0.21316503071407303,
      "f1": 0.23160770098363334,
      "count": 298
    },
    "Table": {
      "acc": 0.24980300964125204,
      "f1": 0.2986427715183963,
      "count": 218
    }
  },
  "document_type_breakdowns": {
    "Academic paper": {
      "acc": 0.1944642503466033,
      "f1": 0.1542065607212187,
      "count": 204
    },
    "Administration/Industry file": {
      "acc": 0.3147499179245211,
      "f1": 0.242105364873222,
      "count": 81
    },
    "Brochure": {
      "acc": 0.2967994473865991,
      "f1": 0.24486121530382596,
      "count": 101
    },
    "Financial report": {
      "acc": 0.25428133120440816,
      "f1": 0.2757686757686758,
      "count": 117
    },
    "Guidebook": {
      "acc": 0.2778974307249325,
      "f1": 0.24641440714495022,
      "count": 156
    },
    "Research report / Introduction": {
      "acc": 0.3365966109813784,
      "f1": 0.2433788798920378,
      "count": 293
    },
    "Tutorial/Workshop": {
      "acc": 0.29025493938858377,
      "f1": 0.26084832511122796,
      "count": 139
    }
  },
  "answer_format_breakdowns": {
    "Float": {
      "acc": 0.2375,
      "f1": 0.30522088353413657,
      "count": 160
    },
    "Int": {
      "acc": 0.20344827586206896,
      "f1": 0.21851851851851853,
      "count": 290
    },
    "List": {
      "acc": 0.17175662287707105,
      "f1": 0.1870238782439218,
      "count": 147
    },
    "None": {
      "acc": 0.48770491803278687,
      "f1": 0.0,
      "count": 244
    },
    "Str": {
      "acc": 0.2638605183290903,
      "f1": 0.3039867722685372,
      "count": 250
    }
  },
  "sample_count": 1091,
  "completed_count": 1091,
  "failed_count": 0
}