{
  "overall_acc": 0.3034940598008076,
  "overall_f1": 0.27501424080886394,
  "breakdowns": {
    "single_page": {
      "acc": 0.35398902869894305,
      "f1": 0.3868158683252304,
      "count": 485
    },
    "cross_page": {
      "acc": 0.17459983827559283,
      "f1": 0.18977125279438517,
      "count": 369
    },
    "unanswerable": {
      "acc": 0.4057377049180328,
      "f1": 0.0,
      "count": 244
    }
  },
  "evidence_source_breakdowns": {
    "Chart": {
      "acc": 0.2724585339753879,
      "f1": 0.2939249639249639,
      "count": 178
    },
    "Figure": {
      "acc": 0.1878304731661644,
      "f1": 0.19900310933465734,
      "count": 293
    },
    "Generalized-text (Layout)": {
      "acc": 0.2621631986127785,
      "f1": 0.2696198270975057,
      "count": 119
    },
    "Pure-text (Plain-text)": {
      "acc": 0.24612545469699998,
      "f1": 0.26771251594636397,
      "count": 298
    },
    "Table": {
      "acc": 0.34460423288284225,
      "f1": 0.3964312547148265,
      "count": 218
    }
  },
  "document_type_breakdowns": {
    "Academic paper": {
      "acc": 0.22442067736185384,
      "f1": 0.20115074798619104,
      "count": 204
    },
    "Administration/Industry file": {
      "acc": 0.31453744049059956,
      "f1": 0.2989420829158914,
      "count": 81
    },
    "Brochure": {
      "acc": 0.306700437485609,
      "f1": 0.2854253936154846,
      "count": 101
    },
    "Financial report": {
      "acc": 0.3050505619736389,
      "f1": 0.3336057949541095,
      "count": 117
    },
    "Guidebook": {
      "acc": 0.3452899147840832,
      "f1": 0.31508740774629895,
      "count": 156
    },
    "Research report / Introduction": {
      "acc": 0.3422848931201724,
      "f1": 0.2744883040935672,
      "count": 293
    },
    "Tutorial/Workshop": {
      "acc": 0.28079358311967356,
      "f1": 0.2698287656837794,
      "count": 139
    }
  },
  "answer_format_breakdowns": {
    "Float": {
      "acc": 0.2875,
      "f1": 0.3498098859315589,
      "count": 160
    },
    "Int": {
      "acc": 0.27241379310344827,
      "f1": 0.28468468468468466,
      "count": 290
    },
    "List": {
      "acc": 0.17676544121922275,
      "f1": 0.189668028169531,
      "count": 147
    },
    "None": {
      "acc": 0.4057377049180328,
      "f1": 0.0,
      "count": 244
    },
    "Str": {
      "acc": 0.3245099975338216,
      "f1": 0.3597671813013543,
      "count": 250
    }
  },
  "sample_count": 1091,
  "completed_count": 1091,
  "failed_count": 0
}