{
  "overall_acc": 0.37301369111490323,
  "overall_f1": 0.37040619698529315,
  "breakdowns": {
    "single_page": {
      "acc": 0.4824811453129441,
      "f1": 0.5054302721839,
      "count": 485
    },
    "cross_page": {
      "acc": 0.2654595705408714,
      "f1": 0.27867590762327604,
      "count": 369
    },
    "unanswerable": {
      "acc": 0.3114754098360656,
      "f1": 0.0,
      "count": 244
    }
  },
  "evidence_source_breakdowns": {
    "Chart": {
      "acc": 0.3574690290982426,
      "f1": 0.3710174179561935,
      "count": 178
    },
    "Figure": {
      "acc": 0.3231905677704967,
      "f1": 0.333433581340767,
      "count": 293
    },
    "Generalized-text (Layout)": {
      "acc": 0.3531704348406029,
      "f1": 0.36074919953675316,
      "count": 119
    },
    "Pure-text (Plain-text)": {
      "acc": 0.37397393527512074,
      "f1": 0.38878945901238354,
      "count": 298
    },
    "Table": {
      "acc": 0.42979427220132194,
      "f1": 0.47201587576769866,
      "count": 218
    }
  },
  "document_type_breakdowns": {
    "Academic paper": {
      "acc": 0.3174907821160843,
      "f1": 0.3210036988160071,
      "count": 204
    },
    "Administration/Industry file": {
      "acc": 0.5088701408795016,
      "f1": 0.5279217221452429,
      "count": 81
    },
    "Brochure": {
      "acc": 0.3166014275846189,
      "f1": 0.31737346101231195,
      "count": 101
    },
    "Financial report": {
      "acc": 0.39915312607620296,
      "f1": 0.4459277117440382,
      "count": 117
    },
    "Guidebook": {
      "acc": 0.3576019375361481,
      "f1": 0.3369830827067669,
      "count": 156
    },
    "Research report / Introduction": {
      "acc": 0.38248208690098395,
      "f1": 0.349638652672438,
      "count": 293
    },
    "Tutorial/Workshop": {
      "acc": 0.3916584344521508,
      "f1": 0.3969918191535478,
      "count": 139
    }
  },
  "answer_format_breakdowns": {
    "Float": {
      "acc": 0.43125,
      "f1": 0.4791666666666667,
      "count": 160
    },
    "Int": {
      "acc": 0.3482758620689655,
      "f1": 0.3537653239929947,
      "count": 290
    },
    "List": {
      "acc": 0.22331872920108214,
      "f1": 0.23365020065878345,
      "count": 147
    },
    "None": {
      "acc": 0.3114754098360656,
      "f1": 0.0,
      "count": 244
    },
    "Str": {
      "acc": 0.5125203352552015,
      "f1": 0.5349899115398762,
      "count": 250
    }
  },
  "sample_count": 1091,
  "completed_count": 1091,
  "failed_count": 0
}