{
  "overall_acc": 0.33874009153576684,
  "overall_f1": 0.32491654877304177,
  "breakdowns": {
    "single_page": {
      "acc": 0.42489501645088834,
      "f1": 0.4528695562582902,
      "count": 485
    },
    "cross_page": {
      "acc": 0.21542373140065246,
      "f1": 0.2317532270753375,
      "count": 369
    },
    "unanswerable": {
      "acc": 0.36475409836065575,
      "f1": 0.0,
      "count": 244
    }
  },
  "evidence_source_breakdowns": {
    "Chart": {
      "acc": 0.33906530960967224,
      "f1": 0.35712204207409265,
      "count": 178
    },
    "Figure": {
      "acc": 0.23652054305077352,
      "f1": 0.24510358267606894,
      "count": 293
    },
    "Generalized-text (Layout)": {
      "acc": 0.32429162141046897,
      "f1": 0.3297430083144369,
      "count": 119
    },
    "Pure-text (Plain-text)": {
      "acc": 0.3048062821332987,
      "f1": 0.3230264439117201,
      "count": 298
    },
    "Table": {
      "acc": 0.39422085288363656,
      "f1": 0.44877360798241656,
      "count": 218
    }
  },
  "document_type_breakdowns": {
    "Academic paper": {
      "acc": 0.2672097816399287,
      "f1": 0.2616048951048951,
      "count": 204
    },
    "Administration/Industry file": {
      "acc": 0.3443780804502871,
      "f1": 0.34135177880676076,
      "count": 81
    },
    "Brochure": {
      "acc": 0.304720239465807,
      "f1": 0.28820295983086675,
      "count": 101
    },
    "Financial report": {
      "acc": 0.3559052628283398,
      "f1": 0.4004471666766749,
      "count": 117
    },
    "Guidebook": {
      "acc": 0.33312396479204626,
      "f1": 0.32175710599626456,
      "count": 156
    },
    "Research report / Introduction": {
      "acc": 0.3912968438621456,
      "f1": 0.34587962250159754,
      "count": 293
    },
    "Tutorial/Workshop": {
      "acc": 0.3462233539451279,
      "f1": 0.3329698357936487,
      "count": 139
    }
  },
  "answer_format_breakdowns": {
    "Float": {
      "acc": 0.36875,
      "f1": 0.4306569343065694,
      "count": 160
    },
    "Int": {
      "acc": 0.296551724137931,
      "f1": 0.30769230769230765,
      "count": 290
    },
    "List": {
      "acc": 0.19946179248700258,
      "f1": 0.21247017025789405,
      "count": 147
    },
    "None": {
      "acc": 0.36475409836065575,
      "f1": 0.0,
      "count": 244
    },
    "Str": {
      "acc": 0.4249782254797289,
      "f1": 0.4589397683366403,
      "count": 250
    }
  },
  "sample_count": 1091,
  "completed_count": 1091,
  "failed_count": 0
}