{
  "overall_acc": 0.3820985081275773,
  "overall_f1": 0.375228384797883,
  "breakdowns": {
    "single_page": {
      "acc": 0.5039570194667732,
      "f1": 0.5214236597006157,
      "count": 485
    },
    "cross_page": {
      "acc": 0.24873618227407893,
      "f1": 0.2648878824217463,
      "count": 369
    },
    "unanswerable": {
      "acc": 0.34289617486338797,
      "f1": 0.0,
      "count": 244
    }
  },
  "evidence_source_breakdowns": {
    "Chart": {
      "acc": 0.373205326895757,
      "f1": 0.3873501352037595,
      "count": 178
    },
    "Figure": {
      "acc": 0.39245341164619896,
      "f1": 0.398549734082315,
      "count": 293
    },
    "Generalized-text (Layout)": {
      "acc": 0.3562284541145651,
      "f1": 0.3702286990360982,
      "count": 119
    },
    "Pure-text (Plain-text)": {
      "acc": 0.354836884555035,
      "f1": 0.3698445333240657,
      "count": 298
    },
    "Table": {
      "acc": 0.3844714154347182,
      "f1": 0.42330691194327563,
      "count": 218
    }
  },
  "document_type_breakdowns": {
    "Academic paper": {
      "acc": 0.3310799990940481,
      "f1": 0.3355508594373045,
      "count": 204
    },
    "Administration/Industry file": {
      "acc": 0.43616693408237933,
      "f1": 0.4493262468247811,
      "count": 81
    },
    "Brochure": {
      "acc": 0.3760073681786783,
      "f1": 0.3709789722879822,
      "count": 101
    },
    "Financial report": {
      "acc": 0.3446155678801082,
      "f1": 0.37929100824793605,
      "count": 117
    },
    "Guidebook": {
      "acc": 0.40952233250620346,
      "f1": 0.3849250698501397,
      "count": 156
    },
    "Research report / Introduction": {
      "acc": 0.3910467185608257,
      "f1": 0.3549633856313741,
      "count": 293
    },
    "Tutorial/Workshop": {
      "acc": 0.41180354571237,
      "f1": 0.41693521040680026,
      "count": 139
    }
  },
  "answer_format_breakdowns": {
    "Float": {
      "acc": 0.4,
      "f1": 0.4507042253521127,
      "count": 160
    },
    "Int": {
      "acc": 0.3310344827586207,
      "f1": 0.3392226148409894,
      "count": 290
    },
    "List": {
      "acc": 0.27682087079846185,
      "f1": 0.29380987730955876,
      "count": 147
    },
    "None": {
      "acc": 0.34289617486338797,
      "f1": 0.0,
      "count": 244
    },
    "Str": {
      "acc": 0.5300405507725849,
      "f1": 0.5430743348079764,
      "count": 250
    }
  },
  "sample_count": 1091,
  "completed_count": 1091,
  "failed_count": 0
}