{
  "overall_acc": 0.3747322033383585,
  "overall_f1": 0.3700590982574375,
  "breakdowns": {
    "single_page": {
      "acc": 0.4842850563145724,
      "f1": 0.5057322842149785,
      "count": 485
    },
    "cross_page": {
      "acc": 0.26816959764114234,
      "f1": 0.27913845283379835,
      "count": 369
    },
    "unanswerable": {
      "acc": 0.319672131147541,
      "f1": 0.0,
      "count": 244
    }
  },
  "evidence_source_breakdowns": {
    "Chart": {
      "acc": 0.3799409392106022,
      "f1": 0.39205499814195466,
      "count": 178
    },
    "Figure": {
      "acc": 0.3127383493404626,
      "f1": 0.32368691555984114,
      "count": 293
    },
    "Generalized-text (Layout)": {
      "acc": 0.35483717296442385,
      "f1": 0.353868013585978,
      "count": 119
    },
    "Pure-text (Plain-text)": {
      "acc": 0.3971144493048965,
      "f1": 0.40756221163554474,
      "count": 298
    },
    "Table": {
      "acc": 0.4435557400912302,
      "f1": 0.4749139024312069,
      "count": 218
    }
  },
  "document_type_breakdowns": {
    "Academic paper": {
      "acc": 0.2744426537738383,
      "f1": 0.27454508280515233,
      "count": 204
    },
    "Administration/Industry file": {
      "acc": 0.4989731265182014,
      "f1": 0.5307350815315506,
      "count": 81
    },
    "Brochure": {
      "acc": 0.3265024176836288,
      "f1": 0.31737346101231195,
      "count": 101
    },
    "Financial report": {
      "acc": 0.4328283397514167,
      "f1": 0.46021562629810053,
      "count": 117
    },
    "Guidebook": {
      "acc": 0.3676179631771737,
      "f1": 0.34958388915837985,
      "count": 156
    },
    "Research report / Introduction": {
      "acc": 0.39954693331736624,
      "f1": 0.36985761505212306,
      "count": 293
    },
    "Tutorial/Workshop": {
      "acc": 0.39134097532174206,
      "f1": 0.39496996308101784,
      "count": 139
    }
  },
  "answer_format_breakdowns": {
    "Float": {
      "acc": 0.45,
      "f1": 0.49826989619377166,
      "count": 160
    },
    "Int": {
      "acc": 0.33793103448275863,
      "f1": 0.343859649122807,
      "count": 290
    },
    "List": {
      "acc": 0.22291056593577602,
      "f1": 0.23322315439543825,
      "count": 147
    },
    "None": {
      "acc": 0.319672131147541,
      "f1": 0.0,
      "count": 244
    },
    "Str": {
      "acc": 0.5122599225983603,
      "f1": 0.5313899612016185,
      "count": 250
    }
  },
  "sample_count": 1091,
  "completed_count": 1091,
  "failed_count": 0
}