{
  "overall_acc": 0.261176737505845,
  "overall_f1": 0.20952502603393558,
  "breakdowns": {
    "single_page": {
      "acc": 0.2685110746301637,
      "f1": 0.312445225731756,
      "count": 485
    },
    "cross_page": {
      "acc": 0.10763129924999339,
      "f1": 0.12145550282338703,
      "count": 369
    },
    "unanswerable": {
      "acc": 0.48770491803278687,
      "f1": 0.0,
      "count": 244
    }
  },
  "evidence_source_breakdowns": {
    "Chart": {
      "acc": 0.23595505617977527,
      "f1": 0.26582278481012656,
      "count": 178
    },
    "Figure": {
      "acc": 0.14125861948875115,
      "f1": 0.153562477622628,
      "count": 293
    },
    "Generalized-text (Layout)": {
      "acc": 0.15782563025210083,
      "f1": 0.1646412037037037,
      "count": 119
    },
    "Pure-text (Plain-text)": {
      "acc": 0.1831075878387213,
      "f1": 0.20422202445916415,
      "count": 298
    },
    "Table": {
      "acc": 0.2186586349430386,
      "f1": 0.26591215052753514,
      "count": 218
    }
  },
  "document_type_breakdowns": {
    "Academic paper": {
      "acc": 0.19500891265597148,
      "f1": 0.14377437743774377,
      "count": 204
    },
    "Administration/Industry file": {
      "acc": 0.2752642162364385,
      "f1": 0.22874242424242425,
      "count": 81
    },
    "Brochure": {
      "acc": 0.2670964770895694,
      "f1": 0.23195798949737428,
      "count": 101
    },
    "Financial report": {
      "acc": 0.22009329701637395,
      "f1": 0.24351838637552922,
      "count": 117
    },
    "Guidebook": {
      "acc": 0.2580701953193592,
      "f1": 0.20766920062339317,
      "count": 156
    },
    "Research report / Introduction": {
      "acc": 0.3260523321956769,
      "f1": 0.23300653594771242,
      "count": 293
    },
    "Tutorial/Workshop": {
      "acc": 0.24709105886181035,
      "f1": 0.20786657843527104,
      "count": 139
    }
  },
  "answer_format_breakdowns": {
    "Float": {
      "acc": 0.2125,
      "f1": 0.2809917355371901,
      "count": 160
    },
    "Int": {
      "acc": 0.18275862068965518,
      "f1": 0.19813084112149532,
      "count": 290
    },
    "List": {
      "acc": 0.1378689937513467,
      "f1": 0.15710652776316253,
      "count": 147
    },
    "None": {
      "acc": 0.48770491803278687,
      "f1": 0.0,
      "count": 244
    },
    "Str": {
      "acc": 0.234708314149716,
      "f1": 0.27677867234636316,
      "count": 250
    }
  },
  "sample_count": 1091,
  "completed_count": 1091,
  "failed_count": 0
}