{
  "overall_acc": 0.3487161222935713,
  "overall_f1": 0.34611817498276065,
  "breakdowns": {
    "single_page": {
      "acc": 0.4478111520122097,
      "f1": 0.47205430194865783,
      "count": 485
    },
    "cross_page": {
      "acc": 0.2527395140822888,
      "f1": 0.26684086036155813,
      "count": 369
    },
    "unanswerable": {
      "acc": 0.3073770491803279,
      "f1": 0.0,
      "count": 244
    }
  },
  "evidence_source_breakdowns": {
    "Chart": {
      "acc": 0.3687049841544224,
      "f1": 0.3860558069381599,
      "count": 178
    },
    "Figure": {
      "acc": 0.26871984887998257,
      "f1": 0.2734112480932667,
      "count": 293
    },
    "Generalized-text (Layout)": {
      "acc": 0.32429162141046897,
      "f1": 0.3297430083144369,
      "count": 119
    },
    "Pure-text (Plain-text)": {
      "acc": 0.33909320568196716,
      "f1": 0.3520638251103275,
      "count": 298
    },
    "Table": {
      "acc": 0.4119917383437422,
      "f1": 0.4594076673091345,
      "count": 218
    }
  },
  "document_type_breakdowns": {
    "Academic paper": {
      "acc": 0.29479003515063146,
      "f1": 0.30386161921653826,
      "count": 204
    },
    "Administration/Industry file": {
      "acc": 0.4061064755120155,
      "f1": 0.41574999304278065,
      "count": 81
    },
    "Brochure": {
      "acc": 0.304720239465807,
      "f1": 0.3131782945736434,
      "count": 101
    },
    "Financial report": {
      "acc": 0.3644522713753483,
      "f1": 0.4025766390472273,
      "count": 117
    },
    "Guidebook": {
      "acc": 0.32836511253319406,
      "f1": 0.3176109923496217,
      "count": 156
    },
    "Research report / Introduction": {
      "acc": 0.39006646308604276,
      "f1": 0.3593426798437141,
      "count": 293
    },
    "Tutorial/Workshop": {
      "acc": 0.34881587452325996,
      "f1": 0.34751421938826726,
      "count": 139
    }
  },
  "answer_format_breakdowns": {
    "Float": {
      "acc": 0.41875,
      "f1": 0.4751773049645391,
      "count": 160
    },
    "Int": {
      "acc": 0.31724137931034485,
      "f1": 0.3285714285714286,
      "count": 290
    },
    "List": {
      "acc": 0.2203190531401816,
      "f1": 0.2313350057971907,
      "count": 147
    },
    "None": {
      "acc": 0.3073770491803279,
      "f1": 0.0,
      "count": 244
    },
    "Str": {
      "acc": 0.45624955444271825,
      "f1": 0.48127590131088427,
      "count": 250
    }
  },
  "sample_count": 1091,
  "completed_count": 1091,
  "failed_count": 0
}