{
  "overall_acc": 0.3157269547345554,
  "overall_f1": 0.2942751405680514,
  "breakdowns": {
    "single_page": {
      "acc": 0.38266814910486757,
      "f1": 0.41090796886430214,
      "count": 485
    },
    "cross_page": {
      "acc": 0.19204351029685413,
      "f1": 0.20811763670936614,
      "count": 369
    },
    "unanswerable": {
      "acc": 0.38114754098360654,
      "f1": 0.0,
      "count": 244
    }
  },
  "evidence_source_breakdowns": {
    "Chart": {
      "acc": 0.2784662201094785,
      "f1": 0.2985963083101637,
      "count": 178
    },
    "Figure": {
      "acc": 0.22696843986385806,
      "f1": 0.23432381136572106,
      "count": 293
    },
    "Generalized-text (Layout)": {
      "acc": 0.27056655995731627,
      "f1": 0.277310405643739,
      "count": 119
    },
    "Pure-text (Plain-text)": {
      "acc": 0.27591407496927944,
      "f1": 0.2945070421592761,
      "count": 298
    },
    "Table": {
      "acc": 0.37402028064751386,
      "f1": 0.419210391676905,
      "count": 218
    }
  },
  "document_type_breakdowns": {
    "Academic paper": {
      "acc": 0.253347816399287,
      "f1": 0.24101529311809686,
      "count": 204
    },
    "Administration/Industry file": {
      "acc": 0.3392287985152909,
      "f1": 0.31818566932946024,
      "count": 81
    },
    "Brochure": {
      "acc": 0.27501726916877733,
      "f1": 0.2549293765159081,
      "count": 101
    },
    "Financial report": {
      "acc": 0.3302642371873141,
      "f1": 0.35869138187819505,
      "count": 117
    },
    "Guidebook": {
      "acc": 0.3423684702865518,
      "f1": 0.33397865563306844,
      "count": 156
    },
    "Research report / Introduction": {
      "acc": 0.35555755144402534,
      "f1": 0.2949247175253367,
      "count": 293
    },
    "Tutorial/Workshop": {
      "acc": 0.29706558644203657,
      "f1": 0.289496665351679,
      "count": 139
    }
  },
  "answer_format_breakdowns": {
    "Float": {
      "acc": 0.30625,
      "f1": 0.35897435897435903,
      "count": 160
    },
    "Int": {
      "acc": 0.2793103448275862,
      "f1": 0.29294755877034356,
      "count": 290
    },
    "List": {
      "acc": 0.20639077620170057,
      "f1": 0.22226698975567755,
      "count": 147
    },
    "None": {
      "acc": 0.38114754098360654,
      "f1": 0.0,
      "count": 244
    },
    "Str": {
      "acc": 0.36447465405499985,
      "f1": 0.39703121356753796,
      "count": 250
    }
  },
  "sample_count": 1091,
  "completed_count": 1091,
  "failed_count": 0
}