{
  "overall_acc": 0.5009762514204232,
  "overall_f1": 0.5047918826204127,
  "breakdowns": {
    "single_page": {
      "acc": 0.6415316988818647,
      "f1": 0.6598567213611619,
      "count": 485
    },
    "cross_page": {
      "acc": 0.3940981472682313,
      "f1": 0.40564077082838873,
      "count": 369
    },
    "unanswerable": {
      "acc": 0.3770491803278688,
      "f1": 0.0,
      "count": 244
    }
  },
  "evidence_source_breakdowns": {
    "Chart": {
      "acc": 0.4995001614062126,
      "f1": 0.51098292373739,
      "count": 178
    },
    "Figure": {
      "acc": 0.47611950567304023,
      "f1": 0.4858763786650205,
      "count": 293
    },
    "Generalized-text (Layout)": {
      "acc": 0.47590699219646454,
      "f1": 0.4819824006074832,
      "count": 119
    },
    "Pure-text (Plain-text)": {
      "acc": 0.5268394775267469,
      "f1": 0.5429007506233645,
      "count": 298
    },
    "Table": {
      "acc": 0.5487352861206073,
      "f1": 0.5716833367435776,
      "count": 218
    }
  },
  "document_type_breakdowns": {
    "Academic paper": {
      "acc": 0.3949614607696274,
      "f1": 0.4153560477433074,
      "count": 204
    },
    "Administration/Industry file": {
      "acc": 0.6009006914087293,
      "f1": 0.6427763453828355,
      "count": 81
    },
    "Brochure": {
      "acc": 0.46421618906076656,
      "f1": 0.4838560366288452,
      "count": 101
    },
    "Financial report": {
      "acc": 0.5534266303497073,
      "f1": 0.577303533825273,
      "count": 117
    },
    "Guidebook": {
      "acc": 0.5326221493560203,
      "f1": 0.5261886690159935,
      "count": 156
    },
    "Research report / Introduction": {
      "acc": 0.4994320012271042,
      "f1": 0.4653548199542299,
      "count": 293
    },
    "Tutorial/Workshop": {
      "acc": 0.5486375093053004,
      "f1": 0.5544821237944498,
      "count": 139
    }
  },
  "answer_format_breakdowns": {
    "Float": {
      "acc": 0.575,
      "f1": 0.6013071895424835,
      "count": 160
    },
    "Int": {
      "acc": 0.46206896551724136,
      "f1": 0.47100175746924433,
      "count": 290
    },
    "List": {
      "acc": 0.410868306169511,
      "f1": 0.4208894843687673,
      "count": 147
    },
    "None": {
      "acc": 0.3770491803278688,
      "f1": 0.0,
      "count": 244
    },
    "Str": {
      "acc": 0.6726697971710542,
      "f1": 0.6906260751242856,
      "count": 250
    }
  }
}