{
  "overall_acc": 0.45547403814317994,
  "overall_f1": 0.4574665662780698,
  "breakdowns": {
    "single_page": {
      "acc": 0.5877834845797753,
      "f1": 0.6029286262432183,
      "count": 485
    },
    "cross_page": {
      "acc": 0.35730944605154014,
      "f1": 0.36726235541230723,
      "count": 369
    },
    "unanswerable": {
      "acc": 0.3360655737704918,
      "f1": 0.0,
      "count": 244
    }
  },
  "evidence_source_breakdowns": {
    "Chart": {
      "acc": 0.4422850306722601,
      "f1": 0.4511560771327352,
      "count": 178
    },
    "Figure": {
      "acc": 0.4325264646037597,
      "f1": 0.4399656230296352,
      "count": 293
    },
    "Generalized-text (Layout)": {
      "acc": 0.4304870479153453,
      "f1": 0.4359826272504348,
      "count": 119
    },
    "Pure-text (Plain-text)": {
      "acc": 0.4645819743854742,
      "f1": 0.47791743736207115,
      "count": 298
    },
    "Table": {
      "acc": 0.5251441983093359,
      "f1": 0.5468984830430613,
      "count": 218
    }
  },
  "document_type_breakdowns": {
    "Academic paper": {
      "acc": 0.37485749737773205,
      "f1": 0.4027701733238667,
      "count": 204
    },
    "Administration/Industry file": {
      "acc": 0.515385915913795,
      "f1": 0.5457219604086957,
      "count": 81
    },
    "Brochure": {
      "acc": 0.39346033298735433,
      "f1": 0.4039476003688696,
      "count": 101
    },
    "Financial report": {
      "acc": 0.5436184168829572,
      "f1": 0.5758778239160001,
      "count": 117
    },
    "Guidebook": {
      "acc": 0.473117417976289,
      "f1": 0.46723685315860214,
      "count": 156
    },
    "Research report / Introduction": {
      "acc": 0.44784629477462246,
      "f1": 0.403584089142076,
      "count": 293
    },
    "Tutorial/Workshop": {
      "acc": 0.5060205538118012,
      "f1": 0.5111404748320032,
      "count": 139
    }
  },
  "answer_format_breakdowns": {
    "Float": {
      "acc": 0.5625,
      "f1": 0.5921052631578947,
      "count": 160
    },
    "Int": {
      "acc": 0.4241379310344828,
      "f1": 0.4308231173380035,
      "count": 290
    },
    "List": {
      "acc": 0.36758017887306815,
      "f1": 0.37393969753869216,
      "count": 147
    },
    "None": {
      "acc": 0.3360655737704918,
      "f1": 0.0,
      "count": 244
    },
    "Str": {
      "acc": 0.5915515572794733,
      "f1": 0.6060979070486406,
      "count": 250
    }
  },
  "sample_count": 1091,
  "completed_count": 1091,
  "failed_count": 0
}