{
  "overall_acc": 0.495948792127755,
  "overall_f1": 0.49870086864117785,
  "breakdowns": {
    "single_page": {
      "acc": 0.6333945925935359,
      "f1": 0.6514330360893594,
      "count": 485
    },
    "cross_page": {
      "acc": 0.38992887480627586,
      "f1": 0.4013493857838655,
      "count": 369
    },
    "unanswerable": {
      "acc": 0.3770491803278688,
      "f1": 0.0,
      "count": 244
    }
  },
  "evidence_source_breakdowns": {
    "Chart": {
      "acc": 0.4995001614062126,
      "f1": 0.51098292373739,
      "count": 178
    },
    "Figure": {
      "acc": 0.46559618371627115,
      "f1": 0.47498120787585674,
      "count": 293
    },
    "Generalized-text (Layout)": {
      "acc": 0.46470251040374744,
      "f1": 0.47063488287698674,
      "count": 119
    },
    "Pure-text (Plain-text)": {
      "acc": 0.5184207942646311,
      "f1": 0.5341134735231525,
      "count": 298
    },
    "Table": {
      "acc": 0.5461686631411402,
      "f1": 0.568986836456716,
      "count": 218
    }
  },
  "document_type_breakdowns": {
    "Academic paper": {
      "acc": 0.385157539201,
      "f1": 0.4034157492358447,
      "count": 204
    },
    "Administration/Industry file": {
      "acc": 0.5885550123963836,
      "f1": 0.6283878561742025,
      "count": 81
    },
    "Brochure": {
      "acc": 0.4609158590277632,
      "f1": 0.4799112634533028,
      "count": 101
    },
    "Financial report": {
      "acc": 0.5521654254299657,
      "f1": 0.5758778239160001,
      "count": 117
    },
    "Guidebook": {
      "acc": 0.5290354582693292,
      "f1": 0.5218002469805126,
      "count": 156
    },
    "Research report / Introduction": {
      "acc": 0.4950178942874,
      "f1": 0.4596947178389856,
      "count": 293
    },
    "Tutorial/Workshop": {
      "acc": 0.547549691776518,
      "f1": 0.5532167962923515,
      "count": 139
    }
  },
  "answer_format_breakdowns": {
    "Float": {
      "acc": 0.575,
      "f1": 0.6013071895424835,
      "count": 160
    },
    "Int": {
      "acc": 0.46206896551724136,
      "f1": 0.47100175746924433,
      "count": 290
    },
    "List": {
      "acc": 0.404931264686251,
      "f1": 0.41480763699567175,
      "count": 147
    },
    "None": {
      "acc": 0.3770491803278688,
      "f1": 0.0,
      "count": 244
    },
    "Str": {
      "acc": 0.6542209452100073,
      "f1": 0.6716847486755722,
      "count": 250
    }
  }
}