{
  "overall_acc": 0.48157685817516105,
  "overall_f1": 0.4863313251456566,
  "breakdowns": {
    "single_page": {
      "acc": 0.6208037727604481,
      "f1": 0.6383987829003571,
      "count": 485
    },
    "cross_page": {
      "acc": 0.3802453183747519,
      "f1": 0.39138221054472366,
      "count": 369
    },
    "unanswerable": {
      "acc": 0.3524590163934426,
      "f1": 0.0,
      "count": 244
    }
  },
  "evidence_source_breakdowns": {
    "Chart": {
      "acc": 0.4823653299455384,
      "f1": 0.4934541881052059,
      "count": 178
    },
    "Figure": {
      "acc": 0.4574740678723124,
      "f1": 0.46657209147204076,
      "count": 293
    },
    "Generalized-text (Layout)": {
      "acc": 0.46351415627421677,
      "f1": 0.46943135826920673,
      "count": 119
    },
    "Pure-text (Plain-text)": {
      "acc": 0.5040392027018314,
      "f1": 0.5191022150793198,
      "count": 298
    },
    "Table": {
      "acc": 0.5389056661992442,
      "f1": 0.5613563143683625,
      "count": 218
    }
  },
  "document_type_breakdowns": {
    "Academic paper": {
      "acc": 0.3692261666519803,
      "f1": 0.39360319286055784,
      "count": 204
    },
    "Administration/Industry file": {
      "acc": 0.5885550123963836,
      "f1": 0.6283878561742025,
      "count": 81
    },
    "Brochure": {
      "acc": 0.45101486892875337,
      "f1": 0.46807694392667565,
      "count": 101
    },
    "Financial report": {
      "acc": 0.5436184168829572,
      "f1": 0.5662159881672078,
      "count": 117
    },
    "Guidebook": {
      "acc": 0.49875844361731464,
      "f1": 0.49067435315860214,
      "count": 156
    },
    "Research report / Introduction": {
      "acc": 0.4877093135999797,
      "f1": 0.4503231023404554,
      "count": 293
    },
    "Tutorial/Workshop": {
      "acc": 0.5219011197250683,
      "f1": 0.5416880631552436,
      "count": 139
    }
  },
  "answer_format_breakdowns": {
    "Float": {
      "acc": 0.575,
      "f1": 0.6013071895424835,
      "count": 160
    },
    "Int": {
      "acc": 0.46206896551724136,
      "f1": 0.47100175746924433,
      "count": 290
    },
    "List": {
      "acc": 0.3977884075433939,
      "f1": 0.4074905638249401,
      "count": 147
    },
    "None": {
      "acc": 0.3524590163934426,
      "f1": 0.0,
      "count": 244
    },
    "Str": {
      "acc": 0.6197018254408875,
      "f1": 0.6362441739639502,
      "count": 250
    }
  },
  "sample_count": 1091,
  "completed_count": 1091,
  "failed_count": 0
}