{
  "overall_acc": 0.48834434977308344,
  "overall_f1": 0.4894877130510096,
  "breakdowns": {
    "single_page": {
      "acc": 0.6215941507673209,
      "f1": 0.6392169970590196,
      "count": 485
    },
    "cross_page": {
      "acc": 0.3829553454750229,
      "f1": 0.3941716108236637,
      "count": 369
    },
    "unanswerable": {
      "acc": 0.3770491803278688,
      "f1": 0.0,
      "count": 244
    }
  },
  "evidence_source_breakdowns": {
    "Chart": {
      "acc": 0.4882642063500328,
      "f1": 0.4994886708638267,
      "count": 178
    },
    "Figure": {
      "acc": 0.45861172430007113,
      "f1": 0.4677499477735719,
      "count": 293
    },
    "Generalized-text (Layout)": {
      "acc": 0.46351415627421677,
      "f1": 0.46943135826920673,
      "count": 119
    },
    "Pure-text (Plain-text)": {
      "acc": 0.5073949073998181,
      "f1": 0.5226048420495474,
      "count": 298
    },
    "Table": {
      "acc": 0.5404347181870118,
      "f1": 0.562962740071174,
      "count": 218
    }
  },
  "document_type_breakdowns": {
    "Academic paper": {
      "acc": 0.3790300882206078,
      "f1": 0.3959530626686806,
      "count": 204
    },
    "Administration/Industry file": {
      "acc": 0.5885550123963836,
      "f1": 0.6283878561742025,
      "count": 81
    },
    "Brochure": {
      "acc": 0.45101486892875337,
      "f1": 0.46807694392667565,
      "count": 101
    },
    "Financial report": {
      "acc": 0.5436184168829572,
      "f1": 0.5662159881672078,
      "count": 117
    },
    "Guidebook": {
      "acc": 0.5051687000275711,
      "f1": 0.4925985663082437,
      "count": 156
    },
    "Research report / Introduction": {
      "acc": 0.49112228288325616,
      "f1": 0.45469946995533506,
      "count": 293
    },
    "Tutorial/Workshop": {
      "acc": 0.546241647303006,
      "f1": 0.5516953052311114,
      "count": 139
    }
  },
  "answer_format_breakdowns": {
    "Float": {
      "acc": 0.575,
      "f1": 0.6013071895424835,
      "count": 160
    },
    "Int": {
      "acc": 0.46206896551724136,
      "f1": 0.47100175746924433,
      "count": 290
    },
    "List": {
      "acc": 0.404931264686251,
      "f1": 0.41480763699567175,
      "count": 147
    },
    "None": {
      "acc": 0.3770491803278688,
      "f1": 0.0,
      "count": 244
    },
    "Str": {
      "acc": 0.6210351587742208,
      "f1": 0.6376130993575162,
      "count": 250
    }
  }
}