{
  "overall_acc": 0.3968950208292849,
  "avg_acc": 0.3968950208292849,
  "rectified_avg_acc": 0.3968950208292849,
  "fine_grained_metrics": {
    "Main_Task": {
      "Understanding": 0.45549701694043326,
      "Reasoning": 0.3989849792480787,
      "Locating": 0.2909222221613271
    },
    "Element_Type": {
      "Text": 0.4539063062589787,
      "Layout": 0.2979817072699519,
      "Figure": 0.4242097096620187,
      "Table": 0.3766921818980299
    },
    "Evidence_Pages": {
      "Single_Page": 0.4224256345098825,
      "Multi_Page": 0.37411009690609737
    },
    "Num_of_Element_Types": {
      "Cross_Element": 0.3711602318242285
    },
    "Fine_Grained": {
      "Understanding": {
        "Single_Page": {
          "Text": 0.43227902872363183,
          "Layout": 0.3724911727146797,
          "Figure": 0.4795989499794894,
          "Table": 0.4672041528609088
        },
        "Multi_Page": {
          "Text": 0.4887617806016122,
          "Layout": 0.4334800016896645,
          "Figure": 0.4559672518006463,
          "Table": 0.4175268661079348
        }
      },
      "Reasoning": {
        "Single_Page": {
          "Text": 0.3193222834080935,
          "Layout": 0.31440761136031165,
          "Figure": 0.4642857142857143,
          "Table": 0.4474097331240188
        },
        "Multi_Page": {
          "Text": 0.4577282138151703,
          "Layout": 0.225,
          "Figure": 0.4179084967320261,
          "Table": 0.2625150523467494
        }
      },
      "Locating": {
        "Cross_Element": {
          "Cross_Title": 0.2064288261579668,
          "Cross_Table": 0.0961739072312501,
          "Para_Title": 0.4181714981782609,
          "Figure_Table": 0.39520061810740986
        }
      }
    }
  },
  "sample_count": 2325,
  "completed_count": 2325,
  "failed_count": 0
}