{
  "overall_acc": 0.4380237780971537,
  "avg_acc": 0.4380237780971537,
  "rectified_avg_acc": 0.4378353807732409,
  "fine_grained_metrics": {
    "Main_Task": {
      "Understanding": 0.495042383826131,
      "Reasoning": 0.4448725838057546,
      "Locating": 0.33160271549507486
    },
    "Element_Type": {
      "Text": 0.49733918245831565,
      "Layout": 0.3274007120698261,
      "Figure": 0.46948426320550624,
      "Table": 0.4216619839788885
    },
    "Evidence_Pages": {
      "Single_Page": 0.4618933888870229,
      "Multi_Page": 0.41642561018697793
    },
    "Num_of_Element_Types": {
      "Cross_Element": 0.4116908699267875
    },
    "Fine_Grained": {
      "Understanding": {
        "Single_Page": {
          "Text": 0.4638945470095262,
          "Layout": 0.35054338940794333,
          "Figure": 0.5335846236949442,
          "Table": 0.5108167269771396
        },
        "Multi_Page": {
          "Text": 0.5364446259166654,
          "Layout": 0.4627142847946358,
          "Figure": 0.49152146724738066,
          "Table": 0.4871903444846187
        }
      },
      "Reasoning": {
        "Single_Page": {
          "Text": 0.34988839285714285,
          "Layout": 0.41629464285714285,
          "Figure": 0.5714285714285714,
          "Table": 0.46781789638932497
        },
        "Multi_Page": {
          "Text": 0.4952380952380952,
          "Layout": 0.275,
          "Figure": 0.4816993464052287,
          "Table": 0.339524275008146
        }
      },
      "Locating": {
        "Cross_Element": {
          "Cross_Title": 0.2340790950724919,
          "Cross_Table": 0.11825271204276681,
          "Para_Title": 0.4789311951850299,
          "Figure_Table": 0.4454570290119847
        }
      }
    }
  },
  "sample_count": 2325,
  "completed_count": 2324,
  "failed_count": 1
}