{
  "overall_acc": 0.4740704401190539,
  "avg_acc": 0.4740704401190539,
  "rectified_avg_acc": 0.4740704401190539,
  "fine_grained_metrics": {
    "Main_Task": {
      "Understanding": 0.5381911568943513,
      "Reasoning": 0.46714178747030705,
      "Locating": 0.36324934317426255
    },
    "Element_Type": {
      "Text": 0.5385982522676693,
      "Layout": 0.36540465234317326,
      "Figure": 0.49941766629525014,
      "Table": 0.4623203186993756
    },
    "Evidence_Pages": {
      "Single_Page": 0.5151851364712338,
      "Multi_Page": 0.43756271008085823
    },
    "Num_of_Element_Types": {
      "Cross_Element": 0.45693178036447807
    },
    "Fine_Grained": {
      "Understanding": {
        "Single_Page": {
          "Text": 0.514647426145519,
          "Layout": 0.4531870019439301,
          "Figure": 0.5468824960353696,
          "Table": 0.5724541192162956
        },
        "Multi_Page": {
          "Text": 0.5766370377089641,
          "Layout": 0.5190871308267073,
          "Figure": 0.4980571012109994,
          "Table": 0.48725807489050293
        }
      },
      "Reasoning": {
        "Single_Page": {
          "Text": 0.39988839285714284,
          "Layout": 0.5829613095238095,
          "Figure": 0.6428571428571429,
          "Table": 0.5290423861852434
        },
        "Multi_Page": {
          "Text": 0.5195859213250518,
          "Layout": 0.275,
          "Figure": 0.45581699346405224,
          "Table": 0.3484834317933897
        }
      },
      "Locating": {
        "Cross_Element": {
          "Cross_Title": 0.24671575309811897,
          "Cross_Table": 0.12434097935394435,
          "Para_Title": 0.5173347081068325,
          "Figure_Table": 0.5035783927452703
        }
      }
    }
  },
  "sample_count": 2325,
  "completed_count": 2325,
  "failed_count": 0
}