{
  "overall_acc": 0.43449134489072094,
  "avg_acc": 0.43449134489072094,
  "rectified_avg_acc": 0.43449134489072094,
  "fine_grained_metrics": {
    "Main_Task": {
      "Understanding": 0.49362215631210776,
      "Reasoning": 0.4444085855627063,
      "Locating": 0.3232142646938257
    },
    "Element_Type": {
      "Text": 0.49608483038577567,
      "Layout": 0.3243874243258431,
      "Figure": 0.4548684303028603,
      "Table": 0.42267282413495805
    },
    "Evidence_Pages": {
      "Single_Page": 0.4597866092955612,
      "Multi_Page": 0.4119766887777169
    },
    "Num_of_Element_Types": {
      "Cross_Element": 0.41149366766935935
    },
    "Fine_Grained": {
      "Understanding": {
        "Single_Page": {
          "Text": 0.45614257604762565,
          "Layout": 0.3481935430218997,
          "Figure": 0.49636739925948853,
          "Table": 0.5287278834748507
        },
        "Multi_Page": {
          "Text": 0.5409121018884301,
          "Layout": 0.4762881128810902,
          "Figure": 0.47600803524449337,
          "Table": 0.46805753511686476
        }
      },
      "Reasoning": {
        "Single_Page": {
          "Text": 0.3889234805764411,
          "Layout": 0.41629464285714285,
          "Figure": 0.5714285714285714,
          "Table": 0.46781789638932497
        },
        "Multi_Page": {
          "Text": 0.4942499529456051,
          "Layout": 0.275,
          "Figure": 0.4464052287581699,
          "Table": 0.3287855673439197
        }
      },
      "Locating": {
        "Cross_Element": {
          "Cross_Title": 0.23414718631699735,
          "Cross_Table": 0.10384020870269862,
          "Para_Title": 0.4594718923996289,
          "Figure_Table": 0.4395619651826977
        }
      }
    }
  },
  "sample_count": 2325,
  "completed_count": 2325,
  "failed_count": 0
}