{
  "Main_Task": {
    "Understanding": 0.5736210890912986,
    "Reasoning": 0.4592722057847011,
    "Locating": 0.400108734604046
  },
  "Element_Type": {
    "Text": 0.5924056968093151,
    "Layout": 0.468075183817784,
    "Figure": 0.4819716371461978,
    "Table": 0.4126050683003512
  },
  "Evidence_Pages": {
    "Single_Page": 0.4822270592069338,
    "Multi_Page": 0.5210284861220182
  },
  "Num_of_Element_Types": {
    "Cross_Element": 0.47173727030633866
  },
  "Fine_Grained": {
    "Understanding": {
      "Single_Page": {
        "Text": 0.5754378981400329,
        "Layout": 0.5802186880863552,
        "Figure": 0.5073309428242782,
        "Table": 0.5001319944576709
      },
      "Multi_Page": {
        "Text": 0.6329562108046868,
        "Layout": 0.5867488787943692,
        "Figure": 0.5708171341041693,
        "Table": 0.5213204893030604
      }
    },
    "Reasoning": {
      "Single_Page": {
        "Text": 0.5106013531755353,
        "Layout": 0.647740944693645,
        "Figure": 0.39285714285714285,
        "Table": 0.3469387755102041
      },
      "Multi_Page": {
        "Text": 0.5559100319969885,
        "Layout": 0.55,
        "Figure": 0.5169934640522875,
        "Table": 0.4118473060120657
      }
    },
    "Locating": {
      "Cross_Element": {
        "Cross_Title": 0.43386259171979075,
        "Cross_Table": 0.14977024076605708,
        "Para_Title": 0.547879838080577,
        "Figure_Table": 0.41964762537044026
      }
    }
  }
}