{
  "avg_acc": 0.5027203991092366,
  "rectified_avg_acc": 0.5027203991092366
}