{
  "overall_acc": 0.4884066029324879,
  "overall_f1": 0.4530670016090951,
  "breakdowns": {
    "single_page": {
      "acc": 0.5687217119740272,
      "f1": 0.6127376251298715,
      "count": 485
    },
    "cross_page": {
      "acc": 0.25751103927355307,
      "f1": 0.28969991918274723,
      "count": 369
    },
    "unanswerable": {
      "acc": 0.6844262295081968,
      "f1": 0.0,
      "count": 244
    }
  },
  "evidence_source_breakdowns": {
    "Chart": {
      "acc": 0.4044943820224719,
      "f1": 0.43636363636363634,
      "count": 178
    },
    "Figure": {
      "acc": 0.3465025148138369,
      "f1": 0.3805936399252552,
      "count": 293
    },
    "Generalized-text (Layout)": {
      "acc": 0.3990985512602653,
      "f1": 0.42653878532084005,
      "count": 119
    },
    "Pure-text (Plain-text)": {
      "acc": 0.4426669086236662,
      "f1": 0.475149957622085,
      "count": 298
    },
    "Table": {
      "acc": 0.4342507645259939,
      "f1": 0.4916885389326335,
      "count": 218
    }
  },
  "document_type_breakdowns": {
    "Academic paper": {
      "acc": 0.45087721847632334,
      "f1": 0.4068698425906664,
      "count": 204
    },
    "Administration/Industry file": {
      "acc": 0.5220643871064916,
      "f1": 0.49682410978546,
      "count": 81
    },
    "Brochure": {
      "acc": 0.4453142988717476,
      "f1": 0.4130232558139535,
      "count": 101
    },
    "Financial report": {
      "acc": 0.5294871794871795,
      "f1": 0.5864130434782608,
      "count": 117
    },
    "Guidebook": {
      "acc": 0.49668655717042814,
      "f1": 0.45908242848572345,
      "count": 156
    },
    "Research report / Introduction": {
      "acc": 0.4916865841084973,
      "f1": 0.4195863573194685,
      "count": 293
    },
    "Tutorial/Workshop": {
      "acc": 0.5043987023462267,
      "f1": 0.4589852301507057,
      "count": 139
    }
  },
  "answer_format_breakdowns": {
    "Float": {
      "acc": 0.50625,
      "f1": 0.5785714285714286,
      "count": 160
    },
    "Int": {
      "acc": 0.29310344827586204,
      "f1": 0.3225806451612903,
      "count": 290
    },
    "List": {
      "acc": 0.3399903466202079,
      "f1": 0.36748956583213643,
      "count": 147
    },
    "None": {
      "acc": 0.6844262295081968,
      "f1": 0.0,
      "count": 244
    },
    "Str": {
      "acc": 0.599492091384695,
      "f1": 0.6530414938831101,
      "count": 250
    }
  },
  "sample_count": 1091,
  "completed_count": 1091,
  "failed_count": 0
}