{
  "overall_acc": 0.4991950002408073,
  "overall_f1": 0.465078756712654,
  "breakdowns": {
    "single_page": {
      "acc": 0.5511604947220844,
      "f1": 0.6041915374340137,
      "count": 485
    },
    "cross_page": {
      "acc": 0.27996993312333285,
      "f1": 0.32284032913284316,
      "count": 369
    },
    "unanswerable": {
      "acc": 0.7377049180327869,
      "f1": 0.0,
      "count": 244
    }
  },
  "evidence_source_breakdowns": {
    "Chart": {
      "acc": 0.43698501872659173,
      "f1": 0.48312629399585916,
      "count": 178
    },
    "Figure": {
      "acc": 0.3766578153211048,
      "f1": 0.41937789019173327,
      "count": 293
    },
    "Generalized-text (Layout)": {
      "acc": 0.4012704709212878,
      "f1": 0.44104892490220043,
      "count": 119
    },
    "Pure-text (Plain-text)": {
      "acc": 0.43964249847054876,
      "f1": 0.47913864845712373,
      "count": 298
    },
    "Table": {
      "acc": 0.4398933051118696,
      "f1": 0.5155738737332665,
      "count": 218
    }
  },
  "document_type_breakdowns": {
    "Academic paper": {
      "acc": 0.5201908368922772,
      "f1": 0.47141128530120785,
      "count": 204
    },
    "Administration/Industry file": {
      "acc": 0.49638890348507525,
      "f1": 0.47948414575065235,
      "count": 81
    },
    "Brochure": {
      "acc": 0.43564356435643564,
      "f1": 0.38620689655172413,
      "count": 101
    },
    "Financial report": {
      "acc": 0.41025641025641024,
      "f1": 0.449438202247191,
      "count": 117
    },
    "Guidebook": {
      "acc": 0.5083684472349961,
      "f1": 0.49601325353057746,
      "count": 156
    },
    "Research report / Introduction": {
      "acc": 0.5231722651338243,
      "f1": 0.44982102611692953,
      "count": 293
    },
    "Tutorial/Workshop": {
      "acc": 0.5302184309462962,
      "f1": 0.5114320181098588,
      "count": 139
    }
  },
  "answer_format_breakdowns": {
    "Float": {
      "acc": 0.45,
      "f1": 0.5313653136531366,
      "count": 160
    },
    "Int": {
      "acc": 0.31724137931034485,
      "f1": 0.3538461538461538,
      "count": 290
    },
    "List": {
      "acc": 0.3590184697067233,
      "f1": 0.39532370821639196,
      "count": 147
    },
    "None": {
      "acc": 0.7377049180327869,
      "f1": 0.0,
      "count": 244
    },
    "Str": {
      "acc": 0.5913841208633296,
      "f1": 0.6629866825822079,
      "count": 250
    }
  },
  "sample_count": 1091,
  "completed_count": 1091,
  "failed_count": 0
}