{
  "overall_acc": 0.38353650177651666,
  "avg_acc": 0.38353650177651666,
  "rectified_avg_acc": 0.38353650177651666,
  "fine_grained_metrics": {
    "Main_Task": {
      "Understanding": 0.44399518714602787,
      "Reasoning": 0.3228774485340154,
      "Locating": 0.30918385097154627
    },
    "Element_Type": {
      "Text": 0.4769454282478926,
      "Layout": 0.3283121816343902,
      "Figure": 0.3878854383006746,
      "Table": 0.3097353528887855
    },
    "Evidence_Pages": {
      "Single_Page": 0.41109934154024574,
      "Multi_Page": 0.35966730595683954
    },
    "Num_of_Element_Types": {
      "Cross_Element": 0.36934887713506254
    },
    "Fine_Grained": {
      "Understanding": {
        "Single_Page": {
          "Text": 0.4832056665026377,
          "Layout": 0.4720199451915402,
          "Figure": 0.42003673069520797,
          "Table": 0.3706314404026598
        },
        "Multi_Page": {
          "Text": 0.5036134540368361,
          "Layout": 0.4713520699691306,
          "Figure": 0.36847022623503034,
          "Table": 0.32501357457760294
        }
      },
      "Reasoning": {
        "Single_Page": {
          "Text": 0.46257398267626704,
          "Layout": 0.6524205219643681,
          "Figure": 0.5,
          "Table": 0.26403061224489793
        },
        "Multi_Page": {
          "Text": 0.3891511387163561,
          "Layout": 0.275,
          "Figure": 0.3499346405228758,
          "Table": 0.19824330259112868
        }
      },
      "Locating": {
        "Cross_Element": {
          "Cross_Title": 0.2105999134061991,
          "Cross_Table": 0.06342699945538932,
          "Para_Title": 0.45676925296694887,
          "Figure_Table": 0.4414848668516346
        }
      }
    }
  },
  "sample_count": 2325,
  "completed_count": 2325,
  "failed_count": 0
}