{
  "overall_acc": 0.43271606490274706,
  "avg_acc": 0.43271606490274706,
  "rectified_avg_acc": 0.43271606490274706,
  "fine_grained_metrics": {
    "Main_Task": {
      "Understanding": 0.4904983609504494,
      "Reasoning": 0.3678268033854387,
      "Locating": 0.36550563356448
    },
    "Element_Type": {
      "Text": 0.5258355188641333,
      "Layout": 0.3737671041110697,
      "Figure": 0.44945694317802815,
      "Table": 0.36612859860850966
    },
    "Evidence_Pages": {
      "Single_Page": 0.4507670034576486,
      "Multi_Page": 0.4173792813981114
    },
    "Num_of_Element_Types": {
      "Cross_Element": 0.4287067379562396
    },
    "Fine_Grained": {
      "Understanding": {
        "Single_Page": {
          "Text": 0.5136365226146236,
          "Layout": 0.5071391717248687,
          "Figure": 0.4660259740504008,
          "Table": 0.41178044536740993
        },
        "Multi_Page": {
          "Text": 0.5599728344923409,
          "Layout": 0.506599773732518,
          "Figure": 0.4486198321872009,
          "Table": 0.4024286018200793
        }
      },
      "Reasoning": {
        "Single_Page": {
          "Text": 0.4974589908637873,
          "Layout": 0.6930803571428572,
          "Figure": 0.42857142857142855,
          "Table": 0.26403061224489793
        },
        "Multi_Page": {
          "Text": 0.45002070393374743,
          "Layout": 0.425,
          "Figure": 0.3969934640522875,
          "Table": 0.3141853315766359
        }
      },
      "Locating": {
        "Cross_Element": {
          "Cross_Title": 0.26720466592915504,
          "Cross_Table": 0.0708310010267569,
          "Para_Title": 0.5104375191731498,
          "Figure_Table": 0.5258165853656301
        }
      }
    }
  },
  "sample_count": 2325,
  "completed_count": 2325,
  "failed_count": 0
}