{
  "overall_acc": 0.3241102018041348,
  "avg_acc": 0.3241102018041348,
  "rectified_avg_acc": 0.3241102018041348,
  "fine_grained_metrics": {
    "Main_Task": {
      "Understanding": 0.4029311184367339,
      "Reasoning": 0.23359243485453407,
      "Locating": 0.23354326142309093
    },
    "Element_Type": {
      "Text": 0.4276739801373513,
      "Layout": 0.2647625242403308,
      "Figure": 0.33276950070718575,
      "Table": 0.24681024247176414
    },
    "Evidence_Pages": {
      "Single_Page": 0.3537163081769127,
      "Multi_Page": 0.29832869459938843
    },
    "Num_of_Element_Types": {
      "Cross_Element": 0.3162464015572443
    },
    "Fine_Grained": {
      "Understanding": {
        "Single_Page": {
          "Text": 0.4768106659745845,
          "Layout": 0.48449312774669007,
          "Figure": 0.408859559460424,
          "Table": 0.3173307362752864
        },
        "Multi_Page": {
          "Text": 0.4603524743182763,
          "Layout": 0.4003769081673887,
          "Figure": 0.3229986188574955,
          "Table": 0.26743419846446836
        }
      },
      "Reasoning": {
        "Single_Page": {
          "Text": 0.3443222834080935,
          "Layout": 0.397740944693645,
          "Figure": 0.32142857142857145,
          "Table": 0.15178571428571427
        },
        "Multi_Page": {
          "Text": 0.33697722567287786,
          "Layout": 0.2,
          "Figure": 0.3035294117647059,
          "Table": 0.127536231884058
        }
      },
      "Locating": {
        "Cross_Element": {
          "Cross_Title": 0.14848454648575823,
          "Cross_Table": 0.043852881080225836,
          "Para_Title": 0.3295806960394781,
          "Figure_Table": 0.35406560377443225
        }
      }
    }
  },
  "sample_count": 2325,
  "completed_count": 2325,
  "failed_count": 0
}