{
  "overall_acc": 0.42563528083333424,
  "avg_acc": 0.42563528083333424,
  "rectified_avg_acc": 0.42563528083333424,
  "fine_grained_metrics": {
    "Main_Task": {
      "Understanding": 0.485914283826614,
      "Reasoning": 0.3574896759998373,
      "Locating": 0.3557727604735027
    },
    "Element_Type": {
      "Text": 0.5082499540639442,
      "Layout": 0.3591861106797111,
      "Figure": 0.4284513700537628,
      "Table": 0.37122085356589657
    },
    "Evidence_Pages": {
      "Single_Page": 0.45214455863905767,
      "Multi_Page": 0.40277075231301845
    },
    "Num_of_Element_Types": {
      "Cross_Element": 0.40871738439389865
    },
    "Fine_Grained": {
      "Understanding": {
        "Single_Page": {
          "Text": 0.5229797130543536,
          "Layout": 0.5295445397493216,
          "Figure": 0.4481779215251467,
          "Table": 0.4053455576698557
        },
        "Multi_Page": {
          "Text": 0.5456332332032604,
          "Layout": 0.47872256671015984,
          "Figure": 0.4341480637719629,
          "Table": 0.38643065942894544
        }
      },
      "Reasoning": {
        "Single_Page": {
          "Text": 0.41932228340809347,
          "Layout": 0.647740944693645,
          "Figure": 0.42857142857142855,
          "Table": 0.3469387755102041
        },
        "Multi_Page": {
          "Text": 0.3891511387163561,
          "Layout": 0.3,
          "Figure": 0.33816993464052286,
          "Table": 0.2996925779534475
        }
      },
      "Locating": {
        "Cross_Element": {
          "Cross_Title": 0.25267925292797305,
          "Cross_Table": 0.09688738406808685,
          "Para_Title": 0.4854592267206863,
          "Figure_Table": 0.5097740876071378
        }
      }
    }
  },
  "sample_count": 2325,
  "completed_count": 2325,
  "failed_count": 0
}