{
  "overall_acc": 0.38451502732618603,
  "avg_acc": 0.38451502732618603,
  "rectified_avg_acc": 0.38451502732618603,
  "fine_grained_metrics": {
    "Main_Task": {
      "Understanding": 0.4499908530566256,
      "Reasoning": 0.31512551054951926,
      "Locating": 0.30605069870695345
    },
    "Element_Type": {
      "Text": 0.47389835520530005,
      "Layout": 0.3278036127734645,
      "Figure": 0.3821741658161037,
      "Table": 0.3134799417967462
    },
    "Evidence_Pages": {
      "Single_Page": 0.41254480727780346,
      "Multi_Page": 0.36023249120223033
    },
    "Num_of_Element_Types": {
      "Cross_Element": 0.36253580147999365
    },
    "Fine_Grained": {
      "Understanding": {
        "Single_Page": {
          "Text": 0.5025006258979807,
          "Layout": 0.5073747138796422,
          "Figure": 0.4447427387638371,
          "Table": 0.3708088966828081
        },
        "Multi_Page": {
          "Text": 0.49723225069028953,
          "Layout": 0.44448540884272325,
          "Figure": 0.379850734299953,
          "Table": 0.33556535096272233
        }
      },
      "Reasoning": {
        "Single_Page": {
          "Text": 0.46257398267626704,
          "Layout": 0.7357538552977014,
          "Figure": 0.42857142857142855,
          "Table": 0.26403061224489793
        },
        "Multi_Page": {
          "Text": 0.38045548654244304,
          "Layout": 0.25,
          "Figure": 0.314640522875817,
          "Table": 0.21273605621431707
        }
      },
      "Locating": {
        "Cross_Element": {
          "Cross_Title": 0.22274547228420288,
          "Cross_Table": 0.08537669224265468,
          "Para_Title": 0.4261173405201562,
          "Figure_Table": 0.4276963497765018
        }
      }
    }
  },
  "sample_count": 2325,
  "completed_count": 2325,
  "failed_count": 0
}