{
  "overall_acc": 0.3810000560274115,
  "avg_acc": 0.3810000560274115,
  "rectified_avg_acc": 0.3810000560274115,
  "fine_grained_metrics": {
    "Main_Task": {
      "Understanding": 0.4404518131360381,
      "Reasoning": 0.31254153122135386,
      "Locating": 0.31279130065175836
    },
    "Element_Type": {
      "Text": 0.4755411796248009,
      "Layout": 0.33043567902467524,
      "Figure": 0.38448220890749796,
      "Table": 0.30637216916831855
    },
    "Evidence_Pages": {
      "Single_Page": 0.40675341679578486,
      "Multi_Page": 0.3587346713056413
    },
    "Num_of_Element_Types": {
      "Cross_Element": 0.3705961928393702
    },
    "Fine_Grained": {
      "Understanding": {
        "Single_Page": {
          "Text": 0.493358435741618,
          "Layout": 0.4827342309058259,
          "Figure": 0.42379485857379817,
          "Table": 0.3657983495017642
        },
        "Multi_Page": {
          "Text": 0.49209167543400273,
          "Layout": 0.4571629267447879,
          "Figure": 0.36705953909023875,
          "Table": 0.3233256931542155
        }
      },
      "Reasoning": {
        "Single_Page": {
          "Text": 0.46257398267626704,
          "Layout": 0.7357538552977014,
          "Figure": 0.42857142857142855,
          "Table": 0.23341836734693877
        },
        "Multi_Page": {
          "Text": 0.39784679089026914,
          "Layout": 0.25,
          "Figure": 0.33816993464052286,
          "Table": 0.21273605621431707
        }
      },
      "Locating": {
        "Cross_Element": {
          "Cross_Title": 0.22001555380840157,
          "Cross_Table": 0.07254156948689701,
          "Para_Title": 0.4573441256443673,
          "Figure_Table": 0.4388330938045715
        }
      }
    }
  },
  "sample_count": 2325,
  "completed_count": 2325,
  "failed_count": 0
}