{
  "overall_acc": 0.39798488609278415,
  "avg_acc": 0.39798488609278415,
  "rectified_avg_acc": 0.39798488609278415,
  "fine_grained_metrics": {
    "Main_Task": {
      "Understanding": 0.4617787210443558,
      "Reasoning": 0.33582142134709964,
      "Locating": 0.3185050645269953
    },
    "Element_Type": {
      "Text": 0.49363959948171965,
      "Layout": 0.33510169072744306,
      "Figure": 0.39910069290665895,
      "Table": 0.33309696839112873
    },
    "Evidence_Pages": {
      "Single_Page": 0.4323832329829786,
      "Multi_Page": 0.3680650296872586
    },
    "Num_of_Element_Types": {
      "Cross_Element": 0.38513546592757314
    },
    "Fine_Grained": {
      "Understanding": {
        "Single_Page": {
          "Text": 0.5327606311614332,
          "Layout": 0.5246473178189128,
          "Figure": 0.4207987273607227,
          "Table": 0.3982901068932329
        },
        "Multi_Page": {
          "Text": 0.5087441770584171,
          "Layout": 0.4645087494432107,
          "Figure": 0.40585271850399784,
          "Table": 0.31958679361329634
        }
      },
      "Reasoning": {
        "Single_Page": {
          "Text": 0.46280691964285714,
          "Layout": 0.6260230654761905,
          "Figure": 0.42857142857142855,
          "Table": 0.31505102040816324
        },
        "Multi_Page": {
          "Text": 0.39784679089026914,
          "Layout": 0.25,
          "Figure": 0.3264052287581699,
          "Table": 0.2127360562143171
        }
      },
      "Locating": {
        "Cross_Element": {
          "Cross_Title": 0.2169626078520979,
          "Cross_Table": 0.07325091307853139,
          "Para_Title": 0.46025131561345956,
          "Figure_Table": 0.4565692224287928
        }
      }
    }
  },
  "sample_count": 2325,
  "completed_count": 2325,
  "failed_count": 0
}