{
  "overall_acc": 0.4287185396286692,
  "avg_acc": 0.4287185396286692,
  "rectified_avg_acc": 0.4287185396286692,
  "fine_grained_metrics": {
    "Main_Task": {
      "Understanding": 0.49451938836198195,
      "Reasoning": 0.3487413179879265,
      "Locating": 0.35556851056314365
    },
    "Element_Type": {
      "Text": 0.5222618133094292,
      "Layout": 0.3689781249371434,
      "Figure": 0.4467738324251009,
      "Table": 0.3605680669619381
    },
    "Evidence_Pages": {
      "Single_Page": 0.4611655295946707,
      "Multi_Page": 0.4005826673086834
    },
    "Num_of_Element_Types": {
      "Cross_Element": 0.4240740837208252
    },
    "Fine_Grained": {
      "Understanding": {
        "Single_Page": {
          "Text": 0.5259658054157758,
          "Layout": 0.5710240967776591,
          "Figure": 0.4634052647107535,
          "Table": 0.4250692235720552
        },
        "Multi_Page": {
          "Text": 0.5624310902455424,
          "Layout": 0.5096494960330717,
          "Figure": 0.45981069717544626,
          "Table": 0.3640756594004601
        }
      },
      "Reasoning": {
        "Single_Page": {
          "Text": 0.4378069196428571,
          "Layout": 0.5426897321428571,
          "Figure": 0.4642857142857143,
          "Table": 0.3252551020408163
        },
        "Multi_Page": {
          "Text": 0.4065424430641822,
          "Layout": 0.275,
          "Figure": 0.3499346405228758,
          "Table": 0.2272288098375055
        }
      },
      "Locating": {
        "Cross_Element": {
          "Cross_Title": 0.25108569466884606,
          "Cross_Table": 0.08213558474135557,
          "Para_Title": 0.5071640008030397,
          "Figure_Table": 0.505720079764154
        }
      }
    }
  },
  "sample_count": 2325,
  "completed_count": 2325,
  "failed_count": 0
}