{
  "overall_acc": 0.35929849534732994,
  "avg_acc": 0.35929849534732994,
  "rectified_avg_acc": 0.35929849534732994,
  "fine_grained_metrics": {
    "Main_Task": {
      "Understanding": 0.414337613005527,
      "Reasoning": 0.32057577900332085,
      "Locating": 0.2824237730106282
    },
    "Element_Type": {
      "Text": 0.45578966209678107,
      "Layout": 0.3229144195454431,
      "Figure": 0.36286007271974385,
      "Table": 0.27735669289897097
    },
    "Evidence_Pages": {
      "Single_Page": 0.3758411284798606,
      "Multi_Page": 0.34518264085695494
    },
    "Num_of_Element_Types": {
      "Cross_Element": 0.35524136605233636
    },
    "Fine_Grained": {
      "Understanding": {
        "Single_Page": {
          "Text": 0.4626051418990093,
          "Layout": 0.5344931277466901,
          "Figure": 0.3973435221620474,
          "Table": 0.2873257552248451
        },
        "Multi_Page": {
          "Text": 0.4809430027820567,
          "Layout": 0.45605337487481734,
          "Figure": 0.36499227729739436,
          "Table": 0.31858837963026726
        }
      },
      "Reasoning": {
        "Single_Page": {
          "Text": 0.4922790141773243,
          "Layout": 0.6409300472577476,
          "Figure": 0.42857142857142855,
          "Table": 0.24362244897959184
        },
        "Multi_Page": {
          "Text": 0.41523809523809524,
          "Layout": 0.325,
          "Figure": 0.30287581699346405,
          "Table": 0.24057739870096848
        }
      },
      "Locating": {
        "Cross_Element": {
          "Cross_Title": 0.21583603238504176,
          "Cross_Table": 0.06077122242511656,
          "Para_Title": 0.38495547898125476,
          "Figure_Table": 0.4004562990779078
        }
      }
    }
  },
  "sample_count": 2325,
  "completed_count": 2325,
  "failed_count": 0
}