{
  "overall_acc": 0.326453078693685,
  "avg_acc": 0.326453078693685,
  "rectified_avg_acc": 0.326453078693685,
  "fine_grained_metrics": {
    "Main_Task": {
      "Understanding": 0.39021252898847253,
      "Reasoning": 0.2537941293940839,
      "Locating": 0.2528790019491161
    },
    "Element_Type": {
      "Text": 0.42308047546990674,
      "Layout": 0.28517700489212855,
      "Figure": 0.3433595891478481,
      "Table": 0.2481841004456315
    },
    "Evidence_Pages": {
      "Single_Page": 0.3416281439568514,
      "Multi_Page": 0.31349906229103974
    },
    "Num_of_Element_Types": {
      "Cross_Element": 0.3299972778532315
    },
    "Fine_Grained": {
      "Understanding": {
        "Single_Page": {
          "Text": 0.440806925836823,
          "Layout": 0.5010028085420851,
          "Figure": 0.3934490693025067,
          "Table": 0.24813578317469256
        },
        "Multi_Page": {
          "Text": 0.45924007060118016,
          "Layout": 0.4128552378213528,
          "Figure": 0.3763384133194172,
          "Table": 0.3159221219995711
        }
      },
      "Reasoning": {
        "Single_Page": {
          "Text": 0.3928039811085412,
          "Layout": 0.6426799370284707,
          "Figure": 0.32142857142857145,
          "Table": 0.18239795918367346
        },
        "Multi_Page": {
          "Text": 0.35436853002070395,
          "Layout": 0.25,
          "Figure": 0.23294117647058823,
          "Table": 0.1837505489679403
        }
      },
      "Locating": {
        "Cross_Element": {
          "Cross_Title": 0.17645232723548815,
          "Cross_Table": 0.04687576156655685,
          "Para_Title": 0.33916136753507165,
          "Figure_Table": 0.3805737457602233
        }
      }
    }
  },
  "sample_count": 2325,
  "completed_count": 2325,
  "failed_count": 0
}