{
  "overall_acc": 0.45777603552711554,
  "avg_acc": 0.45777603552711554,
  "rectified_avg_acc": 0.45777603552711554,
  "fine_grained_metrics": {
    "Main_Task": {
      "Understanding": 0.5135324091876725,
      "Reasoning": 0.4143372212194754,
      "Locating": 0.38224459477457545
    },
    "Element_Type": {
      "Text": 0.553403372632517,
      "Layout": 0.3929232040454881,
      "Figure": 0.47631351551421686,
      "Table": 0.3853424529594733
    },
    "Evidence_Pages": {
      "Single_Page": 0.47425194746135374,
      "Multi_Page": 0.4433704141850905
    },
    "Num_of_Element_Types": {
      "Cross_Element": 0.44669268573080967
    },
    "Fine_Grained": {
      "Understanding": {
        "Single_Page": {
          "Text": 0.5495921089614569,
          "Layout": 0.5261600696102544,
          "Figure": 0.5165106034000025,
          "Table": 0.4274561266122349
        },
        "Multi_Page": {
          "Text": 0.574602512693236,
          "Layout": 0.5231678424697965,
          "Figure": 0.46850926970227674,
          "Table": 0.4371953586005066
        }
      },
      "Reasoning": {
        "Single_Page": {
          "Text": 0.5443222834080934,
          "Layout": 0.647740944693645,
          "Figure": 0.4642857142857143,
          "Table": 0.35714285714285715
        },
        "Multi_Page": {
          "Text": 0.5021946169772257,
          "Layout": 0.425,
          "Figure": 0.43228758169934633,
          "Table": 0.27070707070707073
        }
      },
      "Locating": {
        "Cross_Element": {
          "Cross_Title": 0.29251710566456984,
          "Cross_Table": 0.08721032042300374,
          "Para_Title": 0.5376964289335496,
          "Figure_Table": 0.5290525713963482
        }
      }
    }
  },
  "sample_count": 2325,
  "completed_count": 2325,
  "failed_count": 0
}