{
  "overall_acc": 0.44852313838747565,
  "avg_acc": 0.44852313838747565,
  "rectified_avg_acc": 0.44852313838747565,
  "fine_grained_metrics": {
    "Main_Task": {
      "Understanding": 0.5096969669101457,
      "Reasoning": 0.3866640426049044,
      "Locating": 0.3735596868970804
    },
    "Element_Type": {
      "Text": 0.5413494903558428,
      "Layout": 0.3870308119684062,
      "Figure": 0.43201349823110724,
      "Table": 0.3861938225545192
    },
    "Evidence_Pages": {
      "Single_Page": 0.47557698219620603,
      "Multi_Page": 0.42521191480522463
    },
    "Num_of_Element_Types": {
      "Cross_Element": 0.42548183402900747
    },
    "Fine_Grained": {
      "Understanding": {
        "Single_Page": {
          "Text": 0.5534437486289139,
          "Layout": 0.5783849726167958,
          "Figure": 0.4579205007079735,
          "Table": 0.43704712455091865
        },
        "Multi_Page": {
          "Text": 0.5725209421854135,
          "Layout": 0.5211512985464619,
          "Figure": 0.4400524591194237,
          "Table": 0.40737630662619134
        }
      },
      "Reasoning": {
        "Single_Page": {
          "Text": 0.48853280972388297,
          "Layout": 0.5644076113603117,
          "Figure": 0.42857142857142855,
          "Table": 0.3354591836734694
        },
        "Multi_Page": {
          "Text": 0.4413250517598344,
          "Layout": 0.325,
          "Figure": 0.3264052287581699,
          "Table": 0.3380557493089463
        }
      },
      "Locating": {
        "Cross_Element": {
          "Cross_Title": 0.28934493807582584,
          "Cross_Table": 0.08298199195523338,
          "Para_Title": 0.517072932768939,
          "Figure_Table": 0.5202204634827959
        }
      }
    }
  },
  "sample_count": 2325,
  "completed_count": 2325,
  "failed_count": 0
}