{
  "overall_acc": 0.26389924289941946,
  "avg_acc": 0.26389924289941946,
  "rectified_avg_acc": 0.26389924289941946,
  "fine_grained_metrics": {
    "Main_Task": {
      "Understanding": 0.33482523802565617,
      "Reasoning": 0.19333164144210654,
      "Locating": 0.1763433433628262
    },
    "Element_Type": {
      "Text": 0.3575809170405755,
      "Layout": 0.21933298203889068,
      "Figure": 0.28369376956353776,
      "Table": 0.1824988648234948
    },
    "Evidence_Pages": {
      "Single_Page": 0.2779765937495649,
      "Multi_Page": 0.2518189616039639
    },
    "Num_of_Element_Types": {
      "Cross_Element": 0.25961368748345176
    },
    "Fine_Grained": {
      "Understanding": {
        "Single_Page": {
          "Text": 0.39605376084549965,
          "Layout": 0.4426543642692712,
          "Figure": 0.3213968210211406,
          "Table": 0.2381129472215994
        },
        "Multi_Page": {
          "Text": 0.39633872051563923,
          "Layout": 0.3612991390084923,
          "Figure": 0.31285330991623844,
          "Table": 0.18010912088301748
        }
      },
      "Reasoning": {
        "Single_Page": {
          "Text": 0.22979910714285717,
          "Layout": 0.34933035714285715,
          "Figure": 0.2857142857142857,
          "Table": 0.10076530612244898
        },
        "Multi_Page": {
          "Text": 0.33697722567287786,
          "Layout": 0.125,
          "Figure": 0.2564705882352941,
          "Table": 0.08405797101449275
        }
      },
      "Locating": {
        "Cross_Element": {
          "Cross_Title": 0.11696124677200367,
          "Cross_Table": 0.05078658738587609,
          "Para_Title": 0.2141248835972565,
          "Figure_Table": 0.27409174879890436
        }
      }
    }
  },
  "sample_count": 2325,
  "completed_count": 2325,
  "failed_count": 0
}