{
  "overall_acc": 0.3630761696858372,
  "avg_acc": 0.3630761696858372,
  "rectified_avg_acc": 0.3630761696858372,
  "fine_grained_metrics": {
    "Main_Task": {
      "Understanding": 0.42790929227475,
      "Reasoning": 0.28363715132125983,
      "Locating": 0.2913572182168771
    },
    "Element_Type": {
      "Text": 0.45648126524887034,
      "Layout": 0.3084346913235911,
      "Figure": 0.3837557100803357,
      "Table": 0.29376093627460476
    },
    "Evidence_Pages": {
      "Single_Page": 0.3931761248256483,
      "Multi_Page": 0.33691917893100637
    },
    "Num_of_Element_Types": {
      "Cross_Element": 0.36192621742583814
    },
    "Fine_Grained": {
      "Understanding": {
        "Single_Page": {
          "Text": 0.49503420566246176,
          "Layout": 0.5154898086614037,
          "Figure": 0.38612168142130154,
          "Table": 0.3564634155170989
        },
        "Multi_Page": {
          "Text": 0.4744412695676281,
          "Layout": 0.425628604574182,
          "Figure": 0.419671461900717,
          "Table": 0.29021545236805024
        }
      },
      "Reasoning": {
        "Single_Page": {
          "Text": 0.4079241071428571,
          "Layout": 0.6930803571428572,
          "Figure": 0.39285714285714285,
          "Table": 0.19260204081632654
        },
        "Multi_Page": {
          "Text": 0.39784679089026914,
          "Layout": 0.25,
          "Figure": 0.27934640522875814,
          "Table": 0.1837505489679403
        }
      },
      "Locating": {
        "Cross_Element": {
          "Cross_Title": 0.20033806953245736,
          "Cross_Table": 0.06576448389005958,
          "Para_Title": 0.38891745061492544,
          "Figure_Table": 0.4357458830316595
        }
      }
    }
  },
  "sample_count": 2325,
  "completed_count": 2325,
  "failed_count": 0
}