{
  "overall_acc": 0.31765804697307837,
  "avg_acc": 0.31765804697307837,
  "rectified_avg_acc": 0.31765804697307837,
  "fine_grained_metrics": {
    "Main_Task": {
      "Understanding": 0.3898110707345319,
      "Reasoning": 0.23965310636822265,
      "Locating": 0.23204898723004594
    },
    "Element_Type": {
      "Text": 0.4100181225826403,
      "Layout": 0.2674127156294303,
      "Figure": 0.3530738041107363,
      "Table": 0.23993356464366997
    },
    "Evidence_Pages": {
      "Single_Page": 0.33619980041082637,
      "Multi_Page": 0.30169803037672693
    },
    "Num_of_Element_Types": {
      "Cross_Element": 0.319758656987821
    },
    "Fine_Grained": {
      "Understanding": {
        "Single_Page": {
          "Text": 0.45526760200850097,
          "Layout": 0.5008274855262306,
          "Figure": 0.37861151966097384,
          "Table": 0.26886295891733103
        },
        "Multi_Page": {
          "Text": 0.45364967248978716,
          "Layout": 0.4091583542498711,
          "Figure": 0.37636207666340615,
          "Table": 0.25038759171016256
        }
      },
      "Reasoning": {
        "Single_Page": {
          "Text": 0.32979910714285715,
          "Layout": 0.5159970238095238,
          "Figure": 0.32142857142857145,
          "Table": 0.15178571428571427
        },
        "Multi_Page": {
          "Text": 0.33739130434782605,
          "Layout": 0.225,
          "Figure": 0.26823529411764707,
          "Table": 0.1837505489679403
        }
      },
      "Locating": {
        "Cross_Element": {
          "Cross_Title": 0.1576314422653664,
          "Cross_Table": 0.06986624962028548,
          "Para_Title": 0.2677732534908945,
          "Figure_Table": 0.36407810843781235
        }
      }
    }
  },
  "sample_count": 2325,
  "completed_count": 2325,
  "failed_count": 0
}