{
  "overall_acc": 0.3811728610470625,
  "avg_acc": 0.3811728610470625,
  "rectified_avg_acc": 0.3811728610470625,
  "fine_grained_metrics": {
    "Main_Task": {
      "Understanding": 0.4495183742806007,
      "Reasoning": 0.3287429059739974,
      "Locating": 0.28813245768589446
    },
    "Element_Type": {
      "Text": 0.4840573254484019,
      "Layout": 0.3316042219936122,
      "Figure": 0.38756377430540867,
      "Table": 0.29488632993967484
    },
    "Evidence_Pages": {
      "Single_Page": 0.38768947520074337,
      "Multi_Page": 0.3760018744227707
    },
    "Num_of_Element_Types": {
      "Cross_Element": 0.3684303627269583
    },
    "Fine_Grained": {
      "Understanding": {
        "Single_Page": {
          "Text": 0.5056312404188252,
          "Layout": 0.5171275808271263,
          "Figure": 0.426204446978525,
          "Table": 0.35582039543564586
        },
        "Multi_Page": {
          "Text": 0.5109606711605954,
          "Layout": 0.45706412697150456,
          "Figure": 0.4155365076190992,
          "Table": 0.3518109871552972
        }
      },
      "Reasoning": {
        "Single_Page": {
          "Text": 0.44432228340809343,
          "Layout": 0.5644076113603117,
          "Figure": 0.35714285714285715,
          "Table": 0.18239795918367346
        },
        "Multi_Page": {
          "Text": 0.4587163561076605,
          "Layout": 0.375,
          "Figure": 0.37346405228758167,
          "Table": 0.2417215634606939
        }
      },
      "Locating": {
        "Cross_Element": {
          "Cross_Title": 0.2337048960487438,
          "Cross_Table": 0.08400661255673246,
          "Para_Title": 0.3891506614188844,
          "Figure_Table": 0.386921645841401
        }
      }
    }
  },
  "sample_count": 2325,
  "completed_count": 2325,
  "failed_count": 0
}