{
  "overall_acc": 0.45672839572890733,
  "avg_acc": 0.45672839572890733,
  "rectified_avg_acc": 0.4565319534081637,
  "fine_grained_metrics": {
    "Main_Task": {
      "Understanding": 0.5183159154620525,
      "Reasoning": 0.3924073097314212,
      "Locating": 0.38173881998358067
    },
    "Element_Type": {
      "Text": 0.5564940612942433,
      "Layout": 0.38847687149132604,
      "Figure": 0.45061663832485765,
      "Table": 0.39085950169428807
    },
    "Evidence_Pages": {
      "Single_Page": 0.48696704408055047,
      "Multi_Page": 0.43022911584872997
    },
    "Num_of_Element_Types": {
      "Cross_Element": 0.4393644806425671
    },
    "Fine_Grained": {
      "Understanding": {
        "Single_Page": {
          "Text": 0.5726365480368912,
          "Layout": 0.5703223830324672,
          "Figure": 0.4906492779227314,
          "Table": 0.44452230267670495
        },
        "Multi_Page": {
          "Text": 0.5838266059538246,
          "Layout": 0.5149606114661566,
          "Figure": 0.44758699204772545,
          "Table": 0.3977228836256531
        }
      },
      "Reasoning": {
        "Single_Page": {
          "Text": 0.5440989191729324,
          "Layout": 0.5829613095238095,
          "Figure": 0.42857142857142855,
          "Table": 0.3252551020408163
        },
        "Multi_Page": {
          "Text": 0.4587163561076605,
          "Layout": 0.375,
          "Figure": 0.33816993464052286,
          "Table": 0.3380557493089463
        }
      },
      "Locating": {
        "Cross_Element": {
          "Cross_Title": 0.2889354721378977,
          "Cross_Table": 0.08244959064703129,
          "Para_Title": 0.523289830861902,
          "Figure_Table": 0.5417882889145657
        }
      }
    }
  },
  "sample_count": 2325,
  "completed_count": 2324,
  "failed_count": 1
}