{
  "overall_acc": 0.4221836226116239,
  "avg_acc": 0.4221836226116239,
  "rectified_avg_acc": 0.4221836226116239,
  "fine_grained_metrics": {
    "Main_Task": {
      "Understanding": 0.48515135122566444,
      "Reasoning": 0.3555551058527197,
      "Locating": 0.3466675784654986
    },
    "Element_Type": {
      "Text": 0.5299850284436816,
      "Layout": 0.3664078322291205,
      "Figure": 0.43219374198907656,
      "Table": 0.34220572092212137
    },
    "Evidence_Pages": {
      "Single_Page": 0.43381205546662943,
      "Multi_Page": 0.4125368666235764
    },
    "Num_of_Element_Types": {
      "Cross_Element": 0.4201575841813446
    },
    "Fine_Grained": {
      "Understanding": {
        "Single_Page": {
          "Text": 0.5385372730085655,
          "Layout": 0.5772709378193678,
          "Figure": 0.47348911661166354,
          "Table": 0.400286600939843
        },
        "Multi_Page": {
          "Text": 0.552504520746837,
          "Layout": 0.47735287792674747,
          "Figure": 0.44556614152658347,
          "Table": 0.38695342468964433
        }
      },
      "Reasoning": {
        "Single_Page": {
          "Text": 0.4582757717801865,
          "Layout": 0.5644076113603117,
          "Figure": 0.32142857142857145,
          "Table": 0.24362244897959184
        },
        "Multi_Page": {
          "Text": 0.4934989648033126,
          "Layout": 0.35,
          "Figure": 0.3969934640522875,
          "Table": 0.2535792709705753
        }
      },
      "Locating": {
        "Cross_Element": {
          "Cross_Title": 0.26366451196623586,
          "Cross_Table": 0.07575271960810154,
          "Para_Title": 0.49256240911944504,
          "Figure_Table": 0.48013639570702754
        }
      }
    }
  },
  "sample_count": 2325,
  "completed_count": 2325,
  "failed_count": 0
}