{
  "overall_acc": 0.25982305289172986,
  "avg_acc": 0.25982305289172986,
  "rectified_avg_acc": 0.25982305289172986,
  "fine_grained_metrics": {
    "Main_Task": {
      "Understanding": 0.3300952296868108,
      "Reasoning": 0.18299572412944506,
      "Locating": 0.17692213271146903
    },
    "Element_Type": {
      "Text": 0.34646168545776485,
      "Layout": 0.22025106255779606,
      "Figure": 0.2798075448882338,
      "Table": 0.1790361307999351
    },
    "Evidence_Pages": {
      "Single_Page": 0.2746975191538734,
      "Multi_Page": 0.24702781263259221
    },
    "Num_of_Element_Types": {
      "Cross_Element": 0.25261023973960267
    },
    "Fine_Grained": {
      "Understanding": {
        "Single_Page": {
          "Text": 0.3835623188994551,
          "Layout": 0.4516453732602801,
          "Figure": 0.34150752487715097,
          "Table": 0.23776656455135667
        },
        "Multi_Page": {
          "Text": 0.3849724734836514,
          "Layout": 0.35322211402880416,
          "Figure": 0.28127885845112255,
          "Table": 0.1623567972981303
        }
      },
      "Reasoning": {
        "Single_Page": {
          "Text": 0.22979910714285717,
          "Layout": 0.34933035714285715,
          "Figure": 0.25,
          "Table": 0.08035714285714286
        },
        "Multi_Page": {
          "Text": 0.3282815734989648,
          "Layout": 0.15,
          "Figure": 0.26823529411764707,
          "Table": 0.08405797101449275
        }
      },
      "Locating": {
        "Cross_Element": {
          "Cross_Title": 0.12227303468946185,
          "Cross_Table": 0.05872759631651404,
          "Para_Title": 0.20111769166939045,
          "Figure_Table": 0.2745939453129949
        }
      }
    }
  },
  "sample_count": 2325,
  "completed_count": 2325,
  "failed_count": 0
}