{
  "overall_acc": 0.33315905482032926,
  "avg_acc": 0.33315905482032926,
  "rectified_avg_acc": 0.33315905482032926,
  "fine_grained_metrics": {
    "Main_Task": {
      "Understanding": 0.41024554715690803,
      "Reasoning": 0.24651233149536095,
      "Locating": 0.243538582809388
    },
    "Element_Type": {
      "Text": 0.42732834880700243,
      "Layout": 0.26811543835390267,
      "Figure": 0.3437961457441029,
      "Table": 0.2644010046462843
    },
    "Evidence_Pages": {
      "Single_Page": 0.37466035895550387,
      "Multi_Page": 0.2968219757064232
    },
    "Num_of_Element_Types": {
      "Cross_Element": 0.32051803471732093
    },
    "Fine_Grained": {
      "Understanding": {
        "Single_Page": {
          "Text": 0.4870518012902699,
          "Layout": 0.4773885656421279,
          "Figure": 0.39734757288047773,
          "Table": 0.3440359297352671
        },
        "Multi_Page": {
          "Text": 0.4587512095571555,
          "Layout": 0.40860328732797035,
          "Figure": 0.3319569584666475,
          "Table": 0.26287933304003774
        }
      },
      "Reasoning": {
        "Single_Page": {
          "Text": 0.2943222834080935,
          "Layout": 0.397740944693645,
          "Figure": 0.39285714285714285,
          "Table": 0.22321428571428573
        },
        "Multi_Page": {
          "Text": 0.3456728778467909,
          "Layout": 0.25,
          "Figure": 0.2917647058823529,
          "Table": 0.06956521739130435
        }
      },
      "Locating": {
        "Cross_Element": {
          "Cross_Title": 0.1555820429810325,
          "Cross_Table": 0.04150012341967157,
          "Para_Title": 0.3201890807113561,
          "Figure_Table": 0.38481560521646235
        }
      }
    }
  },
  "sample_count": 2325,
  "completed_count": 2325,
  "failed_count": 0
}