{
  "overall_acc": 0.38367590057556505,
  "avg_acc": 0.38367590057556505,
  "rectified_avg_acc": 0.38367590057556505,
  "fine_grained_metrics": {
    "Main_Task": {
      "Understanding": 0.4439085129768897,
      "Reasoning": 0.3099575518931885,
      "Locating": 0.3169994455039582
    },
    "Element_Type": {
      "Text": 0.4758784832959307,
      "Layout": 0.33435927943187504,
      "Figure": 0.390889303317616,
      "Table": 0.3067255959229945
    },
    "Evidence_Pages": {
      "Single_Page": 0.4056093451328969,
      "Multi_Page": 0.36480931268937605
    },
    "Num_of_Element_Types": {
      "Cross_Element": 0.3714166938299381
    },
    "Fine_Grained": {
      "Understanding": {
        "Single_Page": {
          "Text": 0.4712930156756611,
          "Layout": 0.4989214636094956,
          "Figure": 0.4216003289464726,
          "Table": 0.3750753899378616
        },
        "Multi_Page": {
          "Text": 0.5000894424078934,
          "Layout": 0.4489357834345836,
          "Figure": 0.3827195819450712,
          "Table": 0.33091022060654485
        }
      },
      "Reasoning": {
        "Single_Page": {
          "Text": 0.46257398267626704,
          "Layout": 0.6524205219643681,
          "Figure": 0.42857142857142855,
          "Table": 0.23341836734693877
        },
        "Multi_Page": {
          "Text": 0.3891511387163561,
          "Layout": 0.275,
          "Figure": 0.37346405228758167,
          "Table": 0.16925779534475188
        }
      },
      "Locating": {
        "Cross_Element": {
          "Cross_Title": 0.21695750280119752,
          "Cross_Table": 0.07338260572678507,
          "Para_Title": 0.48294421963525774,
          "Figure_Table": 0.43851337727534645
        }
      }
    }
  },
  "sample_count": 2325,
  "completed_count": 2325,
  "failed_count": 0
}