{
  "overall_acc": 0.41583348088544386,
  "avg_acc": 0.41583348088544386,
  "rectified_avg_acc": 0.41583348088544386,
  "fine_grained_metrics": {
    "Main_Task": {
      "Understanding": 0.4729308124550631,
      "Reasoning": 0.33907882328665895,
      "Locating": 0.3564551634029877
    },
    "Element_Type": {
      "Text": 0.5234325470086661,
      "Layout": 0.36070509600930734,
      "Figure": 0.41959582311051913,
      "Table": 0.33979932689188697
    },
    "Evidence_Pages": {
      "Single_Page": 0.4351464970715781,
      "Multi_Page": 0.3993477412678231
    },
    "Num_of_Element_Types": {
      "Cross_Element": 0.41342153835749856
    },
    "Fine_Grained": {
      "Understanding": {
        "Single_Page": {
          "Text": 0.5430410526517934,
          "Layout": 0.53175786116639,
          "Figure": 0.43804820362402225,
          "Table": 0.36040419537223
        },
        "Multi_Page": {
          "Text": 0.5420662422696695,
          "Layout": 0.4662934066974857,
          "Figure": 0.40629596501071036,
          "Table": 0.4042499114213871
        }
      },
      "Reasoning": {
        "Single_Page": {
          "Text": 0.46932228340809345,
          "Layout": 0.7310742780269783,
          "Figure": 0.35714285714285715,
          "Table": 0.26403061224489793
        },
        "Multi_Page": {
          "Text": 0.43262939958592134,
          "Layout": 0.3,
          "Figure": 0.37346405228758167,
          "Table": 0.27070707070707073
        }
      },
      "Locating": {
        "Cross_Element": {
          "Cross_Title": 0.2607205669013131,
          "Cross_Table": 0.06536041042875054,
          "Para_Title": 0.5181292078513223,
          "Figure_Table": 0.5026510451439774
        }
      }
    }
  },
  "sample_count": 2325,
  "completed_count": 2325,
  "failed_count": 0
}