{
  "overall_acc": 0.39696496643355317,
  "avg_acc": 0.39696496643355317,
  "rectified_avg_acc": 0.39696496643355317,
  "fine_grained_metrics": {
    "Main_Task": {
      "Understanding": 0.46304738952422847,
      "Reasoning": 0.34166280261482435,
      "Locating": 0.30957142038483143
    },
    "Element_Type": {
      "Text": 0.49491219828563915,
      "Layout": 0.3379075132871474,
      "Figure": 0.4125941543527432,
      "Table": 0.3143675876510515
    },
    "Evidence_Pages": {
      "Single_Page": 0.4157715947702851,
      "Multi_Page": 0.38075915878265104
    },
    "Num_of_Element_Types": {
      "Cross_Element": 0.3817704708648115
    },
    "Fine_Grained": {
      "Understanding": {
        "Single_Page": {
          "Text": 0.5159614971184927,
          "Layout": 0.5582505607898374,
          "Figure": 0.4499499902020604,
          "Table": 0.3573157770960074
        },
        "Multi_Page": {
          "Text": 0.5254730065916328,
          "Layout": 0.46645181573276767,
          "Figure": 0.41513739863126786,
          "Table": 0.35799934353276075
        }
      },
      "Reasoning": {
        "Single_Page": {
          "Text": 0.44432228340809343,
          "Layout": 0.5644076113603117,
          "Figure": 0.4642857142857143,
          "Table": 0.24362244897959184
        },
        "Multi_Page": {
          "Text": 0.43262939958592134,
          "Layout": 0.3,
          "Figure": 0.38522875816993457,
          "Table": 0.2562143170838823
        }
      },
      "Locating": {
        "Cross_Element": {
          "Cross_Title": 0.23583210379498917,
          "Cross_Table": 0.06369374746208384,
          "Para_Title": 0.423349511922902,
          "Figure_Table": 0.4403705151125757
        }
      }
    }
  },
  "sample_count": 2325,
  "completed_count": 2325,
  "failed_count": 0
}