{
  "overall_acc": 0.378595163374585,
  "avg_acc": 0.378595163374585,
  "rectified_avg_acc": 0.378595163374585,
  "fine_grained_metrics": {
    "Main_Task": {
      "Understanding": 0.4484587988367023,
      "Reasoning": 0.305419455809462,
      "Locating": 0.29439156617788
    },
    "Element_Type": {
      "Text": 0.4820162437149546,
      "Layout": 0.32834600327095453,
      "Figure": 0.37091246246226295,
      "Table": 0.2997106358463652
    },
    "Evidence_Pages": {
      "Single_Page": 0.38704835151733796,
      "Multi_Page": 0.37169911108736525
    },
    "Num_of_Element_Types": {
      "Cross_Element": 0.3649926216447297
    },
    "Fine_Grained": {
      "Understanding": {
        "Single_Page": {
          "Text": 0.49299610755490475,
          "Layout": 0.5209986512087353,
          "Figure": 0.41511442051128356,
          "Table": 0.35533399259384063
        },
        "Multi_Page": {
          "Text": 0.5214978092501256,
          "Layout": 0.4669383366062312,
          "Figure": 0.39689363615801904,
          "Table": 0.3490234506243246
        }
      },
      "Reasoning": {
        "Single_Page": {
          "Text": 0.41727901417732427,
          "Layout": 0.4742633805910809,
          "Figure": 0.32142857142857145,
          "Table": 0.19260204081632654
        },
        "Multi_Page": {
          "Text": 0.43262939958592134,
          "Layout": 0.275,
          "Figure": 0.3388235294117647,
          "Table": 0.2417215634606939
        }
      },
      "Locating": {
        "Cross_Element": {
          "Cross_Title": 0.23723808449460962,
          "Cross_Table": 0.07706481319549607,
          "Para_Title": 0.3939495137128834,
          "Figure_Table": 0.40361919337191604
        }
      }
    }
  },
  "sample_count": 2325,
  "completed_count": 2325,
  "failed_count": 0
}