{
  "overall_acc": 0.3899113738585337,
  "avg_acc": 0.3899113738585337,
  "rectified_avg_acc": 0.3899113738585337,
  "fine_grained_metrics": {
    "Main_Task": {
      "Understanding": 0.4587767614052089,
      "Reasoning": 0.3311156946839955,
      "Locating": 0.2994858359017399
    },
    "Element_Type": {
      "Text": 0.49965752578617667,
      "Layout": 0.33417130981281595,
      "Figure": 0.4051352828642237,
      "Table": 0.2994537189961562
    },
    "Evidence_Pages": {
      "Single_Page": 0.4053715796521456,
      "Multi_Page": 0.37680716070023973
    },
    "Num_of_Element_Types": {
      "Cross_Element": 0.3801194223307939
    },
    "Fine_Grained": {
      "Understanding": {
        "Single_Page": {
          "Text": 0.5359889951452085,
          "Layout": 0.555549814331327,
          "Figure": 0.4438919838776083,
          "Table": 0.3428858343338244
        },
        "Multi_Page": {
          "Text": 0.5265692993226743,
          "Layout": 0.4635512576760997,
          "Figure": 0.42437052995756996,
          "Table": 0.3376145946665565
        }
      },
      "Reasoning": {
        "Single_Page": {
          "Text": 0.4672790141773243,
          "Layout": 0.5575967139244142,
          "Figure": 0.4642857142857143,
          "Table": 0.19260204081632654
        },
        "Multi_Page": {
          "Text": 0.46741200828157353,
          "Layout": 0.35,
          "Figure": 0.33816993464052286,
          "Table": 0.2562143170838823
        }
      },
      "Locating": {
        "Cross_Element": {
          "Cross_Title": 0.23632954690552874,
          "Cross_Table": 0.07710723535879029,
          "Para_Title": 0.3804721880980443,
          "Figure_Table": 0.4277065610348848
        }
      }
    }
  },
  "sample_count": 2325,
  "completed_count": 2325,
  "failed_count": 0
}