{
  "overall_acc": 0.35835984050596126,
  "avg_acc": 0.35835984050596126,
  "rectified_avg_acc": 0.35835984050596126,
  "fine_grained_metrics": {
    "Main_Task": {
      "Understanding": 0.41535365820581904,
      "Reasoning": 0.2977351540360129,
      "Locating": 0.2901849315317842
    },
    "Element_Type": {
      "Text": 0.4578452661099725,
      "Layout": 0.3215001057160116,
      "Figure": 0.3646130819584132,
      "Table": 0.2739341571663074
    },
    "Evidence_Pages": {
      "Single_Page": 0.3714502095174673,
      "Multi_Page": 0.34731020339330765
    },
    "Num_of_Element_Types": {
      "Cross_Element": 0.354913682683099
    },
    "Fine_Grained": {
      "Understanding": {
        "Single_Page": {
          "Text": 0.4643558595133569,
          "Layout": 0.49734099416598504,
          "Figure": 0.36209630228352196,
          "Table": 0.3263178769164578
        },
        "Multi_Page": {
          "Text": 0.4827774873882399,
          "Layout": 0.42157214993730296,
          "Figure": 0.37363630839920536,
          "Table": 0.2791358512425617
        }
      },
      "Reasoning": {
        "Single_Page": {
          "Text": 0.41932228340809347,
          "Layout": 0.48107427802697833,
          "Figure": 0.35714285714285715,
          "Table": 0.19260204081632654
        },
        "Multi_Page": {
          "Text": 0.39784679089026914,
          "Layout": 0.35,
          "Figure": 0.38522875816993457,
          "Table": 0.22722880983750549
        }
      },
      "Locating": {
        "Cross_Element": {
          "Cross_Title": 0.22644481369327737,
          "Cross_Table": 0.07109139292160112,
          "Para_Title": 0.42652793939896494,
          "Figure_Table": 0.3842912409370621
        }
      }
    }
  },
  "sample_count": 2325,
  "completed_count": 2325,
  "failed_count": 0
}