{
  "overall_acc": 0.4433696820998749,
  "avg_acc": 0.4433696820998749,
  "rectified_avg_acc": 0.4433696820998749,
  "fine_grained_metrics": {
    "Main_Task": {
      "Understanding": 0.49863265497250175,
      "Reasoning": 0.38300647186547027,
      "Locating": 0.3781447714236724
    },
    "Element_Type": {
      "Text": 0.5329725398867913,
      "Layout": 0.3860660328647007,
      "Figure": 0.45271286986726034,
      "Table": 0.3820078181816773
    },
    "Evidence_Pages": {
      "Single_Page": 0.4600556017884982,
      "Multi_Page": 0.4292632017295773
    },
    "Num_of_Element_Types": {
      "Cross_Element": 0.4379469984561045
    },
    "Fine_Grained": {
      "Understanding": {
        "Single_Page": {
          "Text": 0.5215526617461821,
          "Layout": 0.5199335158525834,
          "Figure": 0.4911613580416224,
          "Table": 0.41458533230385824
        },
        "Multi_Page": {
          "Text": 0.5605270295408319,
          "Layout": 0.5223393080835634,
          "Figure": 0.4569441854604335,
          "Table": 0.4147424685501196
        }
      },
      "Reasoning": {
        "Single_Page": {
          "Text": 0.4943222834080935,
          "Layout": 0.647740944693645,
          "Figure": 0.39285714285714285,
          "Table": 0.3354591836734694
        },
        "Multi_Page": {
          "Text": 0.45002070393374743,
          "Layout": 0.35,
          "Figure": 0.38522875816993457,
          "Table": 0.32867808519982433
        }
      },
      "Locating": {
        "Cross_Element": {
          "Cross_Title": 0.2703091136820878,
          "Cross_Table": 0.10024036985955836,
          "Para_Title": 0.5463782399993882,
          "Figure_Table": 0.5237851896412645
        }
      }
    }
  },
  "sample_count": 2325,
  "completed_count": 2325,
  "failed_count": 0
}