{
  "overall_acc": 0.42558428967106066,
  "avg_acc": 0.42558428967106066,
  "rectified_avg_acc": 0.42558428967106066,
  "fine_grained_metrics": {
    "Main_Task": {
      "Understanding": 0.49484651409610764,
      "Reasoning": 0.33323744201893424,
      "Locating": 0.3531314624495353
    },
    "Element_Type": {
      "Text": 0.518957618716461,
      "Layout": 0.36755420446037074,
      "Figure": 0.42836776655811665,
      "Table": 0.3605144406935775
    },
    "Evidence_Pages": {
      "Single_Page": 0.44904859816909637,
      "Multi_Page": 0.4054254924279627
    },
    "Num_of_Element_Types": {
      "Cross_Element": 0.41541818608927855
    },
    "Fine_Grained": {
      "Understanding": {
        "Single_Page": {
          "Text": 0.5254072439295752,
          "Layout": 0.5359966242501866,
          "Figure": 0.44514458772984616,
          "Table": 0.41494905667752235
        },
        "Multi_Page": {
          "Text": 0.5696508289057487,
          "Layout": 0.5225773938244657,
          "Figure": 0.4430622148035948,
          "Table": 0.40366815595805966
        }
      },
      "Reasoning": {
        "Single_Page": {
          "Text": 0.4378069196428571,
          "Layout": 0.5426897321428571,
          "Figure": 0.4642857142857143,
          "Table": 0.2844387755102041
        },
        "Multi_Page": {
          "Text": 0.37175983436853005,
          "Layout": 0.275,
          "Figure": 0.314640522875817,
          "Table": 0.2562143170838823
        }
      },
      "Locating": {
        "Cross_Element": {
          "Cross_Title": 0.26174837949661706,
          "Cross_Table": 0.08252855382904008,
          "Para_Title": 0.4900979699493463,
          "Figure_Table": 0.4990169803380412
        }
      }
    }
  },
  "sample_count": 2325,
  "completed_count": 2325,
  "failed_count": 0
}