{
  "overall_acc": 0.4260568075955865,
  "avg_acc": 0.4260568075955865,
  "rectified_avg_acc": 0.4260568075955865,
  "fine_grained_metrics": {
    "Main_Task": {
      "Understanding": 0.493217437113152,
      "Reasoning": 0.35975065791198196,
      "Locating": 0.342862300311012
    },
    "Element_Type": {
      "Text": 0.5301514758953304,
      "Layout": 0.3705451226890183,
      "Figure": 0.42682020405940835,
      "Table": 0.35519436260123943
    },
    "Evidence_Pages": {
      "Single_Page": 0.4329118587932313,
      "Multi_Page": 0.4206580617875908
    },
    "Num_of_Element_Types": {
      "Cross_Element": 0.4215428764157197
    },
    "Fine_Grained": {
      "Understanding": {
        "Single_Page": {
          "Text": 0.5296694366938438,
          "Layout": 0.5390118285076269,
          "Figure": 0.4469738389298469,
          "Table": 0.4119104370280944
        },
        "Multi_Page": {
          "Text": 0.5639611894004866,
          "Layout": 0.5006866505289213,
          "Figure": 0.45123377956235455,
          "Table": 0.44093445706044687
        }
      },
      "Reasoning": {
        "Single_Page": {
          "Text": 0.46932228340809345,
          "Layout": 0.5644076113603117,
          "Figure": 0.39285714285714285,
          "Table": 0.24362244897959184
        },
        "Multi_Page": {
          "Text": 0.4761076604554865,
          "Layout": 0.375,
          "Figure": 0.4087581699346405,
          "Table": 0.27070707070707073
        }
      },
      "Locating": {
        "Cross_Element": {
          "Cross_Title": 0.2653132310546237,
          "Cross_Table": 0.09491679181064304,
          "Para_Title": 0.48486207111775725,
          "Figure_Table": 0.4613667522203473
        }
      }
    }
  },
  "sample_count": 2325,
  "completed_count": 2325,
  "failed_count": 0
}