{
  "overall_acc": 0.44019129175196536,
  "avg_acc": 0.44019129175196536,
  "rectified_avg_acc": 0.44019129175196536,
  "fine_grained_metrics": {
    "Main_Task": {
      "Understanding": 0.49929453261308654,
      "Reasoning": 0.38553155599680783,
      "Locating": 0.36492221167552263
    },
    "Element_Type": {
      "Text": 0.5310351887288948,
      "Layout": 0.36980854354265846,
      "Figure": 0.44955534261378177,
      "Table": 0.3815188099570575
    },
    "Evidence_Pages": {
      "Single_Page": 0.4629297404104053,
      "Multi_Page": 0.42070125776808664
    },
    "Num_of_Element_Types": {
      "Cross_Element": 0.4273564151873166
    },
    "Fine_Grained": {
      "Understanding": {
        "Single_Page": {
          "Text": 0.5322096494526143,
          "Layout": 0.5260066142601766,
          "Figure": 0.4620961569420283,
          "Table": 0.4209486941880294
        },
        "Multi_Page": {
          "Text": 0.5638535730294084,
          "Layout": 0.49916896845717795,
          "Figure": 0.4477759621236941,
          "Table": 0.4267269586477571
        }
      },
      "Reasoning": {
        "Single_Page": {
          "Text": 0.4957261565893104,
          "Layout": 0.6524205219643681,
          "Figure": 0.42857142857142855,
          "Table": 0.34566326530612246
        },
        "Multi_Page": {
          "Text": 0.4413250517598344,
          "Layout": 0.35,
          "Figure": 0.38522875816993457,
          "Table": 0.3130411668169105
        }
      },
      "Locating": {
        "Cross_Element": {
          "Cross_Title": 0.26042732665395535,
          "Cross_Table": 0.08368360084198188,
          "Para_Title": 0.5083074329949866,
          "Figure_Table": 0.5242112226434644
        }
      }
    }
  },
  "sample_count": 2325,
  "completed_count": 2325,
  "failed_count": 0
}