{
  "overall_acc": 0.25842610104580516,
  "avg_acc": 0.25842610104580516,
  "rectified_avg_acc": 0.25842610104580516,
  "fine_grained_metrics": {
    "Main_Task": {
      "Understanding": 0.3277184049840065,
      "Reasoning": 0.18053479143595424,
      "Locating": 0.17787013417361536
    },
    "Element_Type": {
      "Text": 0.35201659609363334,
      "Layout": 0.22363001213360956,
      "Figure": 0.25792512986879057,
      "Table": 0.17680636258948323
    },
    "Evidence_Pages": {
      "Single_Page": 0.27156437523669036,
      "Multi_Page": 0.24717140064861332
    },
    "Num_of_Element_Types": {
      "Cross_Element": 0.2494698047874832
    },
    "Fine_Grained": {
      "Understanding": {
        "Single_Page": {
          "Text": 0.3857193523815164,
          "Layout": 0.4509906686038008,
          "Figure": 0.3239860331845745,
          "Table": 0.22149919521384737
        },
        "Multi_Page": {
          "Text": 0.39109122696004345,
          "Layout": 0.34858167378342664,
          "Figure": 0.2645031481011763,
          "Table": 0.19254158061134147
        }
      },
      "Reasoning": {
        "Single_Page": {
          "Text": 0.22979910714285717,
          "Layout": 0.34933035714285715,
          "Figure": 0.2857142857142857,
          "Table": 0.11096938775510204
        },
        "Multi_Page": {
          "Text": 0.3026086956521739,
          "Layout": 0.125,
          "Figure": 0.2211764705882353,
          "Table": 0.06956521739130435
        }
      },
      "Locating": {
        "Cross_Element": {
          "Cross_Title": 0.12105863208686282,
          "Cross_Table": 0.05499226160291845,
          "Para_Title": 0.23910807606748316,
          "Figure_Table": 0.2580092070042871
        }
      }
    }
  },
  "sample_count": 2325,
  "completed_count": 2325,
  "failed_count": 0
}