{
  "overall_acc": 0.3012670549550975,
  "avg_acc": 0.3012670549550975,
  "rectified_avg_acc": 0.3012670549550975,
  "fine_grained_metrics": {
    "Main_Task": {
      "Understanding": 0.3770246962883132,
      "Reasoning": 0.2165972431960804,
      "Locating": 0.21292240599618012
    },
    "Element_Type": {
      "Text": 0.39499466120425375,
      "Layout": 0.2551548638929413,
      "Figure": 0.31660805799106684,
      "Table": 0.22316013564155077
    },
    "Evidence_Pages": {
      "Single_Page": 0.33119983708541567,
      "Multi_Page": 0.27515811450100985
    },
    "Num_of_Element_Types": {
      "Cross_Element": 0.29755850611403295
    },
    "Fine_Grained": {
      "Understanding": {
        "Single_Page": {
          "Text": 0.4569195738208798,
          "Layout": 0.524718528045946,
          "Figure": 0.37344849275366326,
          "Table": 0.28971356704027196
        },
        "Multi_Page": {
          "Text": 0.41634622700028434,
          "Layout": 0.3819971143555081,
          "Figure": 0.3031242488298115,
          "Table": 0.2545524387291617
        }
      },
      "Reasoning": {
        "Single_Page": {
          "Text": 0.28292410714285715,
          "Layout": 0.3597470238095238,
          "Figure": 0.32142857142857145,
          "Table": 0.1211734693877551
        },
        "Multi_Page": {
          "Text": 0.3456728778467909,
          "Layout": 0.225,
          "Figure": 0.28,
          "Table": 0.08230127360562144
        }
      },
      "Locating": {
        "Cross_Element": {
          "Cross_Title": 0.1348130653981209,
          "Cross_Table": 0.04862348414553274,
          "Para_Title": 0.2830058380890446,
          "Figure_Table": 0.3289406372371717
        }
      }
    }
  },
  "sample_count": 2325,
  "completed_count": 2325,
  "failed_count": 0
}