{
  "overall_acc": 0.4493052002641558,
  "avg_acc": 0.4493052002641558,
  "rectified_avg_acc": 0.4493052002641558,
  "fine_grained_metrics": {
    "Main_Task": {
      "Understanding": 0.5124755754612426,
      "Reasoning": 0.3855904511936356,
      "Locating": 0.3718042384228793
    },
    "Element_Type": {
      "Text": 0.5466612808994624,
      "Layout": 0.3879352140239833,
      "Figure": 0.46374068145646047,
      "Table": 0.37555529945510274
    },
    "Evidence_Pages": {
      "Single_Page": 0.4624712691230157,
      "Multi_Page": 0.437826990963483
    },
    "Num_of_Element_Types": {
      "Cross_Element": 0.4391383239819571
    },
    "Fine_Grained": {
      "Understanding": {
        "Single_Page": {
          "Text": 0.5394161998895499,
          "Layout": 0.5406147504848542,
          "Figure": 0.48413254770703934,
          "Table": 0.43268199337726687
        },
        "Multi_Page": {
          "Text": 0.5789546739017535,
          "Layout": 0.5207803918740647,
          "Figure": 0.48805135610611355,
          "Table": 0.42199045460168233
        }
      },
      "Reasoning": {
        "Single_Page": {
          "Text": 0.4943222834080935,
          "Layout": 0.647740944693645,
          "Figure": 0.4642857142857143,
          "Table": 0.31505102040816324
        },
        "Multi_Page": {
          "Text": 0.46741200828157353,
          "Layout": 0.375,
          "Figure": 0.4087581699346405,
          "Table": 0.28519982433025914
        }
      },
      "Locating": {
        "Cross_Element": {
          "Cross_Title": 0.2842105849704568,
          "Cross_Table": 0.0782684007725853,
          "Para_Title": 0.5377395957335105,
          "Figure_Table": 0.5097206710476305
        }
      }
    }
  },
  "sample_count": 2325,
  "completed_count": 2325,
  "failed_count": 0
}