{
  "overall_acc": 0.39725697653322706,
  "avg_acc": 0.39725697653322706,
  "rectified_avg_acc": 0.39725697653322706,
  "fine_grained_metrics": {
    "Main_Task": {
      "Understanding": 0.4644553746314723,
      "Reasoning": 0.31582300933317053,
      "Locating": 0.3224186117422967
    },
    "Element_Type": {
      "Text": 0.4986370875176093,
      "Layout": 0.34398082274849895,
      "Figure": 0.3960780955574246,
      "Table": 0.3193224692014281
    },
    "Evidence_Pages": {
      "Single_Page": 0.41660030882315574,
      "Multi_Page": 0.38071409178540205
    },
    "Num_of_Element_Types": {
      "Cross_Element": 0.3862803288989294
    },
    "Fine_Grained": {
      "Understanding": {
        "Single_Page": {
          "Text": 0.5153141465224853,
          "Layout": 0.5316937497609767,
          "Figure": 0.4286990908290519,
          "Table": 0.3569596129733601
        },
        "Multi_Page": {
          "Text": 0.5291715422986382,
          "Layout": 0.4746222520884076,
          "Figure": 0.42121718520830115,
          "Table": 0.3643400016748992
        }
      },
      "Reasoning": {
        "Single_Page": {
          "Text": 0.44432228340809343,
          "Layout": 0.647740944693645,
          "Figure": 0.35714285714285715,
          "Table": 0.2538265306122449
        },
        "Multi_Page": {
          "Text": 0.4065424430641822,
          "Layout": 0.275,
          "Figure": 0.314640522875817,
          "Table": 0.2127360562143171
        }
      },
      "Locating": {
        "Cross_Element": {
          "Cross_Title": 0.2340716492385888,
          "Cross_Table": 0.07055534908069343,
          "Para_Title": 0.4615374855195501,
          "Figure_Table": 0.45416417386837316
        }
      }
    }
  },
  "sample_count": 2325,
  "completed_count": 2325,
  "failed_count": 0
}