{
  "overall_acc": 0.3664601600698465,
  "avg_acc": 0.3664601600698465,
  "rectified_avg_acc": 0.3664601600698465,
  "fine_grained_metrics": {
    "Main_Task": {
      "Understanding": 0.4317177112050253,
      "Reasoning": 0.2991410272902521,
      "Locating": 0.28723335190391275
    },
    "Element_Type": {
      "Text": 0.462189833659435,
      "Layout": 0.31212026565744627,
      "Figure": 0.3621443773072105,
      "Table": 0.2950537613279021
    },
    "Evidence_Pages": {
      "Single_Page": 0.38493980559438323,
      "Multi_Page": 0.3506346867054737
    },
    "Num_of_Element_Types": {
      "Cross_Element": 0.3500790612343268
    },
    "Fine_Grained": {
      "Understanding": {
        "Single_Page": {
          "Text": 0.4896591637815048,
          "Layout": 0.4920533317413637,
          "Figure": 0.37955663033271286,
          "Table": 0.3352038899936924
        },
        "Multi_Page": {
          "Text": 0.48285723387053847,
          "Layout": 0.43144020716834475,
          "Figure": 0.38840893545386773,
          "Table": 0.337827107785611
        }
      },
      "Reasoning": {
        "Single_Page": {
          "Text": 0.4079241071428571,
          "Layout": 0.6930803571428572,
          "Figure": 0.32142857142857145,
          "Table": 0.23341836734693877
        },
        "Multi_Page": {
          "Text": 0.39784679089026914,
          "Layout": 0.25,
          "Figure": 0.30287581699346405,
          "Table": 0.2272288098375055
        }
      },
      "Locating": {
        "Cross_Element": {
          "Cross_Title": 0.21492525748521005,
          "Cross_Table": 0.04778020389019898,
          "Para_Title": 0.4132837328125896,
          "Figure_Table": 0.4060044404034733
        }
      }
    }
  },
  "sample_count": 2325,
  "completed_count": 2325,
  "failed_count": 0
}