{
  "overall_acc": 0.441792012265306,
  "avg_acc": 0.441792012265306,
  "rectified_avg_acc": 0.4416019941955145,
  "fine_grained_metrics": {
    "Main_Task": {
      "Understanding": 0.5036326186858125,
      "Reasoning": 0.37008657522464344,
      "Locating": 0.3704831465700277
    },
    "Element_Type": {
      "Text": 0.5386510207788859,
      "Layout": 0.38109190224889566,
      "Figure": 0.4568555491628359,
      "Table": 0.36343639898164753
    },
    "Evidence_Pages": {
      "Single_Page": 0.463151555218847,
      "Multi_Page": 0.4231707208539607
    },
    "Num_of_Element_Types": {
      "Cross_Element": 0.42741193125902377
    },
    "Fine_Grained": {
      "Understanding": {
        "Single_Page": {
          "Text": 0.5483260034409424,
          "Layout": 0.5441823966922278,
          "Figure": 0.4871581495164077,
          "Table": 0.4301199315913174
        },
        "Multi_Page": {
          "Text": 0.5591790192329787,
          "Layout": 0.5030602211837878,
          "Figure": 0.45069607515489707,
          "Table": 0.38531909115293306
        }
      },
      "Reasoning": {
        "Single_Page": {
          "Text": 0.4943222834080935,
          "Layout": 0.647740944693645,
          "Figure": 0.42857142857142855,
          "Table": 0.2538265306122449
        },
        "Multi_Page": {
          "Text": 0.4587163561076605,
          "Layout": 0.375,
          "Figure": 0.4440522875816993,
          "Table": 0.2996925779534475
        }
      },
      "Locating": {
        "Cross_Element": {
          "Cross_Title": 0.28514361977061464,
          "Cross_Table": 0.0601251971823335,
          "Para_Title": 0.5340226420006888,
          "Figure_Table": 0.5170348159879102
        }
      }
    }
  },
  "sample_count": 2325,
  "completed_count": 2324,
  "failed_count": 1
}