{
  "overall_acc": 0.40694503421839623,
  "avg_acc": 0.40694503421839623,
  "rectified_avg_acc": 0.40677000409615177,
  "fine_grained_metrics": {
    "Main_Task": {
      "Understanding": 0.4672178787448831,
      "Reasoning": 0.34055741610907914,
      "Locating": 0.3355290880711507
    },
    "Element_Type": {
      "Text": 0.5050041414915541,
      "Layout": 0.34287688143749595,
      "Figure": 0.40831470571102924,
      "Table": 0.3375781608506469
    },
    "Evidence_Pages": {
      "Single_Page": 0.4449533867781529,
      "Multi_Page": 0.3735009819309203
    },
    "Num_of_Element_Types": {
      "Cross_Element": 0.3954185338015264
    },
    "Fine_Grained": {
      "Understanding": {
        "Single_Page": {
          "Text": 0.526734620982747,
          "Layout": 0.5172309246882341,
          "Figure": 0.4184152446414262,
          "Table": 0.3990410452517774
        },
        "Multi_Page": {
          "Text": 0.5171059486210241,
          "Layout": 0.46430390144084216,
          "Figure": 0.42423575854615514,
          "Table": 0.342654173528344
        }
      },
      "Reasoning": {
        "Single_Page": {
          "Text": 0.5106013531755353,
          "Layout": 0.5644076113603117,
          "Figure": 0.39285714285714285,
          "Table": 0.31505102040816324
        },
        "Multi_Page": {
          "Text": 0.39784679089026914,
          "Layout": 0.25,
          "Figure": 0.3264052287581699,
          "Table": 0.2115918914545917
        }
      },
      "Locating": {
        "Cross_Element": {
          "Cross_Title": 0.22768741041661308,
          "Cross_Table": 0.05824813591853133,
          "Para_Title": 0.5131056897047975,
          "Figure_Table": 0.47529351558622596
        }
      }
    }
  },
  "sample_count": 2325,
  "completed_count": 2324,
  "failed_count": 1
}