{
  "overall_acc": 0.34918239498355225,
  "avg_acc": 0.34918239498355225,
  "rectified_avg_acc": 0.34918239498355225,
  "fine_grained_metrics": {
    "Main_Task": {
      "Understanding": 0.4217776827174882,
      "Reasoning": 0.27493610410518005,
      "Locating": 0.2606894049355636
    },
    "Element_Type": {
      "Text": 0.44689690394451,
      "Layout": 0.2766330225806855,
      "Figure": 0.35718119094676515,
      "Table": 0.2781813471483519
    },
    "Evidence_Pages": {
      "Single_Page": 0.38845128643520993,
      "Multi_Page": 0.3148551319211991
    },
    "Num_of_Element_Types": {
      "Cross_Element": 0.3303777350816555
    },
    "Fine_Grained": {
      "Understanding": {
        "Single_Page": {
          "Text": 0.4979269950204775,
          "Layout": 0.4736351761744527,
          "Figure": 0.4196434230426224,
          "Table": 0.34738480128792953
        },
        "Multi_Page": {
          "Text": 0.46814928037099474,
          "Layout": 0.4011318296164622,
          "Figure": 0.3590097627784164,
          "Table": 0.29458275792899424
        }
      },
      "Reasoning": {
        "Single_Page": {
          "Text": 0.3693222834080935,
          "Layout": 0.48107427802697833,
          "Figure": 0.39285714285714285,
          "Table": 0.24362244897959184
        },
        "Multi_Page": {
          "Text": 0.37175983436853005,
          "Layout": 0.225,
          "Figure": 0.28,
          "Table": 0.09855072463768115
        }
      },
      "Locating": {
        "Cross_Element": {
          "Cross_Title": 0.1701095817869821,
          "Cross_Table": 0.032537335487748814,
          "Para_Title": 0.3674235570619256,
          "Figure_Table": 0.4006509909181521
        }
      }
    }
  },
  "sample_count": 2325,
  "completed_count": 2325,
  "failed_count": 0
}