{
  "overall_acc": 0.3557437711679769,
  "avg_acc": 0.3557437711679769,
  "rectified_avg_acc": 0.3557437711679769,
  "fine_grained_metrics": {
    "Main_Task": {
      "Understanding": 0.42577193484765663,
      "Reasoning": 0.27704994334757227,
      "Locating": 0.27431859694157984
    },
    "Element_Type": {
      "Text": 0.4581769431895992,
      "Layout": 0.3153060859635849,
      "Figure": 0.3567546307002956,
      "Table": 0.271939275579012
    },
    "Evidence_Pages": {
      "Single_Page": 0.3714592002478691,
      "Multi_Page": 0.34235720495497934
    },
    "Num_of_Element_Types": {
      "Cross_Element": 0.351294269781446
    },
    "Fine_Grained": {
      "Understanding": {
        "Single_Page": {
          "Text": 0.47878838041156163,
          "Layout": 0.5495591297421917,
          "Figure": 0.40056920693599896,
          "Table": 0.32300955022178696
        },
        "Multi_Page": {
          "Text": 0.499986089894942,
          "Layout": 0.4554618959581374,
          "Figure": 0.3788832566284998,
          "Table": 0.287448469699265
        }
      },
      "Reasoning": {
        "Single_Page": {
          "Text": 0.4178039811085412,
          "Layout": 0.5593466036951373,
          "Figure": 0.35714285714285715,
          "Table": 0.19260204081632654
        },
        "Multi_Page": {
          "Text": 0.38045548654244304,
          "Layout": 0.2,
          "Figure": 0.31529411764705884,
          "Table": 0.19824330259112868
        }
      },
      "Locating": {
        "Cross_Element": {
          "Cross_Title": 0.2086289547746569,
          "Cross_Table": 0.08860493584571942,
          "Para_Title": 0.3610460801728855,
          "Figure_Table": 0.3813396972486838
        }
      }
    }
  },
  "sample_count": 2325,
  "completed_count": 2325,
  "failed_count": 0
}