{
  "overall_acc": 0.35348414539218836,
  "avg_acc": 0.35348414539218836,
  "rectified_avg_acc": 0.35348414539218836,
  "fine_grained_metrics": {
    "Main_Task": {
      "Understanding": 0.41730378097374443,
      "Reasoning": 0.2756432495746674,
      "Locating": 0.2826879146778085
    },
    "Element_Type": {
      "Text": 0.45801793783522304,
      "Layout": 0.31307797533609016,
      "Figure": 0.35954039544497596,
      "Table": 0.2726791421254342
    },
    "Evidence_Pages": {
      "Single_Page": 0.3708684206740189,
      "Multi_Page": 0.338452904480617
    },
    "Num_of_Element_Types": {
      "Cross_Element": 0.3570263674328321
    },
    "Fine_Grained": {
      "Understanding": {
        "Single_Page": {
          "Text": 0.4855146231922579,
          "Layout": 0.5283386265102217,
          "Figure": 0.3987343002240677,
          "Table": 0.29761935288102337
        },
        "Multi_Page": {
          "Text": 0.48885099713556623,
          "Layout": 0.44545754257810005,
          "Figure": 0.3650070714039439,
          "Table": 0.29882712978197357
        }
      },
      "Reasoning": {
        "Single_Page": {
          "Text": 0.3672790141773242,
          "Layout": 0.5575967139244142,
          "Figure": 0.32142857142857145,
          "Table": 0.17219387755102042
        },
        "Multi_Page": {
          "Text": 0.40316080055210485,
          "Layout": 0.275,
          "Figure": 0.27477124183006535,
          "Table": 0.24057739870096848
        }
      },
      "Locating": {
        "Cross_Element": {
          "Cross_Title": 0.2088947648908801,
          "Cross_Table": 0.060359711912817096,
          "Para_Title": 0.3788751710932568,
          "Figure_Table": 0.41112134552908614
        }
      }
    }
  },
  "sample_count": 2325,
  "completed_count": 2325,
  "failed_count": 0
}