{
  "overall_acc": 0.3465907148462599,
  "avg_acc": 0.3465907148462599,
  "rectified_avg_acc": 0.3465907148462599,
  "fine_grained_metrics": {
    "Main_Task": {
      "Understanding": 0.4244558387955795,
      "Reasoning": 0.2697681454488493,
      "Locating": 0.25010724044020877
    },
    "Element_Type": {
      "Text": 0.4439628399339879,
      "Layout": 0.26946939831369854,
      "Figure": 0.3590084308780415,
      "Table": 0.2823368989901625
    },
    "Evidence_Pages": {
      "Single_Page": 0.3917561530013827,
      "Multi_Page": 0.30701946080247494
    },
    "Num_of_Element_Types": {
      "Cross_Element": 0.3337906610938907
    },
    "Fine_Grained": {
      "Understanding": {
        "Single_Page": {
          "Text": 0.5016562691977833,
          "Layout": 0.4846241871634637,
          "Figure": 0.40799504802841535,
          "Table": 0.3578762813611586
        },
        "Multi_Page": {
          "Text": 0.46949911108632303,
          "Layout": 0.3979180053270566,
          "Figure": 0.3590682078775927,
          "Table": 0.29543862157758716
        }
      },
      "Reasoning": {
        "Single_Page": {
          "Text": 0.41932228340809347,
          "Layout": 0.647740944693645,
          "Figure": 0.39285714285714285,
          "Table": 0.2538265306122449
        },
        "Multi_Page": {
          "Text": 0.35436853002070395,
          "Layout": 0.2,
          "Figure": 0.28,
          "Table": 0.08405797101449275
        }
      },
      "Locating": {
        "Cross_Element": {
          "Cross_Title": 0.14850163882401712,
          "Cross_Table": 0.046789935921262064,
          "Para_Title": 0.33472051585556256,
          "Figure_Table": 0.399235758026089
        }
      }
    }
  },
  "sample_count": 2325,
  "completed_count": 2325,
  "failed_count": 0
}