{
  "overall_acc": 0.35528897554133443,
  "avg_acc": 0.35528897554133443,
  "rectified_avg_acc": 0.35528897554133443,
  "fine_grained_metrics": {
    "Main_Task": {
      "Understanding": 0.41695307057530295,
      "Reasoning": 0.2784691926649291,
      "Locating": 0.2877793148880196
    },
    "Element_Type": {
      "Text": 0.45072968147235953,
      "Layout": 0.3064579561993235,
      "Figure": 0.375712851716548,
      "Table": 0.27967658320370437
    },
    "Evidence_Pages": {
      "Single_Page": 0.3826455678085143,
      "Multi_Page": 0.33155712399910287
    },
    "Num_of_Element_Types": {
      "Cross_Element": 0.35509208131828873
    },
    "Fine_Grained": {
      "Understanding": {
        "Single_Page": {
          "Text": 0.47568322816277475,
          "Layout": 0.5182736914452866,
          "Figure": 0.3964653802756387,
          "Table": 0.3405415295350502
        },
        "Multi_Page": {
          "Text": 0.4716623094403148,
          "Layout": 0.4270907446627756,
          "Figure": 0.38628662130214836,
          "Table": 0.2587477473597345
        }
      },
      "Reasoning": {
        "Single_Page": {
          "Text": 0.35792410714285716,
          "Layout": 0.6097470238095238,
          "Figure": 0.39285714285714285,
          "Table": 0.18239795918367346
        },
        "Multi_Page": {
          "Text": 0.4065424430641822,
          "Layout": 0.25,
          "Figure": 0.3264052287581699,
          "Table": 0.16925779534475188
        }
      },
      "Locating": {
        "Cross_Element": {
          "Cross_Title": 0.18941431153368485,
          "Cross_Table": 0.06278884129014073,
          "Para_Title": 0.40005546692855404,
          "Figure_Table": 0.4295036980828282
        }
      }
    }
  },
  "sample_count": 2325,
  "completed_count": 2325,
  "failed_count": 0
}