{
  "overall_acc": 0.4421614358641582,
  "avg_acc": 0.4421614358641582,
  "rectified_avg_acc": 0.4421614358641582,
  "fine_grained_metrics": {
    "Main_Task": {
      "Understanding": 0.5061614221519379,
      "Reasoning": 0.380422492537305,
      "Locating": 0.36207652667247797
    },
    "Element_Type": {
      "Text": 0.5344738244553557,
      "Layout": 0.37989294784744754,
      "Figure": 0.44529110233831326,
      "Table": 0.377319635749966
    },
    "Evidence_Pages": {
      "Single_Page": 0.4597072119383073,
      "Multi_Page": 0.4272889071021122
    },
    "Num_of_Element_Types": {
      "Cross_Element": 0.42696751898911184
    },
    "Fine_Grained": {
      "Understanding": {
        "Single_Page": {
          "Text": 0.5322491722056991,
          "Layout": 0.5496260154539485,
          "Figure": 0.4655478539042721,
          "Table": 0.43243572430058563
        },
        "Multi_Page": {
          "Text": 0.5731397708369593,
          "Layout": 0.5195987631146615,
          "Figure": 0.4557896539203501,
          "Table": 0.4179827415358768
        }
      },
      "Reasoning": {
        "Single_Page": {
          "Text": 0.46932228340809345,
          "Layout": 0.647740944693645,
          "Figure": 0.42857142857142855,
          "Table": 0.3048469387755102
        },
        "Multi_Page": {
          "Text": 0.45002070393374743,
          "Layout": 0.375,
          "Figure": 0.38522875816993457,
          "Table": 0.3141853315766359
        }
      },
      "Locating": {
        "Cross_Element": {
          "Cross_Title": 0.2686280242935936,
          "Cross_Table": 0.08566882820575088,
          "Para_Title": 0.5035639061158403,
          "Figure_Table": 0.5102442669375116
        }
      }
    }
  },
  "sample_count": 2325,
  "completed_count": 2325,
  "failed_count": 0
}