{
  "overall_acc": 0.42940326947393787,
  "avg_acc": 0.42940326947393787,
  "rectified_avg_acc": 0.42940326947393787,
  "fine_grained_metrics": {
    "Main_Task": {
      "Understanding": 0.4921662764896412,
      "Reasoning": 0.3649186165683127,
      "Locating": 0.35305959027099937
    },
    "Element_Type": {
      "Text": 0.5412051929013583,
      "Layout": 0.379003023423017,
      "Figure": 0.4254502100054109,
      "Table": 0.35057480352083603
    },
    "Evidence_Pages": {
      "Single_Page": 0.44010026557650406,
      "Multi_Page": 0.4205959441071434
    },
    "Num_of_Element_Types": {
      "Cross_Element": 0.4284974143110227
    },
    "Fine_Grained": {
      "Understanding": {
        "Single_Page": {
          "Text": 0.5562359739110838,
          "Layout": 0.5711319446398524,
          "Figure": 0.48274137518106913,
          "Table": 0.37812919156810887
        },
        "Multi_Page": {
          "Text": 0.5636421614557006,
          "Layout": 0.4855442200452162,
          "Figure": 0.4432141374363422,
          "Table": 0.42783020784370845
        }
      },
      "Reasoning": {
        "Single_Page": {
          "Text": 0.5443222834080934,
          "Layout": 0.7310742780269783,
          "Figure": 0.35714285714285715,
          "Table": 0.2844387755102041
        },
        "Multi_Page": {
          "Text": 0.4587163561076605,
          "Layout": 0.325,
          "Figure": 0.37346405228758167,
          "Table": 0.28519982433025914
        }
      },
      "Locating": {
        "Cross_Element": {
          "Cross_Title": 0.274720676067047,
          "Cross_Table": 0.10389603589941988,
          "Para_Title": 0.5085700342145957,
          "Figure_Table": 0.46490287505689026
        }
      }
    }
  },
  "sample_count": 2325,
  "completed_count": 2325,
  "failed_count": 0
}