{
  "overall_acc": 0.4445796425855339,
  "avg_acc": 0.4445796425855339,
  "rectified_avg_acc": 0.4445796425855339,
  "fine_grained_metrics": {
    "Main_Task": {
      "Understanding": 0.5089518785958734,
      "Reasoning": 0.3865890152063487,
      "Locating": 0.36174177702422855
    },
    "Element_Type": {
      "Text": 0.5363459482824375,
      "Layout": 0.37280463717218393,
      "Figure": 0.4383931590937423,
      "Table": 0.38683139256751925
    },
    "Evidence_Pages": {
      "Single_Page": 0.46801764616402675,
      "Multi_Page": 0.42409959474693754
    },
    "Num_of_Element_Types": {
      "Cross_Element": 0.4213599205958379
    },
    "Fine_Grained": {
      "Understanding": {
        "Single_Page": {
          "Text": 0.5506937466106543,
          "Layout": 0.5359966242501866,
          "Figure": 0.48455668609287655,
          "Table": 0.4426117927194864
        },
        "Multi_Page": {
          "Text": 0.5727048488384209,
          "Layout": 0.5141992990147112,
          "Figure": 0.43840423517571375,
          "Table": 0.40399707361008513
        }
      },
      "Reasoning": {
        "Single_Page": {
          "Text": 0.4128069196428571,
          "Layout": 0.5426897321428571,
          "Figure": 0.39285714285714285,
          "Table": 0.34566326530612246
        },
        "Multi_Page": {
          "Text": 0.4587163561076605,
          "Layout": 0.35,
          "Figure": 0.36169934640522877,
          "Table": 0.3380557493089463
        }
      },
      "Locating": {
        "Cross_Element": {
          "Cross_Title": 0.2699096875351748,
          "Cross_Table": 0.08656690232128457,
          "Para_Title": 0.4928853025333421,
          "Figure_Table": 0.513965245444671
        }
      }
    }
  },
  "sample_count": 2325,
  "completed_count": 2325,
  "failed_count": 0
}