{
  "overall_acc": 0.39600665787947753,
  "avg_acc": 0.39600665787947753,
  "rectified_avg_acc": 0.39600665787947753,
  "fine_grained_metrics": {
    "Main_Task": {
      "Understanding": 0.45780245249010626,
      "Reasoning": 0.3313268853021628,
      "Locating": 0.32150147699661213
    },
    "Element_Type": {
      "Text": 0.5055578821332314,
      "Layout": 0.3487986285072853,
      "Figure": 0.4227220751339076,
      "Table": 0.3042508111092922
    },
    "Evidence_Pages": {
      "Single_Page": 0.4016619048817473,
      "Multi_Page": 0.3916252175073456
    },
    "Num_of_Element_Types": {
      "Cross_Element": 0.3993654529586471
    },
    "Fine_Grained": {
      "Understanding": {
        "Single_Page": {
          "Text": 0.5181166693405571,
          "Layout": 0.5638728727675175,
          "Figure": 0.5114119726868547,
          "Table": 0.31055299447838386
        },
        "Multi_Page": {
          "Text": 0.5288156588284613,
          "Layout": 0.4576998262267835,
          "Figure": 0.4421731327521913,
          "Table": 0.3733591967782505
        }
      },
      "Reasoning": {
        "Single_Page": {
          "Text": 0.41932228340809347,
          "Layout": 0.48107427802697833,
          "Figure": 0.32142857142857145,
          "Table": 0.23341836734693877
        },
        "Multi_Page": {
          "Text": 0.4848033126293996,
          "Layout": 0.325,
          "Figure": 0.38522875816993457,
          "Table": 0.2562143170838823
        }
      },
      "Locating": {
        "Cross_Element": {
          "Cross_Title": 0.2502870738843285,
          "Cross_Table": 0.08773832187091997,
          "Para_Title": 0.4492095498650705,
          "Figure_Table": 0.4352341462105837
        }
      }
    }
  },
  "sample_count": 2325,
  "completed_count": 2325,
  "failed_count": 0
}