{
  "overall_acc": 0.42046734061255114,
  "avg_acc": 0.42046734061255114,
  "rectified_avg_acc": 0.42046734061255114,
  "fine_grained_metrics": {
    "Main_Task": {
      "Understanding": 0.4832476317312046,
      "Reasoning": 0.3456526551972288,
      "Locating": 0.3498448677999515
    },
    "Element_Type": {
      "Text": 0.5123412665628243,
      "Layout": 0.369423664111656,
      "Figure": 0.43486626134192397,
      "Table": 0.34926595826655055
    },
    "Evidence_Pages": {
      "Single_Page": 0.4393990315664594,
      "Multi_Page": 0.4043279881480011
    },
    "Num_of_Element_Types": {
      "Cross_Element": 0.41764522673727367
    },
    "Fine_Grained": {
      "Understanding": {
        "Single_Page": {
          "Text": 0.5105226729261179,
          "Layout": 0.5448247526435324,
          "Figure": 0.42492610840423706,
          "Table": 0.4193916521456476
        },
        "Multi_Page": {
          "Text": 0.5414054528563611,
          "Layout": 0.4946433626764613,
          "Figure": 0.44680370097251654,
          "Table": 0.38451848645698994
        }
      },
      "Reasoning": {
        "Single_Page": {
          "Text": 0.4329241071428571,
          "Layout": 0.6930803571428572,
          "Figure": 0.4642857142857143,
          "Table": 0.26403061224489793
        },
        "Multi_Page": {
          "Text": 0.39784679089026914,
          "Layout": 0.3,
          "Figure": 0.3969934640522875,
          "Table": 0.28519982433025914
        }
      },
      "Locating": {
        "Cross_Element": {
          "Cross_Title": 0.2541524734624723,
          "Cross_Table": 0.060252588875211656,
          "Para_Title": 0.5410940570957631,
          "Figure_Table": 0.4776442594572
        }
      }
    }
  },
  "sample_count": 2325,
  "completed_count": 2325,
  "failed_count": 0
}