{
  "overall_acc": 0.45755837509703956,
  "avg_acc": 0.45755837509703956,
  "rectified_avg_acc": 0.45755837509703956,
  "fine_grained_metrics": {
    "Main_Task": {
      "Understanding": 0.5210090967681404,
      "Reasoning": 0.4201807464724986,
      "Locating": 0.36489059846469235
    },
    "Element_Type": {
      "Text": 0.5580642622868469,
      "Layout": 0.38207631265193764,
      "Figure": 0.46886933870614117,
      "Table": 0.3922996403246839
    },
    "Evidence_Pages": {
      "Single_Page": 0.4740150065464904,
      "Multi_Page": 0.44367871540268483
    },
    "Num_of_Element_Types": {
      "Cross_Element": 0.44495932418150486
    },
    "Fine_Grained": {
      "Understanding": {
        "Single_Page": {
          "Text": 0.5611391405289099,
          "Layout": 0.5464282216383057,
          "Figure": 0.5052919212729462,
          "Table": 0.437349531897374
        },
        "Multi_Page": {
          "Text": 0.592152787778889,
          "Layout": 0.5231445241391588,
          "Figure": 0.48901595743195037,
          "Table": 0.43545191939394035
        }
      },
      "Reasoning": {
        "Single_Page": {
          "Text": 0.4878069196428571,
          "Layout": 0.5426897321428571,
          "Figure": 0.4642857142857143,
          "Table": 0.3762755102040816
        },
        "Multi_Page": {
          "Text": 0.5195859213250518,
          "Layout": 0.375,
          "Figure": 0.3969934640522875,
          "Table": 0.32356299568575786
        }
      },
      "Locating": {
        "Cross_Element": {
          "Cross_Title": 0.27525900618047067,
          "Cross_Table": 0.10555386995915911,
          "Para_Title": 0.49483574154741167,
          "Figure_Table": 0.5072710886746197
        }
      }
    }
  },
  "sample_count": 2325,
  "completed_count": 2325,
  "failed_count": 0
}