{
  "overall_acc": 0.45328948271520747,
  "avg_acc": 0.45328948271520747,
  "rectified_avg_acc": 0.4530945194968353,
  "fine_grained_metrics": {
    "Main_Task": {
      "Understanding": 0.5181960851281856,
      "Reasoning": 0.40784304517410896,
      "Locating": 0.36185865544378015
    },
    "Element_Type": {
      "Text": 0.5593542494437671,
      "Layout": 0.3885142919194348,
      "Figure": 0.4546291606502397,
      "Table": 0.3809403519707241
    },
    "Evidence_Pages": {
      "Single_Page": 0.4644906104052611,
      "Multi_Page": 0.44370448833918014
    },
    "Num_of_Element_Types": {
      "Cross_Element": 0.44450896063104806
    },
    "Fine_Grained": {
      "Understanding": {
        "Single_Page": {
          "Text": 0.5472016312057271,
          "Layout": 0.5469856352391975,
          "Figure": 0.5121579559395273,
          "Table": 0.4367972844320431
        },
        "Multi_Page": {
          "Text": 0.6010046306970965,
          "Layout": 0.5229914323818842,
          "Figure": 0.4724172457608712,
          "Table": 0.4289384220906984
        }
      },
      "Reasoning": {
        "Single_Page": {
          "Text": 0.5564911301691728,
          "Layout": 0.6260230654761905,
          "Figure": 0.42857142857142855,
          "Table": 0.336734693877551
        },
        "Multi_Page": {
          "Text": 0.4934989648033126,
          "Layout": 0.425,
          "Figure": 0.3969934640522875,
          "Table": 0.3141853315766359
        }
      },
      "Locating": {
        "Cross_Element": {
          "Cross_Title": 0.2840010127384773,
          "Cross_Table": 0.09769928552206951,
          "Para_Title": 0.5037651380062764,
          "Figure_Table": 0.4895308575339943
        }
      }
    }
  },
  "sample_count": 2325,
  "completed_count": 2324,
  "failed_count": 1
}