{
  "overall_acc": 0.407596705743984,
  "avg_acc": 0.407596705743984,
  "rectified_avg_acc": 0.4074213953329113,
  "fine_grained_metrics": {
    "Main_Task": {
      "Understanding": 0.47107735024686037,
      "Reasoning": 0.34055741610907914,
      "Locating": 0.3308055795078531
    },
    "Element_Type": {
      "Text": 0.5099670864013398,
      "Layout": 0.3458426217720117,
      "Figure": 0.41351443710456026,
      "Table": 0.3331550061340003
    },
    "Evidence_Pages": {
      "Single_Page": 0.4435114360007849,
      "Multi_Page": 0.37601361349606605
    },
    "Num_of_Element_Types": {
      "Cross_Element": 0.40064889833743145
    },
    "Fine_Grained": {
      "Understanding": {
        "Single_Page": {
          "Text": 0.5329389781299047,
          "Layout": 0.5273957598530692,
          "Figure": 0.4444493061703999,
          "Table": 0.4048877943239509
        },
        "Multi_Page": {
          "Text": 0.5222598459985776,
          "Layout": 0.4609347158425528,
          "Figure": 0.438685529494199,
          "Table": 0.3405404347271741
        }
      },
      "Reasoning": {
        "Single_Page": {
          "Text": 0.5106013531755353,
          "Layout": 0.5644076113603117,
          "Figure": 0.42857142857142855,
          "Table": 0.31505102040816324
        },
        "Multi_Page": {
          "Text": 0.39784679089026914,
          "Layout": 0.25,
          "Figure": 0.3264052287581699,
          "Table": 0.1970991378314033
        }
      },
      "Locating": {
        "Cross_Element": {
          "Cross_Title": 0.2325628657677945,
          "Cross_Table": 0.057786095576857065,
          "Para_Title": 0.5207192824125123,
          "Figure_Table": 0.45257641560793477
        }
      }
    }
  },
  "sample_count": 2325,
  "completed_count": 2324,
  "failed_count": 1
}