{
  "overall_acc": 0.45886903089456915,
  "avg_acc": 0.45886903089456915,
  "rectified_avg_acc": 0.45886903089456915,
  "fine_grained_metrics": {
    "Main_Task": {
      "Understanding": 0.5206676241953236,
      "Reasoning": 0.3925399955972805,
      "Locating": 0.3852772110200548
    },
    "Element_Type": {
      "Text": 0.5544923967883911,
      "Layout": 0.39465870127785513,
      "Figure": 0.45182793553718875,
      "Table": 0.3939522441064423
    },
    "Evidence_Pages": {
      "Single_Page": 0.47941827849664714,
      "Multi_Page": 0.4413547304333637
    },
    "Num_of_Element_Types": {
      "Cross_Element": 0.44020212709011447
    },
    "Fine_Grained": {
      "Understanding": {
        "Single_Page": {
          "Text": 0.5573989429535404,
          "Layout": 0.5592306447790747,
          "Figure": 0.4938915406272601,
          "Table": 0.4534674664577097
        },
        "Multi_Page": {
          "Text": 0.5870651972868639,
          "Layout": 0.5168371210639223,
          "Figure": 0.4631807043271053,
          "Table": 0.43074808631149003
        }
      },
      "Reasoning": {
        "Single_Page": {
          "Text": 0.48853280972388297,
          "Layout": 0.5644076113603117,
          "Figure": 0.42857142857142855,
          "Table": 0.31505102040816324
        },
        "Multi_Page": {
          "Text": 0.46741200828157353,
          "Layout": 0.35,
          "Figure": 0.36169934640522877,
          "Table": 0.3420266740632873
        }
      },
      "Locating": {
        "Cross_Element": {
          "Cross_Title": 0.3080667183250515,
          "Cross_Table": 0.0914548621795447,
          "Para_Title": 0.5360258426516578,
          "Figure_Table": 0.5233220701199262
        }
      }
    }
  },
  "sample_count": 2325,
  "completed_count": 2325,
  "failed_count": 0
}