{
  "overall_acc": 0.36246910126481574,
  "avg_acc": 0.36246910126481574,
  "rectified_avg_acc": 0.36246910126481574,
  "fine_grained_metrics": {
    "Main_Task": {
      "Understanding": 0.4205694771637594,
      "Reasoning": 0.2939730686339213,
      "Locating": 0.29669816225153445
    },
    "Element_Type": {
      "Text": 0.45117937396116875,
      "Layout": 0.31061375931329943,
      "Figure": 0.3829049989794983,
      "Table": 0.2931851143059881
    },
    "Evidence_Pages": {
      "Single_Page": 0.38721860619581017,
      "Multi_Page": 0.34106562916152566
    },
    "Num_of_Element_Types": {
      "Cross_Element": 0.3575151328892774
    },
    "Fine_Grained": {
      "Understanding": {
        "Single_Page": {
          "Text": 0.47990540994287384,
          "Layout": 0.5181394813930437,
          "Figure": 0.4129132090163431,
          "Table": 0.31905923856928303
        },
        "Multi_Page": {
          "Text": 0.4672497283658754,
          "Layout": 0.4341668105542485,
          "Figure": 0.39227552760699436,
          "Table": 0.3113379312815245
        }
      },
      "Reasoning": {
        "Single_Page": {
          "Text": 0.4329241071428571,
          "Layout": 0.6097470238095238,
          "Figure": 0.35714285714285715,
          "Table": 0.20280612244897958
        },
        "Multi_Page": {
          "Text": 0.39784679089026914,
          "Layout": 0.25,
          "Figure": 0.2911111111111111,
          "Table": 0.2127360562143171
        }
      },
      "Locating": {
        "Cross_Element": {
          "Cross_Title": 0.2064086478950296,
          "Cross_Table": 0.05730008041530415,
          "Para_Title": 0.3950059973578037,
          "Figure_Table": 0.4475387565695588
        }
      }
    }
  },
  "sample_count": 2325,
  "completed_count": 2325,
  "failed_count": 0
}