{
  "overall_acc": 0.4600666855113084,
  "avg_acc": 0.4600666855113084,
  "rectified_avg_acc": 0.4598688073670025,
  "fine_grained_metrics": {
    "Main_Task": {
      "Understanding": 0.5185897864492793,
      "Reasoning": 0.4025592331671965,
      "Locating": 0.3867589199080882
    },
    "Element_Type": {
      "Text": 0.5553630846025419,
      "Layout": 0.39848207925879836,
      "Figure": 0.46218442397942333,
      "Table": 0.3913319042878892
    },
    "Evidence_Pages": {
      "Single_Page": 0.47889323356521835,
      "Multi_Page": 0.44371111613129777
    },
    "Num_of_Element_Types": {
      "Cross_Element": 0.4459045894430777
    },
    "Fine_Grained": {
      "Understanding": {
        "Single_Page": {
          "Text": 0.557640407621945,
          "Layout": 0.5544755314713299,
          "Figure": 0.5049038235357352,
          "Table": 0.43216562693979765
        },
        "Multi_Page": {
          "Text": 0.5855242759264063,
          "Layout": 0.5286563578827269,
          "Figure": 0.4672618684957947,
          "Table": 0.4398122059716855
        }
      },
      "Reasoning": {
        "Single_Page": {
          "Text": 0.5411674626245848,
          "Layout": 0.6662946428571429,
          "Figure": 0.4642857142857143,
          "Table": 0.32653061224489793
        },
        "Multi_Page": {
          "Text": 0.4761076604554865,
          "Layout": 0.35,
          "Figure": 0.36169934640522877,
          "Table": 0.35140433817240924
        }
      },
      "Locating": {
        "Cross_Element": {
          "Cross_Title": 0.32117859041876623,
          "Cross_Table": 0.08462883814559972,
          "Para_Title": 0.524202239621026,
          "Figure_Table": 0.5271065464394941
        }
      }
    }
  },
  "sample_count": 2325,
  "completed_count": 2324,
  "failed_count": 1
}