{
  "overall_acc": 0.376756236365454,
  "avg_acc": 0.376756236365454,
  "rectified_avg_acc": 0.376756236365454,
  "fine_grained_metrics": {
    "Main_Task": {
      "Understanding": 0.4416623410621928,
      "Reasoning": 0.3234180168474287,
      "Locating": 0.2903729310639122
    },
    "Element_Type": {
      "Text": 0.47822284703279017,
      "Layout": 0.33668557215310535,
      "Figure": 0.38132486268725974,
      "Table": 0.2908683712378346
    },
    "Evidence_Pages": {
      "Single_Page": 0.3873620867135953,
      "Multi_Page": 0.3679442998144066
    },
    "Num_of_Element_Types": {
      "Cross_Element": 0.36919676524042233
    },
    "Fine_Grained": {
      "Understanding": {
        "Single_Page": {
          "Text": 0.5097786793285825,
          "Layout": 0.5797256385071512,
          "Figure": 0.3797935527579005,
          "Table": 0.32928573459161375
        },
        "Multi_Page": {
          "Text": 0.504541391843722,
          "Layout": 0.45595293558217215,
          "Figure": 0.42970004409520834,
          "Table": 0.3574774311054798
        }
      },
      "Reasoning": {
        "Single_Page": {
          "Text": 0.44280398110854124,
          "Layout": 0.5593466036951373,
          "Figure": 0.39285714285714285,
          "Table": 0.21301020408163265
        },
        "Multi_Page": {
          "Text": 0.45002070393374743,
          "Layout": 0.375,
          "Figure": 0.314640522875817,
          "Table": 0.2272288098375055
        }
      },
      "Locating": {
        "Cross_Element": {
          "Cross_Title": 0.24660798375163145,
          "Cross_Table": 0.07519288479020828,
          "Para_Title": 0.36747777533575937,
          "Figure_Table": 0.4000962062804149
        }
      }
    }
  },
  "sample_count": 2325,
  "completed_count": 2325,
  "failed_count": 0
}