{
  "overall_acc": 0.48397897963768943,
  "avg_acc": 0.48397897963768943,
  "rectified_avg_acc": 0.48397897963768943,
  "fine_grained_metrics": {
    "Main_Task": {
      "Understanding": 0.5375485716307488,
      "Reasoning": 0.5183032379761899,
      "Locating": 0.369057410106218
    },
    "Element_Type": {
      "Text": 0.53598188796127,
      "Layout": 0.3858114384420398,
      "Figure": 0.4868186345244557,
      "Table": 0.4731206547470065
    },
    "Evidence_Pages": {
      "Single_Page": 0.49749249746060964,
      "Multi_Page": 0.4720142619665817
    },
    "Num_of_Element_Types": {
      "Cross_Element": 0.45004505004607714
    },
    "Fine_Grained": {
      "Understanding": {
        "Single_Page": {
          "Text": 0.4855404460424821,
          "Layout": 0.44518357153490834,
          "Figure": 0.5107565093392361,
          "Table": 0.5726466742762474
        },
        "Multi_Page": {
          "Text": 0.5662820029595856,
          "Layout": 0.5235227077283763,
          "Figure": 0.5172260682400348,
          "Table": 0.5484850631492767
        }
      },
      "Reasoning": {
        "Single_Page": {
          "Text": 0.3943222834080935,
          "Layout": 0.397740944693645,
          "Figure": 0.6785714285714286,
          "Table": 0.5408163265306123
        },
        "Multi_Page": {
          "Text": 0.5852644456992283,
          "Layout": 0.425,
          "Figure": 0.514640522875817,
          "Table": 0.4528546332894159
        }
      },
      "Locating": {
        "Cross_Element": {
          "Cross_Title": 0.29450833818816236,
          "Cross_Table": 0.1265923911871366,
          "Para_Title": 0.5333561401873574,
          "Figure_Table": 0.4687371928690632
        }
      }
    }
  },
  "sample_count": 2325,
  "completed_count": 2325,
  "failed_count": 0
}