{
  "overall_acc": 0.5212181531952599,
  "avg_acc": 0.5212181531952599,
  "rectified_avg_acc": 0.5212181531952599,
  "fine_grained_metrics": {
    "Main_Task": {
      "Understanding": 0.5831712319651008,
      "Reasoning": 0.546398791390573,
      "Locating": 0.3963942914794346
    },
    "Element_Type": {
      "Text": 0.5742893223028023,
      "Layout": 0.43277680406736324,
      "Figure": 0.5233914697559949,
      "Table": 0.4913500042248524
    },
    "Evidence_Pages": {
      "Single_Page": 0.5426337727580962,
      "Multi_Page": 0.5022920380813773
    },
    "Num_of_Element_Types": {
      "Cross_Element": 0.4761129075011219
    },
    "Fine_Grained": {
      "Understanding": {
        "Single_Page": {
          "Text": 0.5478759812749655,
          "Layout": 0.5520646575907179,
          "Figure": 0.5897599681579487,
          "Table": 0.62286651230763
        },
        "Multi_Page": {
          "Text": 0.594670269762482,
          "Layout": 0.5637714316923296,
          "Figure": 0.5542339548330671,
          "Table": 0.5369671823427726
        }
      },
      "Reasoning": {
        "Single_Page": {
          "Text": 0.45830829739410744,
          "Layout": 0.5644076113603117,
          "Figure": 0.7142857142857143,
          "Table": 0.5510204081632653
        },
        "Multi_Page": {
          "Text": 0.57175983436853,
          "Layout": 0.425,
          "Figure": 0.5028758169934641,
          "Table": 0.5105387677617692
        }
      },
      "Locating": {
        "Cross_Element": {
          "Cross_Title": 0.330773190031572,
          "Cross_Table": 0.14482692760417318,
          "Para_Title": 0.5943070428163836,
          "Figure_Table": 0.4733349075233362
        }
      }
    }
  },
  "sample_count": 2325,
  "completed_count": 2325,
  "failed_count": 0
}