{
  "overall_acc": 0.5028870576020756,
  "avg_acc": 0.5028870576020756,
  "rectified_avg_acc": 0.5028870576020756,
  "fine_grained_metrics": {
    "Main_Task": {
      "Understanding": 0.555124883808017,
      "Reasoning": 0.5381821112032686,
      "Locating": 0.38980676448315965
    },
    "Element_Type": {
      "Text": 0.5622446452549542,
      "Layout": 0.41332963799680855,
      "Figure": 0.5148636707520777,
      "Table": 0.46660271334885206
    },
    "Evidence_Pages": {
      "Single_Page": 0.5191211087108635,
      "Multi_Page": 0.4885355702354199
    },
    "Num_of_Element_Types": {
      "Cross_Element": 0.4655425625404444
    },
    "Fine_Grained": {
      "Understanding": {
        "Single_Page": {
          "Text": 0.5260439971823307,
          "Layout": 0.539992748720256,
          "Figure": 0.5679471161313603,
          "Table": 0.5708686824041945
        },
        "Multi_Page": {
          "Text": 0.5761505169947524,
          "Layout": 0.5340243747377029,
          "Figure": 0.5420129595087048,
          "Table": 0.5118519305166571
        }
      },
      "Reasoning": {
        "Single_Page": {
          "Text": 0.40835737112739173,
          "Layout": 0.397740944693645,
          "Figure": 0.75,
          "Table": 0.5102040816326531
        },
        "Multi_Page": {
          "Text": 0.6152380952380951,
          "Layout": 0.4,
          "Figure": 0.5146405228758171,
          "Table": 0.4789182144020854
        }
      },
      "Locating": {
        "Cross_Element": {
          "Cross_Title": 0.319285958673144,
          "Cross_Table": 0.12490840551119875,
          "Para_Title": 0.5861637028251757,
          "Figure_Table": 0.47920492312135865
        }
      }
    }
  },
  "sample_count": 2325,
  "completed_count": 2325,
  "failed_count": 0
}