{
  "overall_acc": 0.5431935854744728,
  "avg_acc": 0.5431935854744728,
  "rectified_avg_acc": 0.5431935854744728,
  "fine_grained_metrics": {
    "Main_Task": {
      "Understanding": 0.6065154780682613,
      "Reasoning": 0.5748276362208866,
      "Locating": 0.41232813204578145
    },
    "Element_Type": {
      "Text": 0.598296033348207,
      "Layout": 0.44352042592338903,
      "Figure": 0.5345255966852104,
      "Table": 0.524379201642112
    },
    "Evidence_Pages": {
      "Single_Page": 0.565009791876416,
      "Multi_Page": 0.5239472341406031
    },
    "Num_of_Element_Types": {
      "Cross_Element": 0.4954302802201805
    },
    "Fine_Grained": {
      "Understanding": {
        "Single_Page": {
          "Text": 0.5487973194037505,
          "Layout": 0.5776540776763374,
          "Figure": 0.5831451290963011,
          "Table": 0.6700594890544885
        },
        "Multi_Page": {
          "Text": 0.6287671518912632,
          "Layout": 0.5450853248118872,
          "Figure": 0.5869183356272666,
          "Table": 0.6013291325045997
        }
      },
      "Reasoning": {
        "Single_Page": {
          "Text": 0.5333573711273918,
          "Layout": 0.647740944693645,
          "Figure": 0.75,
          "Table": 0.5612244897959183
        },
        "Multi_Page": {
          "Text": 0.597846790890269,
          "Layout": 0.475,
          "Figure": 0.5381699346405229,
          "Table": 0.539524275008146
        }
      },
      "Locating": {
        "Cross_Element": {
          "Cross_Title": 0.3554599112049149,
          "Cross_Table": 0.1351083653363232,
          "Para_Title": 0.6126804915127038,
          "Figure_Table": 0.4941979577922637
        }
      }
    }
  },
  "sample_count": 2325,
  "completed_count": 2325,
  "failed_count": 0
}