{
  "overall_acc": 0.4710213087174283,
  "avg_acc": 0.4710213087174283,
  "rectified_avg_acc": 0.4710213087174283,
  "fine_grained_metrics": {
    "Main_Task": {
      "Understanding": 0.5233241191034798,
      "Reasoning": 0.490752490640233,
      "Locating": 0.3664912933016185
    },
    "Element_Type": {
      "Text": 0.5179111652809372,
      "Layout": 0.3700648263485256,
      "Figure": 0.4799972060018184,
      "Table": 0.46835623429482803
    },
    "Evidence_Pages": {
      "Single_Page": 0.49440552040456304,
      "Multi_Page": 0.45026424654597363
    },
    "Num_of_Element_Types": {
      "Cross_Element": 0.44058781698613403
    },
    "Fine_Grained": {
      "Understanding": {
        "Single_Page": {
          "Text": 0.46171727556133796,
          "Layout": 0.41638960121439866,
          "Figure": 0.5123398733861733,
          "Table": 0.5662807528291383
        },
        "Multi_Page": {
          "Text": 0.5532245665767035,
          "Layout": 0.5112294522046045,
          "Figure": 0.5282896542243173,
          "Table": 0.5325717579150598
        }
      },
      "Reasoning": {
        "Single_Page": {
          "Text": 0.41932228340809347,
          "Layout": 0.48107427802697833,
          "Figure": 0.6428571428571429,
          "Table": 0.5204081632653061
        },
        "Multi_Page": {
          "Text": 0.5312598690401894,
          "Layout": 0.35,
          "Figure": 0.4440522875816993,
          "Table": 0.4463095187499114
        }
      },
      "Locating": {
        "Cross_Element": {
          "Cross_Title": 0.27357662339887745,
          "Cross_Table": 0.12240573767350092,
          "Para_Title": 0.5275376981710949,
          "Figure_Table": 0.4849643287668801
        }
      }
    }
  },
  "sample_count": 2325,
  "completed_count": 2325,
  "failed_count": 0
}