{
  "overall_acc": 0.4048969076585134,
  "avg_acc": 0.4048969076585134,
  "rectified_avg_acc": 0.4048969076585134,
  "fine_grained_metrics": {
    "Main_Task": {
      "Understanding": 0.45062916940510533,
      "Reasoning": 0.4207146994274113,
      "Locating": 0.3142973583555243
    },
    "Element_Type": {
      "Text": 0.4586980547367676,
      "Layout": 0.3138759046202222,
      "Figure": 0.41290519210013527,
      "Table": 0.38744758705608195
    },
    "Evidence_Pages": {
      "Single_Page": 0.42323507272741284,
      "Multi_Page": 0.3885163334151997
    },
    "Num_of_Element_Types": {
      "Cross_Element": 0.3781001593068306
    },
    "Fine_Grained": {
      "Understanding": {
        "Single_Page": {
          "Text": 0.40449036882754225,
          "Layout": 0.3371165283140768,
          "Figure": 0.432070268505949,
          "Table": 0.4751954161751637
        },
        "Multi_Page": {
          "Text": 0.491209077499186,
          "Layout": 0.4359375136818165,
          "Figure": 0.4430491968778291,
          "Table": 0.4138999873260722
        }
      },
      "Reasoning": {
        "Single_Page": {
          "Text": 0.3943222834080935,
          "Layout": 0.397740944693645,
          "Figure": 0.42857142857142855,
          "Table": 0.46938775510204084
        },
        "Multi_Page": {
          "Text": 0.476858648597779,
          "Layout": 0.3,
          "Figure": 0.4326797385620915,
          "Table": 0.2943991103177639
        }
      },
      "Locating": {
        "Cross_Element": {
          "Cross_Title": 0.22852003709765006,
          "Cross_Table": 0.10459881628208093,
          "Para_Title": 0.45960294616646696,
          "Figure_Table": 0.4171388836541706
        }
      }
    }
  },
  "sample_count": 2325,
  "completed_count": 2325,
  "failed_count": 0
}