{
  "overall_acc": 0.49350147376018555,
  "avg_acc": 0.49350147376018555,
  "rectified_avg_acc": 0.49350147376018555,
  "fine_grained_metrics": {
    "Main_Task": {
      "Understanding": 0.5337585562407442,
      "Reasoning": 0.519527681061098,
      "Locating": 0.40700982520077766
    },
    "Element_Type": {
      "Text": 0.5619555219070473,
      "Layout": 0.43041086734951384,
      "Figure": 0.5049225760091821,
      "Table": 0.4562317680055787
    },
    "Evidence_Pages": {
      "Single_Page": 0.5347412148026724,
      "Multi_Page": 0.4576575436691949
    },
    "Num_of_Element_Types": {
      "Cross_Element": 0.485134726799844
    },
    "Fine_Grained": {
      "Understanding": {
        "Single_Page": {
          "Text": 0.5312210491948637,
          "Layout": 0.6169143452368719,
          "Figure": 0.5860276582645747,
          "Table": 0.5266887560617441
        },
        "Multi_Page": {
          "Text": 0.5501353607458315,
          "Layout": 0.5257260163882302,
          "Figure": 0.4978575019516079,
          "Table": 0.4683281442724483
        }
      },
      "Reasoning": {
        "Single_Page": {
          "Text": 0.5193222834080935,
          "Layout": 0.647740944693645,
          "Figure": 0.6428571428571429,
          "Table": 0.5596546310832026
        },
        "Multi_Page": {
          "Text": 0.5618690005646526,
          "Layout": 0.4,
          "Figure": 0.4440522875816993,
          "Table": 0.4574659639877031
        }
      },
      "Locating": {
        "Cross_Element": {
          "Cross_Title": 0.2901003089475657,
          "Cross_Table": 0.11700941406890858,
          "Para_Title": 0.6708010643976168,
          "Figure_Table": 0.5104707117788909
        }
      }
    }
  },
  "sample_count": 2325,
  "completed_count": 2325,
  "failed_count": 0
}