{
  "overall_acc": 0.38145301888381816,
  "overall_f1": 0.38135116995767443,
  "breakdowns": {
    "single_page": {
      "acc": 0.5290882119985587,
      "f1": 0.5453930813318301,
      "count": 485
    },
    "cross_page": {
      "acc": 0.23457306445242454,
      "f1": 0.2508911906752019,
      "count": 369
    },
    "unanswerable": {
      "acc": 0.3114754098360656,
      "f1": 0.0,
      "count": 244
    }
  },
  "evidence_source_breakdowns": {
    "Chart": {
      "acc": 0.367180876239865,
      "f1": 0.3799895114575347,
      "count": 178
    },
    "Figure": {
      "acc": 0.386649962809915,
      "f1": 0.3925518134155383,
      "count": 293
    },
    "Generalized-text (Layout)": {
      "acc": 0.36599028741931555,
      "f1": 0.3738441562480562,
      "count": 119
    },
    "Pure-text (Plain-text)": {
      "acc": 0.34996440582583704,
      "f1": 0.3662744430358136,
      "count": 298
    },
    "Table": {
      "acc": 0.4008392219401394,
      "f1": 0.44469694851374236,
      "count": 218
    }
  },
  "document_type_breakdowns": {
    "Academic paper": {
      "acc": 0.3144263300506731,
      "f1": 0.31632721029962696,
      "count": 204
    },
    "Administration/Industry file": {
      "acc": 0.3918243082867266,
      "f1": 0.4195294740324796,
      "count": 81
    },
    "Brochure": {
      "acc": 0.35620538798065854,
      "f1": 0.3526675786593707,
      "count": 101
    },
    "Financial report": {
      "acc": 0.39874662201116234,
      "f1": 0.4418842910359347,
      "count": 117
    },
    "Guidebook": {
      "acc": 0.3946566426405136,
      "f1": 0.3919878779218614,
      "count": 156
    },
    "Research report / Introduction": {
      "acc": 0.37273908057094696,
      "f1": 0.34005456785777155,
      "count": 293
    },
    "Tutorial/Workshop": {
      "acc": 0.481118111367794,
      "f1": 0.49268131782530006,
      "count": 139
    }
  },
  "answer_format_breakdowns": {
    "Float": {
      "acc": 0.425,
      "f1": 0.480565371024735,
      "count": 160
    },
    "Int": {
      "acc": 0.3310344827586207,
      "f1": 0.3398230088495576,
      "count": 290
    },
    "List": {
      "acc": 0.2748569900080504,
      "f1": 0.287572793816252,
      "count": 147
    },
    "None": {
      "acc": 0.3114754098360656,
      "f1": 0.0,
      "count": 244
    },
    "Str": {
      "acc": 0.5430450642842488,
      "f1": 0.5575411337620624,
      "count": 250
    }
  },
  "sample_count": 1091,
  "completed_count": 1091,
  "failed_count": 0
}