{
  "overall_acc": 0.4110150007906579,
  "overall_f1": 0.4240676953807036,
  "breakdowns": {
    "single_page": {
      "acc": 0.5611304210770113,
      "f1": 0.5738768746745212,
      "count": 485
    },
    "cross_page": {
      "acc": 0.3123824163692609,
      "f1": 0.3298114782267733,
      "count": 369
    },
    "unanswerable": {
      "acc": 0.26229508196721313,
      "f1": 0.0,
      "count": 244
    }
  },
  "evidence_source_breakdowns": {
    "Chart": {
      "acc": 0.41068075962738887,
      "f1": 0.4262459196132666,
      "count": 178
    },
    "Figure": {
      "acc": 0.4338908473362801,
      "f1": 0.4421555415884455,
      "count": 293
    },
    "Generalized-text (Layout)": {
      "acc": 0.4436663208776631,
      "f1": 0.45125036055078555,
      "count": 119
    },
    "Pure-text (Plain-text)": {
      "acc": 0.41642837918016207,
      "f1": 0.4326736625507498,
      "count": 298
    },
    "Table": {
      "acc": 0.45476312678147546,
      "f1": 0.48836631348946624,
      "count": 218
    }
  },
  "document_type_breakdowns": {
    "Academic paper": {
      "acc": 0.33838124578947637,
      "f1": 0.3638109920296374,
      "count": 204
    },
    "Administration/Industry file": {
      "acc": 0.4343964297278957,
      "f1": 0.467410011379712,
      "count": 81
    },
    "Brochure": {
      "acc": 0.34540430787264775,
      "f1": 0.37076552436206306,
      "count": 101
    },
    "Financial report": {
      "acc": 0.4666953399598803,
      "f1": 0.49343507386097457,
      "count": 117
    },
    "Guidebook": {
      "acc": 0.4364804234348827,
      "f1": 0.44857873402194354,
      "count": 156
    },
    "Research report / Introduction": {
      "acc": 0.4029423034901749,
      "f1": 0.38638652894846526,
      "count": 293
    },
    "Tutorial/Workshop": {
      "acc": 0.49323201485387563,
      "f1": 0.5108651457650515,
      "count": 139
    }
  },
  "answer_format_breakdowns": {
    "Float": {
      "acc": 0.4875,
      "f1": 0.5342465753424658,
      "count": 160
    },
    "Int": {
      "acc": 0.40344827586206894,
      "f1": 0.40909090909090906,
      "count": 290
    },
    "List": {
      "acc": 0.3465571659899391,
      "f1": 0.3587598831022609,
      "count": 147
    },
    "None": {
      "acc": 0.26229508196721313,
      "f1": 0.0,
      "count": 244
    },
    "Str": {
      "acc": 0.5538938498483469,
      "f1": 0.5710245874725225,
      "count": 250
    }
  },
  "sample_count": 1091,
  "completed_count": 1091,
  "failed_count": 0
}