{
  "overall_acc": 0.3189862760425301,
  "overall_f1": 0.2969287733520194,
  "breakdowns": {
    "single_page": {
      "acc": 0.4341007139906224,
      "f1": 0.4674298339762429,
      "count": 485
    },
    "cross_page": {
      "acc": 0.11510889126544303,
      "f1": 0.12989351950137148,
      "count": 369
    },
    "unanswerable": {
      "acc": 0.4016393442622951,
      "f1": 0.0,
      "count": 244
    }
  },
  "evidence_source_breakdowns": {
    "Chart": {
      "acc": 0.3161480590296704,
      "f1": 0.3431363079712276,
      "count": 178
    },
    "Figure": {
      "acc": 0.2556995117025362,
      "f1": 0.26858179347640193,
      "count": 293
    },
    "Generalized-text (Layout)": {
      "acc": 0.2568820488858069,
      "f1": 0.2729371769411698,
      "count": 119
    },
    "Pure-text (Plain-text)": {
      "acc": 0.27110150455579995,
      "f1": 0.29343854136919323,
      "count": 298
    },
    "Table": {
      "acc": 0.27490233278144777,
      "f1": 0.3239389651154357,
      "count": 218
    }
  },
  "document_type_breakdowns": {
    "Academic paper": {
      "acc": 0.23553175648698194,
      "f1": 0.22043068127889504,
      "count": 204
    },
    "Administration/Industry file": {
      "acc": 0.382251890655252,
      "f1": 0.3753744833545175,
      "count": 81
    },
    "Brochure": {
      "acc": 0.3206530522592815,
      "f1": 0.3217799790022858,
      "count": 101
    },
    "Financial report": {
      "acc": 0.28123728123728126,
      "f1": 0.32029478458049887,
      "count": 117
    },
    "Guidebook": {
      "acc": 0.3215521251235537,
      "f1": 0.30336433893285203,
      "count": 156
    },
    "Research report / Introduction": {
      "acc": 0.34369875160553676,
      "f1": 0.2681027622715002,
      "count": 293
    },
    "Tutorial/Workshop": {
      "acc": 0.38019107750600445,
      "f1": 0.367781628955662,
      "count": 139
    }
  },
  "answer_format_breakdowns": {
    "Float": {
      "acc": 0.30625,
      "f1": 0.37547892720306514,
      "count": 160
    },
    "Int": {
      "acc": 0.22413793103448276,
      "f1": 0.24208566108007448,
      "count": 290
    },
    "List": {
      "acc": 0.18198880388100905,
      "f1": 0.1974343481218327,
      "count": 147
    },
    "None": {
      "acc": 0.4016393442622951,
      "f1": 0.0,
      "count": 244
    },
    "Str": {
      "acc": 0.43704669196756807,
      "f1": 0.465934639624273,
      "count": 250
    }
  },
  "sample_count": 1091,
  "completed_count": 1091,
  "failed_count": 0
}