{
  "overall_acc": 0.433007926487029,
  "overall_f1": 0.44528190703103654,
  "breakdowns": {
    "single_page": {
      "acc": 0.5792693551151633,
      "f1": 0.5909865195568946,
      "count": 485
    },
    "cross_page": {
      "acc": 0.35182426402069733,
      "f1": 0.36263450676993664,
      "count": 369
    },
    "unanswerable": {
      "acc": 0.2608313817330211,
      "f1": 0.0,
      "count": 244
    }
  },
  "evidence_source_breakdowns": {
    "Chart": {
      "acc": 0.4151000738466837,
      "f1": 0.4210131803117362,
      "count": 178
    },
    "Figure": {
      "acc": 0.46473997228217706,
      "f1": 0.46830300830254057,
      "count": 293
    },
    "Generalized-text (Layout)": {
      "acc": 0.45531147043797754,
      "f1": 0.4591700422213502,
      "count": 119
    },
    "Pure-text (Plain-text)": {
      "acc": 0.4567921515103019,
      "f1": 0.4673312235194075,
      "count": 298
    },
    "Table": {
      "acc": 0.4857016072612403,
      "f1": 0.5090526460718768,
      "count": 218
    }
  },
  "document_type_breakdowns": {
    "Academic paper": {
      "acc": 0.3532675609874923,
      "f1": 0.37356607837579253,
      "count": 204
    },
    "Administration/Industry file": {
      "acc": 0.46869769329964645,
      "f1": 0.5065424388348079,
      "count": 81
    },
    "Brochure": {
      "acc": 0.41471123856571707,
      "f1": 0.44440954394442767,
      "count": 101
    },
    "Financial report": {
      "acc": 0.5179773912419315,
      "f1": 0.5549348507382942,
      "count": 117
    },
    "Guidebook": {
      "acc": 0.46951164874551976,
      "f1": 0.4670063349170626,
      "count": 156
    },
    "Research report / Introduction": {
      "acc": 0.3932039810935149,
      "f1": 0.37791522918794396,
      "count": 293
    },
    "Tutorial/Workshop": {
      "acc": 0.5139480479387377,
      "f1": 0.5286564888623713,
      "count": 139
    }
  },
  "answer_format_breakdowns": {
    "Float": {
      "acc": 0.525,
      "f1": 0.558139534883721,
      "count": 160
    },
    "Int": {
      "acc": 0.4482758620689655,
      "f1": 0.4537521815008726,
      "count": 290
    },
    "List": {
      "acc": 0.3226453285276815,
      "f1": 0.33051472678445426,
      "count": 147
    },
    "None": {
      "acc": 0.2608313817330211,
      "f1": 0.0,
      "count": 244
    },
    "Str": {
      "acc": 0.5893597094436894,
      "f1": 0.5965179245381472,
      "count": 250
    }
  },
  "sample_count": 1091,
  "completed_count": 1091,
  "failed_count": 0
}