{
  "overall_acc": 0.39071286733916377,
  "overall_f1": 0.38940271069152604,
  "breakdowns": {
    "single_page": {
      "acc": 0.5352468484620934,
      "f1": 0.5473120374820455,
      "count": 485
    },
    "cross_page": {
      "acc": 0.2565664410919035,
      "f1": 0.2704943336083212,
      "count": 369
    },
    "unanswerable": {
      "acc": 0.3114754098360656,
      "f1": 0.0,
      "count": 244
    }
  },
  "evidence_source_breakdowns": {
    "Chart": {
      "acc": 0.3818500397854331,
      "f1": 0.39402496859018604,
      "count": 178
    },
    "Figure": {
      "acc": 0.3792352070828138,
      "f1": 0.3833897718981008,
      "count": 293
    },
    "Generalized-text (Layout)": {
      "acc": 0.3800834506586373,
      "f1": 0.38658060366134905,
      "count": 119
    },
    "Pure-text (Plain-text)": {
      "acc": 0.4143436326359758,
      "f1": 0.4269750528137814,
      "count": 298
    },
    "Table": {
      "acc": 0.4077199558850935,
      "f1": 0.43614367435707385,
      "count": 218
    }
  },
  "document_type_breakdowns": {
    "Academic paper": {
      "acc": 0.27834245205503044,
      "f1": 0.28611061712156133,
      "count": 204
    },
    "Administration/Industry file": {
      "acc": 0.4117626848719286,
      "f1": 0.42750390809332695,
      "count": 81
    },
    "Brochure": {
      "acc": 0.3265024176836288,
      "f1": 0.3291381668946648,
      "count": 101
    },
    "Financial report": {
      "acc": 0.41584063910517943,
      "f1": 0.4500345853124329,
      "count": 117
    },
    "Guidebook": {
      "acc": 0.45097981293427214,
      "f1": 0.44806914701364414,
      "count": 156
    },
    "Research report / Introduction": {
      "acc": 0.4021903460290383,
      "f1": 0.37485489688431545,
      "count": 293
    },
    "Tutorial/Workshop": {
      "acc": 0.4770387007738709,
      "f1": 0.47317965888712643,
      "count": 139
    }
  },
  "answer_format_breakdowns": {
    "Float": {
      "acc": 0.45,
      "f1": 0.4914675767918089,
      "count": 160
    },
    "Int": {
      "acc": 0.35517241379310344,
      "f1": 0.3620386643233743,
      "count": 290
    },
    "List": {
      "acc": 0.2905772992957867,
      "f1": 0.30080889434141295,
      "count": 147
    },
    "None": {
      "acc": 0.3114754098360656,
      "f1": 0.0,
      "count": 244
    },
    "Str": {
      "acc": 0.5302115010821881,
      "f1": 0.5466097949300908,
      "count": 250
    }
  },
  "sample_count": 1091,
  "completed_count": 1091,
  "failed_count": 0
}