{
  "overall_acc": 0.5642185329541968,
  "avg_acc": 0.5642185329541968,
  "rectified_avg_acc": 0.5642185329541968,
  "fine_grained_metrics": {
    "Main_Task": {
      "Understanding": 0.6360801682198454,
      "Reasoning": 0.5761107706674435,
      "Locating": 0.42907276514091824
    },
    "Element_Type": {
      "Text": 0.630653205245145,
      "Layout": 0.4822107982372305,
      "Figure": 0.5571081215876305,
      "Table": 0.5215216556126434
    },
    "Evidence_Pages": {
      "Single_Page": 0.5868758994430523,
      "Multi_Page": 0.5442588986284275
    },
    "Num_of_Element_Types": {
      "Cross_Element": 0.5210162433948976
    },
    "Fine_Grained": {
      "Understanding": {
        "Single_Page": {
          "Text": 0.6361990198715524,
          "Layout": 0.6380927243111676,
          "Figure": 0.6238473543630144,
          "Table": 0.6694706533096236
        },
        "Multi_Page": {
          "Text": 0.6383611286529786,
          "Layout": 0.586477500190701,
          "Figure": 0.5906512671774442,
          "Table": 0.5925686483727783
        }
      },
      "Reasoning": {
        "Single_Page": {
          "Text": 0.5193222834080935,
          "Layout": 0.7310742780269783,
          "Figure": 0.7857142857142857,
          "Table": 0.5204081632653061
        },
        "Multi_Page": {
          "Text": 0.6205108225108226,
          "Layout": 0.575,
          "Figure": 0.5466405228758169,
          "Table": 0.5444224857268335
        }
      },
      "Locating": {
        "Cross_Element": {
          "Cross_Title": 0.3935674810248029,
          "Cross_Table": 0.1480441659585081,
          "Para_Title": 0.6362636784569675,
          "Figure_Table": 0.4903758408120188
        }
      }
    }
  },
  "sample_count": 2325,
  "completed_count": 2325,
  "failed_count": 0
}