{
  "avg_acc": 0.5231841946258675,
  "rectified_avg_acc": 0.5231841946258675
}