{
  "Main_Task": {
    "Understanding": 0.57727416925999,
    "Reasoning": 0.5152649354175286,
    "Locating": 0.4308545756955261
  },
  "Element_Type": {
    "Text": 0.5700071203903051,
    "Layout": 0.43760816999526364,
    "Figure": 0.533875774302794,
    "Table": 0.49619997059182885
  },
  "Evidence_Pages": {
    "Single_Page": 0.5465565617142342,
    "Multi_Page": 0.5025224754773968
  },
  "Num_of_Element_Types": {
    "Cross_Element": 0.48236410722247847
  },
  "Fine_Grained": {
    "Understanding": {
      "Single_Page": {
        "Text": 0.5321345712643047,
        "Layout": 0.5365136447543128,
        "Figure": 0.5910609031463735,
        "Table": 0.6043142600963174
      },
      "Multi_Page": {
        "Text": 0.5927594087188252,
        "Layout": 0.5501189374310957,
        "Figure": 0.5463181707714292,
        "Table": 0.5620095655469836
      }
    },
    "Reasoning": {
      "Single_Page": {
        "Text": 0.482088240854902,
        "Layout": 0.48107427802697833,
        "Figure": 0.6785714285714286,
        "Table": 0.5306122448979592
      },
      "Multi_Page": {
        "Text": 0.554368530020704,
        "Layout": 0.375,
        "Figure": 0.502875816993464,
        "Table": 0.3945967387762619
      }
    },
    "Locating": {
      "Cross_Element": {
        "Cross_Title": 0.3586358567385984,
        "Cross_Table": 0.17030930089877544,
        "Para_Title": 0.6068313508138082,
        "Figure_Table": 0.5314426663601515
      }
    }
  }
}