{
  "avg_acc": 0.5019496726678105,
  "rectified_avg_acc": 0.5019496726678105
}