{
  "overall_acc": 0.36383206156128833,
  "avg_acc": 0.36383206156128833,
  "rectified_avg_acc": 0.36383206156128833,
  "fine_grained_metrics": {
    "Main_Task": {
      "Understanding": 0.4331958228950612,
      "Reasoning": 0.280030144463029,
      "Locating": 0.28643952426509633
    },
    "Element_Type": {
      "Text": 0.4747982329384483,
      "Layout": 0.34683496565245014,
      "Figure": 0.3735821877469292,
      "Table": 0.2426726074880985
    },
    "Evidence_Pages": {
      "Single_Page": 0.34298665848667026,
      "Multi_Page": 0.38294725642606886
    },
    "Num_of_Element_Types": {
      "Cross_Element": 0.35899948571413676
    },
    "Fine_Grained": {
      "Understanding": {
        "Single_Page": {
          "Text": 0.467056176783927,
          "Layout": 0.510978538271555,
          "Figure": 0.40698624665028565,
          "Table": 0.28243472049600654
        },
        "Multi_Page": {
          "Text": 0.5369565624097826,
          "Layout": 0.47756624403386677,
          "Figure": 0.41731594559520846,
          "Table": 0.3118042187005855
        }
      },
      "Reasoning": {
        "Single_Page": {
          "Text": 0.275,
          "Layout": 0.3333333333333333,
          "Figure": 0.39285714285714285,
          "Table": 0.16198979591836735
        },
        "Multi_Page": {
          "Text": 0.37175983436853005,
          "Layout": 0.325,
          "Figure": 0.3969934640522875,
          "Table": 0.18260638420821487
        }
      },
      "Locating": {
        "Cross_Element": {
          "Cross_Title": 0.2708791975506555,
          "Cross_Table": 0.08523430892995465,
          "Para_Title": 0.43326828944427787,
          "Figure_Table": 0.3226470652706484
        }
      }
    }
  },
  "sample_count": 2325,
  "completed_count": 2325,
  "failed_count": 0
}