{
  "overall_acc": 0.3987334950023584,
  "avg_acc": 0.3987334950023584,
  "rectified_avg_acc": 0.39839049844751767,
  "fine_grained_metrics": {
    "Main_Task": {
      "Understanding": 0.46918306836558055,
      "Reasoning": 0.31382587409719187,
      "Locating": 0.3188672541531631
    },
    "Element_Type": {
      "Text": 0.5074451781683804,
      "Layout": 0.36761496825082884,
      "Figure": 0.42122246338687364,
      "Table": 0.28312577860032007
    },
    "Evidence_Pages": {
      "Single_Page": 0.38259577193880895,
      "Multi_Page": 0.413073764358829
    },
    "Num_of_Element_Types": {
      "Cross_Element": 0.39320416046767753
    },
    "Fine_Grained": {
      "Understanding": {
        "Single_Page": {
          "Text": 0.518302599724244,
          "Layout": 0.5504775500255532,
          "Figure": 0.4415238114567967,
          "Table": 0.32344298751569456
        },
        "Multi_Page": {
          "Text": 0.5584373726693775,
          "Layout": 0.48614949510322064,
          "Figure": 0.4652435669747102,
          "Table": 0.35862967996881356
        }
      },
      "Reasoning": {
        "Single_Page": {
          "Text": 0.275,
          "Layout": 0.4166666666666667,
          "Figure": 0.39285714285714285,
          "Table": 0.19260204081632654
        },
        "Multi_Page": {
          "Text": 0.43262939958592134,
          "Layout": 0.35,
          "Figure": 0.4440522875816993,
          "Table": 0.2127360562143171
        }
      },
      "Locating": {
        "Cross_Element": {
          "Cross_Title": 0.30031660548522554,
          "Cross_Table": 0.0895020288008748,
          "Para_Title": 0.45270070602829116,
          "Figure_Table": 0.3807439462300073
        }
      }
    }
  },
  "sample_count": 2325,
  "completed_count": 2323,
  "failed_count": 2
}