{
  "overall_acc": 0.36997297071455687,
  "avg_acc": 0.36997297071455687,
  "rectified_avg_acc": 0.36981384255510974,
  "fine_grained_metrics": {
    "Main_Task": {
      "Understanding": 0.44016301230071536,
      "Reasoning": 0.2932975938789892,
      "Locating": 0.2866020011793838
    },
    "Element_Type": {
      "Text": 0.48281519436967,
      "Layout": 0.33881661371172567,
      "Figure": 0.37691662601273007,
      "Table": 0.26470408417691976
    },
    "Evidence_Pages": {
      "Single_Page": 0.34962066822005644,
      "Multi_Page": 0.38835918176919343
    },
    "Num_of_Element_Types": {
      "Cross_Element": 0.3683631657523829
    },
    "Fine_Grained": {
      "Understanding": {
        "Single_Page": {
          "Text": 0.5056858580744098,
          "Layout": 0.4883518583728768,
          "Figure": 0.42894657924000346,
          "Table": 0.29724908717453835
        },
        "Multi_Page": {
          "Text": 0.5270648223684749,
          "Layout": 0.4525876510267626,
          "Figure": 0.44180619381040287,
          "Table": 0.3508227706336233
        }
      },
      "Reasoning": {
        "Single_Page": {
          "Text": 0.25,
          "Layout": 0.25,
          "Figure": 0.39285714285714285,
          "Table": 0.17219387755102042
        },
        "Multi_Page": {
          "Text": 0.43262939958592134,
          "Layout": 0.375,
          "Figure": 0.35058823529411764,
          "Table": 0.2272288098375055
        }
      },
      "Locating": {
        "Cross_Element": {
          "Cross_Title": 0.26123273362574234,
          "Cross_Table": 0.12255316534571763,
          "Para_Title": 0.40659539197492484,
          "Figure_Table": 0.3269928304189277
        }
      }
    }
  },
  "sample_count": 2325,
  "completed_count": 2324,
  "failed_count": 1
}