{
  "overall_acc": 0.3521755651085201,
  "avg_acc": 0.3521755651085201,
  "rectified_avg_acc": 0.3521755651085201,
  "fine_grained_metrics": {
    "Main_Task": {
      "Understanding": 0.4253314215236637,
      "Reasoning": 0.2803776972381623,
      "Locating": 0.26131663754277157
    },
    "Element_Type": {
      "Text": 0.4490748219691642,
      "Layout": 0.31869820583130826,
      "Figure": 0.372770114959455,
      "Table": 0.24369616707933803
    },
    "Evidence_Pages": {
      "Single_Page": 0.3388022126184568,
      "Multi_Page": 0.3646320085246634
    },
    "Num_of_Element_Types": {
      "Cross_Element": 0.3359020080465068
    },
    "Fine_Grained": {
      "Understanding": {
        "Single_Page": {
          "Text": 0.47177438506989383,
          "Layout": 0.4886872372796844,
          "Figure": 0.4116272622596788,
          "Table": 0.27777904497485445
        },
        "Multi_Page": {
          "Text": 0.49779885956671716,
          "Layout": 0.4206263790018183,
          "Figure": 0.42030571273506484,
          "Table": 0.34732945458531245
        }
      },
      "Reasoning": {
        "Single_Page": {
          "Text": 0.3,
          "Layout": 0.4166666666666667,
          "Figure": 0.32142857142857145,
          "Table": 0.17219387755102042
        },
        "Multi_Page": {
          "Text": 0.39784679089026914,
          "Layout": 0.4,
          "Figure": 0.4564705882352941,
          "Table": 0.14027228809837505
        }
      },
      "Locating": {
        "Cross_Element": {
          "Cross_Title": 0.2564019427722731,
          "Cross_Table": 0.10315321032371637,
          "Para_Title": 0.3351352668891242,
          "Figure_Table": 0.30808414082424684
        }
      }
    }
  },
  "sample_count": 2325,
  "completed_count": 2325,
  "failed_count": 0
}