{
  "overall_acc": 0.3346176336746951,
  "overall_f1": 0.2492821234868644,
  "breakdowns": {
    "single_page": {
      "acc": 0.24428674963787997,
      "f1": 0.3269181043236709,
      "count": 485
    },
    "cross_page": {
      "acc": 0.1045765982783756,
      "f1": 0.1565467130414629,
      "count": 369
    },
    "unanswerable": {
      "acc": 0.8811475409836066,
      "f1": 0.0,
      "count": 244
    }
  },
  "evidence_source_breakdowns": {
    "Chart": {
      "acc": 0.13235697128947496,
      "f1": 0.19390568633355182,
      "count": 178
    },
    "Figure": {
      "acc": 0.04380683865770674,
      "f1": 0.05871882821915268,
      "count": 293
    },
    "Generalized-text (Layout)": {
      "acc": 0.18185757619529105,
      "f1": 0.2532644364078483,
      "count": 119
    },
    "Pure-text (Plain-text)": {
      "acc": 0.24440853796821754,
      "f1": 0.30408195988235026,
      "count": 298
    },
    "Table": {
      "acc": 0.2579878072997339,
      "f1": 0.34311392541206204,
      "count": 218
    }
  },
  "document_type_breakdowns": {
    "Academic paper": {
      "acc": 0.35131946059056035,
      "f1": 0.28042205974656054,
      "count": 204
    },
    "Administration/Industry file": {
      "acc": 0.35995812466400706,
      "f1": 0.26579006258150645,
      "count": 81
    },
    "Brochure": {
      "acc": 0.2947504620002556,
      "f1": 0.19231779753617534,
      "count": 101
    },
    "Financial report": {
      "acc": 0.34048359048359045,
      "f1": 0.4004460986168303,
      "count": 117
    },
    "Guidebook": {
      "acc": 0.40387663833109755,
      "f1": 0.3351865468070402,
      "count": 156
    },
    "Research report / Introduction": {
      "acc": 0.3380045724139326,
      "f1": 0.16519133826310833,
      "count": 293
    },
    "Tutorial/Workshop": {
      "acc": 0.2345006347862886,
      "f1": 0.09325980392156863,
      "count": 139
    }
  },
  "answer_format_breakdowns": {
    "Float": {
      "acc": 0.25625,
      "f1": 0.3504273504273504,
      "count": 160
    },
    "Int": {
      "acc": 0.10689655172413794,
      "f1": 0.16489361702127658,
      "count": 290
    },
    "List": {
      "acc": 0.11867765992936992,
      "f1": 0.1677463077847825,
      "count": 147
    },
    "None": {
      "acc": 0.8811475409836066,
      "f1": 0.0,
      "count": 244
    },
    "Str": {
      "acc": 0.24248888931789997,
      "f1": 0.3396202931623249,
      "count": 250
    }
  },
  "sample_count": 1091,
  "completed_count": 1091,
  "failed_count": 0
}