{
  "overall_acc": 0.32497447031761956,
  "overall_f1": 0.23463630570371105,
  "breakdowns": {
    "single_page": {
      "acc": 0.22541004649047577,
      "f1": 0.3045353349639308,
      "count": 485
    },
    "cross_page": {
      "acc": 0.10358610994211968,
      "f1": 0.15412610713162161,
      "count": 369
    },
    "unanswerable": {
      "acc": 0.8770491803278688,
      "f1": 0.0,
      "count": 244
    }
  },
  "evidence_source_breakdowns": {
    "Chart": {
      "acc": 0.13439930855661192,
      "f1": 0.19853175869773376,
      "count": 178
    },
    "Figure": {
      "acc": 0.04778156996587031,
      "f1": 0.0650887573964497,
      "count": 293
    },
    "Generalized-text (Layout)": {
      "acc": 0.16523353527457493,
      "f1": 0.22899129690398057,
      "count": 119
    },
    "Pure-text (Plain-text)": {
      "acc": 0.2146516232385089,
      "f1": 0.2637323320605354,
      "count": 298
    },
    "Table": {
      "acc": 0.2431490527820803,
      "f1": 0.32202163161915487,
      "count": 218
    }
  },
  "document_type_breakdowns": {
    "Academic paper": {
      "acc": 0.31327985739750447,
      "f1": 0.22144522144522147,
      "count": 204
    },
    "Administration/Industry file": {
      "acc": 0.3150018705574261,
      "f1": 0.2303030303030303,
      "count": 81
    },
    "Brochure": {
      "acc": 0.313676135055366,
      "f1": 0.21238708437439938,
      "count": 101
    },
    "Financial report": {
      "acc": 0.349030599030599,
      "f1": 0.41773555662444545,
      "count": 117
    },
    "Guidebook": {
      "acc": 0.38092037890424985,
      "f1": 0.2997112470935845,
      "count": 156
    },
    "Research report / Introduction": {
      "acc": 0.34329647652133566,
      "f1": 0.1701444126003553,
      "count": 293
    },
    "Tutorial/Workshop": {
      "acc": 0.2345006347862886,
      "f1": 0.09325980392156863,
      "count": 139
    }
  },
  "answer_format_breakdowns": {
    "Float": {
      "acc": 0.23125,
      "f1": 0.3231441048034934,
      "count": 160
    },
    "Int": {
      "acc": 0.10689655172413794,
      "f1": 0.1631578947368421,
      "count": 290
    },
    "List": {
      "acc": 0.10178860127560539,
      "f1": 0.14597975012208772,
      "count": 147
    },
    "None": {
      "acc": 0.8770491803278688,
      "f1": 0.0,
      "count": 244
    },
    "Str": {
      "acc": 0.2303368909160357,
      "f1": 0.32533459168931594,
      "count": 250
    }
  },
  "sample_count": 1091,
  "completed_count": 1091,
  "failed_count": 0
}