{
  "overall_acc": 0.2738513647796077,
  "overall_f1": 0.1359689509597541,
  "breakdowns": {
    "single_page": {
      "acc": 0.13445640227543146,
      "f1": 0.19501291491988026,
      "count": 485
    },
    "cross_page": {
      "acc": 0.03403925168283941,
      "f1": 0.05869384986433524,
      "count": 369
    },
    "unanswerable": {
      "acc": 0.9344262295081968,
      "f1": 0.0,
      "count": 244
    }
  },
  "evidence_source_breakdowns": {
    "Chart": {
      "acc": 0.06659358728418745,
      "f1": 0.11397748592870544,
      "count": 178
    },
    "Figure": {
      "acc": 0.030229156509019993,
      "f1": 0.037425832952989506,
      "count": 293
    },
    "Generalized-text (Layout)": {
      "acc": 0.08403361344537816,
      "f1": 0.12949640287769787,
      "count": 119
    },
    "Pure-text (Plain-text)": {
      "acc": 0.14373787598385696,
      "f1": 0.19010019651559346,
      "count": 298
    },
    "Table": {
      "acc": 0.1124945391000437,
      "f1": 0.17296918767507005,
      "count": 218
    }
  },
  "document_type_breakdowns": {
    "Academic paper": {
      "acc": 0.27450980392156865,
      "f1": 0.10471204188481674,
      "count": 204
    },
    "Administration/Industry file": {
      "acc": 0.2698412698412698,
      "f1": 0.159468438538206,
      "count": 81
    },
    "Brochure": {
      "acc": 0.2656475517092265,
      "f1": 0.15058466774292073,
      "count": 101
    },
    "Financial report": {
      "acc": 0.18803418803418803,
      "f1": 0.2173913043478261,
      "count": 117
    },
    "Guidebook": {
      "acc": 0.3234570089408799,
      "f1": 0.2083454860098388,
      "count": 156
    },
    "Research report / Introduction": {
      "acc": 0.310580204778157,
      "f1": 0.0894308943089431,
      "count": 293
    },
    "Tutorial/Workshop": {
      "acc": 0.22032374100719423,
      "f1": 0.061440677966101705,
      "count": 139
    }
  },
  "answer_format_breakdowns": {
    "Float": {
      "acc": 0.11875,
      "f1": 0.19689119170984454,
      "count": 160
    },
    "Int": {
      "acc": 0.05172413793103448,
      "f1": 0.0911854103343465,
      "count": 290
    },
    "List": {
      "acc": 0.031462585034013606,
      "f1": 0.04973118279569892,
      "count": 147
    },
    "None": {
      "acc": 0.9344262295081968,
      "f1": 0.0,
      "count": 244
    },
    "Str": {
      "acc": 0.128587355898208,
      "f1": 0.2028191733410221,
      "count": 250
    }
  },
  "sample_count": 1091,
  "completed_count": 1091,
  "failed_count": 0
}