{
  "overall_acc": 0.3337197550338809,
  "overall_f1": 0.2572632265939204,
  "breakdowns": {
    "single_page": {
      "acc": 0.25298199617424233,
      "f1": 0.335838223931807,
      "count": 485
    },
    "cross_page": {
      "acc": 0.1148834270933782,
      "f1": 0.16889236891416956,
      "count": 369
    },
    "unanswerable": {
      "acc": 0.8442622950819673,
      "f1": 0.0,
      "count": 244
    }
  },
  "evidence_source_breakdowns": {
    "Chart": {
      "acc": 0.14481312055990048,
      "f1": 0.20956695495660393,
      "count": 178
    },
    "Figure": {
      "acc": 0.05404574650753609,
      "f1": 0.0741930851254802,
      "count": 293
    },
    "Generalized-text (Layout)": {
      "acc": 0.18185757619529105,
      "f1": 0.251720141063898,
      "count": 119
    },
    "Pure-text (Plain-text)": {
      "acc": 0.26140083227594807,
      "f1": 0.318640215812281,
      "count": 298
    },
    "Table": {
      "acc": 0.24422633940982563,
      "f1": 0.3254912273603862,
      "count": 218
    }
  },
  "document_type_breakdowns": {
    "Academic paper": {
      "acc": 0.3449650669812648,
      "f1": 0.2720409551611598,
      "count": 204
    },
    "Administration/Industry file": {
      "acc": 0.37230380367635274,
      "f1": 0.31070400188047254,
      "count": 81
    },
    "Brochure": {
      "acc": 0.30465145209926553,
      "f1": 0.2120684083247895,
      "count": 101
    },
    "Financial report": {
      "acc": 0.33193658193658193,
      "f1": 0.3956214468262661,
      "count": 117
    },
    "Guidebook": {
      "acc": 0.39810430582489403,
      "f1": 0.321970820413727,
      "count": 156
    },
    "Research report / Introduction": {
      "acc": 0.3319199122437475,
      "f1": 0.18107996204264457,
      "count": 293
    },
    "Tutorial/Workshop": {
      "acc": 0.2488891239949217,
      "f1": 0.12451783992285438,
      "count": 139
    }
  },
  "answer_format_breakdowns": {
    "Float": {
      "acc": 0.25,
      "f1": 0.34334763948497854,
      "count": 160
    },
    "Int": {
      "acc": 0.12413793103448276,
      "f1": 0.18798955613577023,
      "count": 290
    },
    "List": {
      "acc": 0.11911101845796652,
      "f1": 0.16755329869206775,
      "count": 147
    },
    "None": {
      "acc": 0.8442622950819673,
      "f1": 0.0,
      "count": 244
    },
    "Str": {
      "acc": 0.25831573211457204,
      "f1": 0.3528903444188143,
      "count": 250
    }
  },
  "sample_count": 1091,
  "completed_count": 1091,
  "failed_count": 0
}