{
  "overall_acc": 0.3358990674058537,
  "overall_f1": 0.26056516754867054,
  "breakdowns": {
    "single_page": {
      "acc": 0.2542767468004751,
      "f1": 0.3366837111381488,
      "count": 485
    },
    "cross_page": {
      "acc": 0.11691506867630345,
      "f1": 0.17395830782885474,
      "count": 369
    },
    "unanswerable": {
      "acc": 0.8483606557377049,
      "f1": 0.0,
      "count": 244
    }
  },
  "evidence_source_breakdowns": {
    "Chart": {
      "acc": 0.1348314606741573,
      "f1": 0.19512195121951217,
      "count": 178
    },
    "Figure": {
      "acc": 0.04778156996587031,
      "f1": 0.06432748538011696,
      "count": 293
    },
    "Generalized-text (Layout)": {
      "acc": 0.17647058823529413,
      "f1": 0.24539877300613497,
      "count": 119
    },
    "Pure-text (Plain-text)": {
      "acc": 0.26806902516103853,
      "f1": 0.3283088716125652,
      "count": 298
    },
    "Table": {
      "acc": 0.27132156833991694,
      "f1": 0.3589389006055672,
      "count": 218
    }
  },
  "document_type_breakdowns": {
    "Academic paper": {
      "acc": 0.3220142602495544,
      "f1": 0.25682769113731463,
      "count": 204
    },
    "Administration/Industry file": {
      "acc": 0.36438458660680884,
      "f1": 0.2874287428742875,
      "count": 81
    },
    "Brochure": {
      "acc": 0.2967994473865991,
      "f1": 0.19957716701902747,
      "count": 101
    },
    "Financial report": {
      "acc": 0.38190370882678576,
      "f1": 0.46236483353047775,
      "count": 117
    },
    "Guidebook": {
      "acc": 0.39746638192084116,
      "f1": 0.3263658482068549,
      "count": 156
    },
    "Research report / Introduction": {
      "acc": 0.3412969283276451,
      "f1": 0.1806020066889632,
      "count": 293
    },
    "Tutorial/Workshop": {
      "acc": 0.2488891239949217,
      "f1": 0.12451783992285438,
      "count": 139
    }
  },
  "answer_format_breakdowns": {
    "Float": {
      "acc": 0.28125,
      "f1": 0.3846153846153846,
      "count": 160
    },
    "Int": {
      "acc": 0.12413793103448276,
      "f1": 0.18997361477572558,
      "count": 290
    },
    "List": {
      "acc": 0.10899944593221904,
      "f1": 0.15632115660523122,
      "count": 147
    },
    "None": {
      "acc": 0.8483606557377049,
      "f1": 0.0,
      "count": 244
    },
    "Str": {
      "acc": 0.24977185595100074,
      "f1": 0.33844424925609856,
      "count": 250
    }
  },
  "sample_count": 1091,
  "completed_count": 1091,
  "failed_count": 0
}