{
  "overall_acc": 0.3271091013196106,
  "overall_f1": 0.24377764238953553,
  "breakdowns": {
    "single_page": {
      "acc": 0.2393228422689995,
      "f1": 0.32222032053313077,
      "count": 485
    },
    "cross_page": {
      "acc": 0.10245108682718264,
      "f1": 0.15305445764870604,
      "count": 369
    },
    "unanswerable": {
      "acc": 0.860655737704918,
      "f1": 0.0,
      "count": 244
    }
  },
  "evidence_source_breakdowns": {
    "Chart": {
      "acc": 0.1391951430318106,
      "f1": 0.20062133975435054,
      "count": 178
    },
    "Figure": {
      "acc": 0.040955631399317405,
      "f1": 0.05309734513274336,
      "count": 293
    },
    "Generalized-text (Layout)": {
      "acc": 0.16523353527457493,
      "f1": 0.23328488372093023,
      "count": 119
    },
    "Pure-text (Plain-text)": {
      "acc": 0.23328181556455016,
      "f1": 0.29010664054865876,
      "count": 298
    },
    "Table": {
      "acc": 0.2483857885234032,
      "f1": 0.33638039176013856,
      "count": 218
    }
  },
  "document_type_breakdowns": {
    "Academic paper": {
      "acc": 0.3220142602495544,
      "f1": 0.23009404388714733,
      "count": 204
    },
    "Administration/Industry file": {
      "acc": 0.3273475495697718,
      "f1": 0.24539512774806893,
      "count": 81
    },
    "Brochure": {
      "acc": 0.30525151210526613,
      "f1": 0.21707160958957572,
      "count": 101
    },
    "Financial report": {
      "acc": 0.3731055963701367,
      "f1": 0.4525105527815555,
      "count": 117
    },
    "Guidebook": {
      "acc": 0.36541509986955906,
      "f1": 0.29194330356379694,
      "count": 156
    },
    "Research report / Introduction": {
      "acc": 0.34329647652133566,
      "f1": 0.18024317031017856,
      "count": 293
    },
    "Tutorial/Workshop": {
      "acc": 0.2345006347862886,
      "f1": 0.09325980392156863,
      "count": 139
    }
  },
  "answer_format_breakdowns": {
    "Float": {
      "acc": 0.2625,
      "f1": 0.3605150214592275,
      "count": 160
    },
    "Int": {
      "acc": 0.1,
      "f1": 0.15549597855227884,
      "count": 290
    },
    "List": {
      "acc": 0.09990278401163685,
      "f1": 0.1432752121922987,
      "count": 147
    },
    "None": {
      "acc": 0.860655737704918,
      "f1": 0.0,
      "count": 244
    },
    "Str": {
      "acc": 0.24476128115993814,
      "f1": 0.33994622383324746,
      "count": 250
    }
  },
  "sample_count": 1091,
  "completed_count": 1091,
  "failed_count": 0
}