{
  "overall_acc": 0.282342198054148,
  "overall_f1": 0.16703731757261556,
  "breakdowns": {
    "single_page": {
      "acc": 0.15974196743527372,
      "f1": 0.22660724825115033,
      "count": 485
    },
    "cross_page": {
      "acc": 0.05571946848500744,
      "f1": 0.0932448248116451,
      "count": 369
    },
    "unanswerable": {
      "acc": 0.889344262295082,
      "f1": 0.0,
      "count": 244
    }
  },
  "evidence_source_breakdowns": {
    "Chart": {
      "acc": 0.09550561797752809,
      "f1": 0.15315315315315314,
      "count": 178
    },
    "Figure": {
      "acc": 0.023890784982935155,
      "f1": 0.024844720496894408,
      "count": 293
    },
    "Generalized-text (Layout)": {
      "acc": 0.09243697478991597,
      "f1": 0.1379310344827586,
      "count": 119
    },
    "Pure-text (Plain-text)": {
      "acc": 0.16036333597156935,
      "f1": 0.21133820787320035,
      "count": 298
    },
    "Table": {
      "acc": 0.15510941657730648,
      "f1": 0.2319000198858856,
      "count": 218
    }
  },
  "document_type_breakdowns": {
    "Academic paper": {
      "acc": 0.28279857397504454,
      "f1": 0.1701048951048951,
      "count": 204
    },
    "Administration/Industry file": {
      "acc": 0.25925925925925924,
      "f1": 0.16091954022988506,
      "count": 81
    },
    "Brochure": {
      "acc": 0.24729449689154961,
      "f1": 0.14771748492678724,
      "count": 101
    },
    "Financial report": {
      "acc": 0.26330940965087307,
      "f1": 0.32857219773711455,
      "count": 117
    },
    "Guidebook": {
      "acc": 0.31368899917287013,
      "f1": 0.1855339611300341,
      "count": 156
    },
    "Research report / Introduction": {
      "acc": 0.32081911262798635,
      "f1": 0.11627906976744187,
      "count": 293
    },
    "Tutorial/Workshop": {
      "acc": 0.22032374100719423,
      "f1": 0.06196581196581197,
      "count": 139
    }
  },
  "answer_format_breakdowns": {
    "Float": {
      "acc": 0.15,
      "f1": 0.2352941176470588,
      "count": 160
    },
    "Int": {
      "acc": 0.06896551724137931,
      "f1": 0.11560693641618498,
      "count": 290
    },
    "List": {
      "acc": 0.05187074829931973,
      "f1": 0.07984293193717279,
      "count": 147
    },
    "None": {
      "acc": 0.889344262295082,
      "f1": 0.0,
      "count": 244
    },
    "Str": {
      "acc": 0.15764135230830198,
      "f1": 0.24478470855326395,
      "count": 250
    }
  },
  "sample_count": 1091,
  "completed_count": 1091,
  "failed_count": 0
}