{
  "overall_acc": 0.32882998662685614,
  "overall_f1": 0.24691428756784842,
  "breakdowns": {
    "single_page": {
      "acc": 0.2532526625625854,
      "f1": 0.3401689907279116,
      "count": 485
    },
    "cross_page": {
      "acc": 0.09194030912478639,
      "f1": 0.13652303447503492,
      "count": 369
    },
    "unanswerable": {
      "acc": 0.8565573770491803,
      "f1": 0.0,
      "count": 244
    }
  },
  "evidence_source_breakdowns": {
    "Chart": {
      "acc": 0.1404494382022472,
      "f1": 0.2066115702479339,
      "count": 178
    },
    "Figure": {
      "acc": 0.04770737498145125,
      "f1": 0.064388626800969,
      "count": 293
    },
    "Generalized-text (Layout)": {
      "acc": 0.15107782243332116,
      "f1": 0.20579710144927538,
      "count": 119
    },
    "Pure-text (Plain-text)": {
      "acc": 0.2393080897976898,
      "f1": 0.2930014157617839,
      "count": 298
    },
    "Table": {
      "acc": 0.2523233647086858,
      "f1": 0.3344055325479474,
      "count": 218
    }
  },
  "document_type_breakdowns": {
    "Academic paper": {
      "acc": 0.33661357823761917,
      "f1": 0.27067666632884024,
      "count": 204
    },
    "Administration/Industry file": {
      "acc": 0.32468475605730507,
      "f1": 0.2411659851106218,
      "count": 81
    },
    "Brochure": {
      "acc": 0.3334781152533858,
      "f1": 0.2553267763581212,
      "count": 101
    },
    "Financial report": {
      "acc": 0.32338957338957336,
      "f1": 0.38069851958740847,
      "count": 117
    },
    "Guidebook": {
      "acc": 0.39746638192084116,
      "f1": 0.3152690823875132,
      "count": 156
    },
    "Research report / Introduction": {
      "acc": 0.3367463026166098,
      "f1": 0.18018018018018017,
      "count": 293
    },
    "Tutorial/Workshop": {
      "acc": 0.22730639018197205,
      "f1": 0.07659313725490195,
      "count": 139
    }
  },
  "answer_format_breakdowns": {
    "Float": {
      "acc": 0.2625,
      "f1": 0.3620689655172414,
      "count": 160
    },
    "Int": {
      "acc": 0.11379310344827587,
      "f1": 0.17142857142857146,
      "count": 290
    },
    "List": {
      "acc": 0.11257127093261546,
      "f1": 0.16065996919509196,
      "count": 147
    },
    "None": {
      "acc": 0.8565573770491803,
      "f1": 0.0,
      "count": 244
    },
    "Str": {
      "acc": 0.2328221543312224,
      "f1": 0.32791852722707376,
      "count": 250
    }
  },
  "sample_count": 1091,
  "completed_count": 1091,
  "failed_count": 0
}