{
  "overall_acc": 0.28268556858821403,
  "overall_f1": 0.16076270759021677,
  "breakdowns": {
    "single_page": {
      "acc": 0.16463808548200778,
      "f1": 0.23729469530545202,
      "count": 485
    },
    "cross_page": {
      "acc": 0.03674927878311041,
      "f1": 0.06177896979939747,
      "count": 369
    },
    "unanswerable": {
      "acc": 0.9098360655737705,
      "f1": 0.0,
      "count": 244
    }
  },
  "evidence_source_breakdowns": {
    "Chart": {
      "acc": 0.10112359550561797,
      "f1": 0.16216216216216217,
      "count": 178
    },
    "Figure": {
      "acc": 0.03705509507557289,
      "f1": 0.04988662131519274,
      "count": 293
    },
    "Generalized-text (Layout)": {
      "acc": 0.08403361344537816,
      "f1": 0.12949640287769787,
      "count": 119
    },
    "Pure-text (Plain-text)": {
      "acc": 0.16333824206073308,
      "f1": 0.21537362343203334,
      "count": 298
    },
    "Table": {
      "acc": 0.13441260574288097,
      "f1": 0.19861016176805654,
      "count": 218
    }
  },
  "document_type_breakdowns": {
    "Academic paper": {
      "acc": 0.27789661319073083,
      "f1": 0.12819100091827365,
      "count": 204
    },
    "Administration/Industry file": {
      "acc": 0.2698412698412698,
      "f1": 0.18932874354561105,
      "count": 81
    },
    "Brochure": {
      "acc": 0.2670964770895694,
      "f1": 0.16937253181219833,
      "count": 101
    },
    "Financial report": {
      "acc": 0.22937247937247937,
      "f1": 0.2717339737887683,
      "count": 117
    },
    "Guidebook": {
      "acc": 0.32322807121194214,
      "f1": 0.2164419765100991,
      "count": 156
    },
    "Research report / Introduction": {
      "acc": 0.3242320819112628,
      "f1": 0.12167300380228138,
      "count": 293
    },
    "Tutorial/Workshop": {
      "acc": 0.22032374100719423,
      "f1": 0.061440677966101705,
      "count": 139
    }
  },
  "answer_format_breakdowns": {
    "Float": {
      "acc": 0.1625,
      "f1": 0.2488038277511962,
      "count": 160
    },
    "Int": {
      "acc": 0.04827586206896552,
      "f1": 0.08408408408408408,
      "count": 290
    },
    "List": {
      "acc": 0.045068027210884355,
      "f1": 0.07047872340425533,
      "count": 147
    },
    "None": {
      "acc": 0.9098360655737705,
      "f1": 0.0,
      "count": 244
    },
    "Str": {
      "acc": 0.15913982131896612,
      "f1": 0.24634647262997852,
      "count": 250
    }
  },
  "sample_count": 1091,
  "completed_count": 1091,
  "failed_count": 0
}