{
  "overall_acc": 0.3099505961731277,
  "overall_f1": 0.21416424105987694,
  "breakdowns": {
    "single_page": {
      "acc": 0.21480869662083324,
      "f1": 0.29764844674151336,
      "count": 485
    },
    "cross_page": {
      "acc": 0.07151910360554165,
      "f1": 0.11206178017174041,
      "count": 369
    },
    "unanswerable": {
      "acc": 0.8794398907103825,
      "f1": 0.0,
      "count": 244
    }
  },
  "evidence_source_breakdowns": {
    "Chart": {
      "acc": 0.10591942998081667,
      "f1": 0.16466077324528708,
      "count": 178
    },
    "Figure": {
      "acc": 0.03705509507557289,
      "f1": 0.047475183426845056,
      "count": 293
    },
    "Generalized-text (Layout)": {
      "acc": 0.11764705882352941,
      "f1": 0.16666666666666666,
      "count": 119
    },
    "Pure-text (Plain-text)": {
      "acc": 0.22278696314055774,
      "f1": 0.2828119762661248,
      "count": 298
    },
    "Table": {
      "acc": 0.21970358896964404,
      "f1": 0.3045154700998857,
      "count": 218
    }
  },
  "document_type_breakdowns": {
    "Academic paper": {
      "acc": 0.2975044563279857,
      "f1": 0.19428083653435768,
      "count": 204
    },
    "Administration/Industry file": {
      "acc": 0.2821869488536155,
      "f1": 0.20535714285714285,
      "count": 81
    },
    "Brochure": {
      "acc": 0.3023262195760132,
      "f1": 0.21165042526930886,
      "count": 101
    },
    "Financial report": {
      "acc": 0.32313846947993285,
      "f1": 0.3850900116144019,
      "count": 117
    },
    "Guidebook": {
      "acc": 0.37947492892938817,
      "f1": 0.28948164544734306,
      "count": 156
    },
    "Research report / Introduction": {
      "acc": 0.3224307925673114,
      "f1": 0.13737373737373737,
      "count": 293
    },
    "Tutorial/Workshop": {
      "acc": 0.2345006347862886,
      "f1": 0.09325980392156863,
      "count": 139
    }
  },
  "answer_format_breakdowns": {
    "Float": {
      "acc": 0.2,
      "f1": 0.29629629629629634,
      "count": 160
    },
    "Int": {
      "acc": 0.08620689655172414,
      "f1": 0.13850415512465375,
      "count": 290
    },
    "List": {
      "acc": 0.09007693986685583,
      "f1": 0.13110208079631494,
      "count": 147
    },
    "None": {
      "acc": 0.8794398907103825,
      "f1": 0.0,
      "count": 244
    },
    "Str": {
      "acc": 0.2133258277244847,
      "f1": 0.30916786626736914,
      "count": 250
    }
  },
  "sample_count": 1091,
  "completed_count": 1091,
  "failed_count": 0
}