{
  "overall_acc": 0.3317839163892855,
  "overall_f1": 0.24394398801777673,
  "breakdowns": {
    "single_page": {
      "acc": 0.2459092061611837,
      "f1": 0.3311680383131979,
      "count": 485
    },
    "cross_page": {
      "acc": 0.09406582057597933,
      "f1": 0.13939874615476452,
      "count": 369
    },
    "unanswerable": {
      "acc": 0.8811475409836066,
      "f1": 0.0,
      "count": 244
    }
  },
  "evidence_source_breakdowns": {
    "Chart": {
      "acc": 0.13328167376985664,
      "f1": 0.19688081270568034,
      "count": 178
    },
    "Figure": {
      "acc": 0.04721980794098319,
      "f1": 0.06336493407431623,
      "count": 293
    },
    "Generalized-text (Layout)": {
      "acc": 0.15948118377785897,
      "f1": 0.22059215790877573,
      "count": 119
    },
    "Pure-text (Plain-text)": {
      "acc": 0.23091412818619952,
      "f1": 0.28289432585577784,
      "count": 298
    },
    "Table": {
      "acc": 0.25691052067198855,
      "f1": 0.3427195857102399,
      "count": 218
    }
  },
  "document_type_breakdowns": {
    "Academic paper": {
      "acc": 0.3212074157726332,
      "f1": 0.2276936722542246,
      "count": 204
    },
    "Administration/Industry file": {
      "acc": 0.3326039731268489,
      "f1": 0.2488638812168224,
      "count": 81
    },
    "Brochure": {
      "acc": 0.3532800954514056,
      "f1": 0.27511034457178885,
      "count": 101
    },
    "Financial report": {
      "acc": 0.349030599030599,
      "f1": 0.41517276179852863,
      "count": 117
    },
    "Guidebook": {
      "acc": 0.38464586910032833,
      "f1": 0.31116395088501353,
      "count": 156
    },
    "Research report / Introduction": {
      "acc": 0.34604370169863874,
      "f1": 0.17450724809416596,
      "count": 293
    },
    "Tutorial/Workshop": {
      "acc": 0.22730639018197205,
      "f1": 0.07659313725490195,
      "count": 139
    }
  },
  "answer_format_breakdowns": {
    "Float": {
      "acc": 0.25625,
      "f1": 0.35497835497835495,
      "count": 160
    },
    "Int": {
      "acc": 0.1,
      "f1": 0.15303430079155672,
      "count": 290
    },
    "List": {
      "acc": 0.09896582875574472,
      "f1": 0.14124249346693665,
      "count": 147
    },
    "None": {
      "acc": 0.8811475409836066,
      "f1": 0.0,
      "count": 244
    },
    "Str": {
      "acc": 0.249713103814464,
      "f1": 0.34682375529786663,
      "count": 250
    }
  },
  "sample_count": 1091,
  "completed_count": 1091,
  "failed_count": 0
}