{
  "overall_acc": 0.2898649311757509,
  "overall_f1": 0.171299712073281,
  "breakdowns": {
    "single_page": {
      "acc": 0.18078795060160102,
      "f1": 0.2561338287040524,
      "count": 485
    },
    "cross_page": {
      "acc": 0.03945930588338142,
      "f1": 0.06344437416543679,
      "count": 369
    },
    "unanswerable": {
      "acc": 0.9057377049180327,
      "f1": 0.0,
      "count": 244
    }
  },
  "evidence_source_breakdowns": {
    "Chart": {
      "acc": 0.07782954234036722,
      "f1": 0.124248058624084,
      "count": 178
    },
    "Figure": {
      "acc": 0.045735908252602125,
      "f1": 0.06460013116777903,
      "count": 293
    },
    "Generalized-text (Layout)": {
      "acc": 0.10540738034344171,
      "f1": 0.15391304347826087,
      "count": 119
    },
    "Pure-text (Plain-text)": {
      "acc": 0.17746624517327078,
      "f1": 0.22492618167467987,
      "count": 298
    },
    "Table": {
      "acc": 0.1507002172139787,
      "f1": 0.2174242140112447,
      "count": 218
    }
  },
  "document_type_breakdowns": {
    "Academic paper": {
      "acc": 0.281630241029218,
      "f1": 0.13253762729025098,
      "count": 204
    },
    "Administration/Industry file": {
      "acc": 0.2698412698412698,
      "f1": 0.1490683229813665,
      "count": 81
    },
    "Brochure": {
      "acc": 0.2924252294770033,
      "f1": 0.20783690409328523,
      "count": 101
    },
    "Financial report": {
      "acc": 0.2536985806216575,
      "f1": 0.293009918009918,
      "count": 117
    },
    "Guidebook": {
      "acc": 0.368099866083737,
      "f1": 0.29735180244518106,
      "count": 156
    },
    "Research report / Introduction": {
      "acc": 0.30602957906712175,
      "f1": 0.09417596034696407,
      "count": 293
    },
    "Tutorial/Workshop": {
      "acc": 0.22032374100719423,
      "f1": 0.061440677966101705,
      "count": 139
    }
  },
  "answer_format_breakdowns": {
    "Float": {
      "acc": 0.1375,
      "f1": 0.21256038647343,
      "count": 160
    },
    "Int": {
      "acc": 0.07586206896551724,
      "f1": 0.125,
      "count": 290
    },
    "List": {
      "acc": 0.07375759161473447,
      "f1": 0.11007478139457835,
      "count": 147
    },
    "None": {
      "acc": 0.9057377049180327,
      "f1": 0.0,
      "count": 244
    },
    "Str": {
      "acc": 0.1616010957815131,
      "f1": 0.24264428796022985,
      "count": 250
    }
  },
  "sample_count": 1091,
  "completed_count": 1091,
  "failed_count": 0
}