{
  "overall_acc": 0.33288174890448097,
  "overall_f1": 0.2544125215425557,
  "breakdowns": {
    "single_page": {
      "acc": 0.24406549714994957,
      "f1": 0.32660341970007495,
      "count": 485
    },
    "cross_page": {
      "acc": 0.11599518140125532,
      "f1": 0.17293827045278068,
      "count": 369
    },
    "unanswerable": {
      "acc": 0.8565573770491803,
      "f1": 0.0,
      "count": 244
    }
  },
  "evidence_source_breakdowns": {
    "Chart": {
      "acc": 0.1456352636127917,
      "f1": 0.21512926907117777,
      "count": 178
    },
    "Figure": {
      "acc": 0.04436860068259386,
      "f1": 0.05934718100890208,
      "count": 293
    },
    "Generalized-text (Layout)": {
      "acc": 0.17363689661911275,
      "f1": 0.24275050244042493,
      "count": 119
    },
    "Pure-text (Plain-text)": {
      "acc": 0.2433414494498952,
      "f1": 0.30122184798192536,
      "count": 298
    },
    "Table": {
      "acc": 0.2720272846419635,
      "f1": 0.35768066289538686,
      "count": 218
    }
  },
  "document_type_breakdowns": {
    "Academic paper": {
      "acc": 0.3220142602495544,
      "f1": 0.2346687211093991,
      "count": 204
    },
    "Administration/Industry file": {
      "acc": 0.3273475495697718,
      "f1": 0.2303030303030303,
      "count": 81
    },
    "Brochure": {
      "acc": 0.306700437485609,
      "f1": 0.23594080338266388,
      "count": 101
    },
    "Financial report": {
      "acc": 0.3829675293089927,
      "f1": 0.4527808494509239,
      "count": 117
    },
    "Guidebook": {
      "acc": 0.3782213235736156,
      "f1": 0.30273001597280036,
      "count": 156
    },
    "Research report / Introduction": {
      "acc": 0.3467094458046121,
      "f1": 0.1957936138407626,
      "count": 293
    },
    "Tutorial/Workshop": {
      "acc": 0.2488891239949217,
      "f1": 0.12451783992285438,
      "count": 139
    }
  },
  "answer_format_breakdowns": {
    "Float": {
      "acc": 0.26875,
      "f1": 0.36134453781512604,
      "count": 160
    },
    "Int": {
      "acc": 0.11724137931034483,
      "f1": 0.1803713527851459,
      "count": 290
    },
    "List": {
      "acc": 0.10773691361489517,
      "f1": 0.15603277144226196,
      "count": 147
    },
    "None": {
      "acc": 0.8565573770491803,
      "f1": 0.0,
      "count": 244
    },
    "Str": {
      "acc": 0.24534664701359668,
      "f1": 0.3417084220245079,
      "count": 250
    }
  },
  "sample_count": 1091,
  "completed_count": 1091,
  "failed_count": 0
}