{
  "overall_acc": 0.3170578922264069,
  "overall_f1": 0.22338723186961884,
  "breakdowns": {
    "single_page": {
      "acc": 0.21671739893184885,
      "f1": 0.2963986056856395,
      "count": 485
    },
    "cross_page": {
      "acc": 0.0916049374988163,
      "f1": 0.1382503964706062,
      "count": 369
    },
    "unanswerable": {
      "acc": 0.8770491803278688,
      "f1": 0.0,
      "count": 244
    }
  },
  "evidence_source_breakdowns": {
    "Chart": {
      "acc": 0.11797752808988764,
      "f1": 0.17573221757322174,
      "count": 178
    },
    "Figure": {
      "acc": 0.0438810336421258,
      "f1": 0.05884861407249468,
      "count": 293
    },
    "Generalized-text (Layout)": {
      "acc": 0.15683017393003712,
      "f1": 0.22078488372093022,
      "count": 119
    },
    "Pure-text (Plain-text)": {
      "acc": 0.21220002444286207,
      "f1": 0.2658893961417158,
      "count": 298
    },
    "Table": {
      "acc": 0.23046487151991737,
      "f1": 0.3116540632363417,
      "count": 218
    }
  },
  "document_type_breakdowns": {
    "Academic paper": {
      "acc": 0.30240641711229943,
      "f1": 0.21058585858585863,
      "count": 204
    },
    "Administration/Industry file": {
      "acc": 0.3255838811394367,
      "f1": 0.23692279942279948,
      "count": 81
    },
    "Brochure": {
      "acc": 0.2862983972815886,
      "f1": 0.17866915541334144,
      "count": 101
    },
    "Financial report": {
      "acc": 0.31484256484256484,
      "f1": 0.3830631066655911,
      "count": 117
    },
    "Guidebook": {
      "acc": 0.39638371673600875,
      "f1": 0.32218837777449566,
      "count": 156
    },
    "Research report / Introduction": {
      "acc": 0.33673307405349634,
      "f1": 0.15683592178321396,
      "count": 293
    },
    "Tutorial/Workshop": {
      "acc": 0.22730639018197205,
      "f1": 0.07659313725490195,
      "count": 139
    }
  },
  "answer_format_breakdowns": {
    "Float": {
      "acc": 0.2,
      "f1": 0.2844444444444445,
      "count": 160
    },
    "Int": {
      "acc": 0.10344827586206896,
      "f1": 0.16129032258064516,
      "count": 290
    },
    "List": {
      "acc": 0.10052190639988795,
      "f1": 0.1455834506481136,
      "count": 147
    },
    "None": {
      "acc": 0.8770491803278688,
      "f1": 0.0,
      "count": 244
    },
    "Str": {
      "acc": 0.22053376071290548,
      "f1": 0.31415065628619016,
      "count": 250
    }
  },
  "sample_count": 1091,
  "completed_count": 1091,
  "failed_count": 0
}