{
  "overall_acc": 0.2855756239850373,
  "overall_f1": 0.17771304596268714,
  "breakdowns": {
    "single_page": {
      "acc": 0.19274760482864053,
      "f1": 0.2656915156432893,
      "count": 485
    },
    "cross_page": {
      "acc": 0.04086833990727647,
      "f1": 0.06585335120430139,
      "count": 369
    },
    "unanswerable": {
      "acc": 0.860655737704918,
      "f1": 0.0,
      "count": 244
    }
  },
  "evidence_source_breakdowns": {
    "Chart": {
      "acc": 0.0898876404494382,
      "f1": 0.1391304347826087,
      "count": 178
    },
    "Figure": {
      "acc": 0.040955631399317405,
      "f1": 0.05555555555555555,
      "count": 293
    },
    "Generalized-text (Layout)": {
      "acc": 0.09800664451827243,
      "f1": 0.14507198228128462,
      "count": 119
    },
    "Pure-text (Plain-text)": {
      "acc": 0.18234089540863382,
      "f1": 0.23035322059256874,
      "count": 298
    },
    "Table": {
      "acc": 0.1733587513404027,
      "f1": 0.241260378965297,
      "count": 218
    }
  },
  "document_type_breakdowns": {
    "Academic paper": {
      "acc": 0.27299465240641707,
      "f1": 0.16082644628099174,
      "count": 204
    },
    "Administration/Industry file": {
      "acc": 0.2716049382716049,
      "f1": 0.1836734693877551,
      "count": 81
    },
    "Brochure": {
      "acc": 0.2641711845603165,
      "f1": 0.16226709608583115,
      "count": 101
    },
    "Financial report": {
      "acc": 0.23791948791948792,
      "f1": 0.2873234221918432,
      "count": 117
    },
    "Guidebook": {
      "acc": 0.3481822836661546,
      "f1": 0.2579934826811575,
      "count": 156
    },
    "Research report / Introduction": {
      "acc": 0.32222795459957143,
      "f1": 0.13342601954836536,
      "count": 293
    },
    "Tutorial/Workshop": {
      "acc": 0.22032374100719423,
      "f1": 0.06196581196581197,
      "count": 139
    }
  },
  "answer_format_breakdowns": {
    "Float": {
      "acc": 0.15,
      "f1": 0.2222222222222222,
      "count": 160
    },
    "Int": {
      "acc": 0.06896551724137931,
      "f1": 0.11396011396011396,
      "count": 290
    },
    "List": {
      "acc": 0.08060870074396415,
      "f1": 0.11969170716528009,
      "count": 147
    },
    "None": {
      "acc": 0.860655737704918,
      "f1": 0.0,
      "count": 244
    },
    "Str": {
      "acc": 0.1828541070332518,
      "f1": 0.26577631836228455,
      "count": 250
    }
  },
  "sample_count": 1091,
  "completed_count": 1091,
  "failed_count": 0
}