{
  "overall_acc": 0.2741549508693692,
  "overall_f1": 0.14021390993090213,
  "breakdowns": {
    "single_page": {
      "acc": 0.14737742556387992,
      "f1": 0.21244827478906678,
      "count": 485
    },
    "cross_page": {
      "acc": 0.0260840108401084,
      "f1": 0.044663573085846876,
      "count": 369
    },
    "unanswerable": {
      "acc": 0.9221311475409836,
      "f1": 0.0,
      "count": 244
    }
  },
  "evidence_source_breakdowns": {
    "Chart": {
      "acc": 0.06097560975609756,
      "f1": 0.10143606108958286,
      "count": 178
    },
    "Figure": {
      "acc": 0.023890784982935155,
      "f1": 0.025806451612903226,
      "count": 293
    },
    "Generalized-text (Layout)": {
      "acc": 0.08806695755225168,
      "f1": 0.1316662215099715,
      "count": 119
    },
    "Pure-text (Plain-text)": {
      "acc": 0.14576868379302454,
      "f1": 0.19279930037207046,
      "count": 298
    },
    "Table": {
      "acc": 0.12232721407033333,
      "f1": 0.18735279319220924,
      "count": 218
    }
  },
  "document_type_breakdowns": {
    "Academic paper": {
      "acc": 0.25935828877005346,
      "f1": 0.10009182736455463,
      "count": 204
    },
    "Administration/Industry file": {
      "acc": 0.26022070350774057,
      "f1": 0.16270981572705712,
      "count": 81
    },
    "Brochure": {
      "acc": 0.2854495319072463,
      "f1": 0.17146413053654133,
      "count": 101
    },
    "Financial report": {
      "acc": 0.22912137546283887,
      "f1": 0.26867429898788786,
      "count": 117
    },
    "Guidebook": {
      "acc": 0.31476589649666575,
      "f1": 0.19240101724178157,
      "count": 156
    },
    "Research report / Introduction": {
      "acc": 0.30631399317406144,
      "f1": 0.0846456692913386,
      "count": 293
    },
    "Tutorial/Workshop": {
      "acc": 0.22032374100719423,
      "f1": 0.061440677966101705,
      "count": 139
    }
  },
  "answer_format_breakdowns": {
    "Float": {
      "acc": 0.13125,
      "f1": 0.21105527638190955,
      "count": 160
    },
    "Int": {
      "acc": 0.04482758620689655,
      "f1": 0.07926829268292683,
      "count": 290
    },
    "List": {
      "acc": 0.02465986394557823,
      "f1": 0.03856382978723404,
      "count": 147
    },
    "None": {
      "acc": 0.9221311475409836,
      "f1": 0.0,
      "count": 244
    },
    "Str": {
      "acc": 0.1459122055939271,
      "f1": 0.22587028729710074,
      "count": 250
    }
  },
  "sample_count": 1091,
  "completed_count": 1091,
  "failed_count": 0
}