{
  "overall_acc": 0.3088638292376896,
  "overall_f1": 0.211021518509203,
  "breakdowns": {
    "single_page": {
      "acc": 0.20166182816307,
      "f1": 0.27558721292591487,
      "count": 485
    },
    "cross_page": {
      "acc": 0.08445650688138319,
      "f1": 0.1331814146975658,
      "count": 369
    },
    "unanswerable": {
      "acc": 0.8811475409836066,
      "f1": 0.0,
      "count": 244
    }
  },
  "evidence_source_breakdowns": {
    "Chart": {
      "acc": 0.12921348314606743,
      "f1": 0.19246861924686195,
      "count": 178
    },
    "Figure": {
      "acc": 0.030229156509019993,
      "f1": 0.03517803517803518,
      "count": 293
    },
    "Generalized-text (Layout)": {
      "acc": 0.14825531541520262,
      "f1": 0.21474041979882727,
      "count": 119
    },
    "Pure-text (Plain-text)": {
      "acc": 0.2054361489269372,
      "f1": 0.2619322337209048,
      "count": 298
    },
    "Table": {
      "acc": 0.19420946026450614,
      "f1": 0.27930852930852934,
      "count": 218
    }
  },
  "document_type_breakdowns": {
    "Academic paper": {
      "acc": 0.3073083778966132,
      "f1": 0.1781982723159194,
      "count": 204
    },
    "Administration/Industry file": {
      "acc": 0.3189720332577476,
      "f1": 0.26197417742607243,
      "count": 81
    },
    "Brochure": {
      "acc": 0.2868984572875892,
      "f1": 0.18475452196382425,
      "count": 101
    },
    "Financial report": {
      "acc": 0.32313846947993285,
      "f1": 0.39759001161440194,
      "count": 117
    },
    "Guidebook": {
      "acc": 0.34872096067541986,
      "f1": 0.24286273649244638,
      "count": 156
    },
    "Research report / Introduction": {
      "acc": 0.3230811969203905,
      "f1": 0.1541835636845154,
      "count": 293
    },
    "Tutorial/Workshop": {
      "acc": 0.2345006347862886,
      "f1": 0.09325980392156863,
      "count": 139
    }
  },
  "answer_format_breakdowns": {
    "Float": {
      "acc": 0.20625,
      "f1": 0.3013698630136986,
      "count": 160
    },
    "Int": {
      "acc": 0.10344827586206896,
      "f1": 0.16713091922005568,
      "count": 290
    },
    "List": {
      "acc": 0.08979289390174675,
      "f1": 0.13068866736194823,
      "count": 147
    },
    "None": {
      "acc": 0.8811475409836066,
      "f1": 0.0,
      "count": 244
    },
    "Str": {
      "acc": 0.18308352917905027,
      "f1": 0.2638091198545393,
      "count": 250
    }
  },
  "sample_count": 1091,
  "completed_count": 1091,
  "failed_count": 0
}