{
  "overall_acc": 0.3207451024435115,
  "overall_f1": 0.23182001137121183,
  "breakdowns": {
    "single_page": {
      "acc": 0.229755147266629,
      "f1": 0.31378347150093766,
      "count": 485
    },
    "cross_page": {
      "acc": 0.08808038032941999,
      "f1": 0.13347704452384382,
      "count": 369
    },
    "unanswerable": {
      "acc": 0.8688524590163934,
      "f1": 0.0,
      "count": 244
    }
  },
  "evidence_source_breakdowns": {
    "Chart": {
      "acc": 0.11672323291945105,
      "f1": 0.17386389505993544,
      "count": 178
    },
    "Figure": {
      "acc": 0.05399899350365559,
      "f1": 0.07586807749450349,
      "count": 293
    },
    "Generalized-text (Layout)": {
      "acc": 0.12586773839970772,
      "f1": 0.17920847268673354,
      "count": 119
    },
    "Pure-text (Plain-text)": {
      "acc": 0.2102598591054696,
      "f1": 0.2635229675043253,
      "count": 298
    },
    "Table": {
      "acc": 0.24773620874538305,
      "f1": 0.3344258265393912,
      "count": 218
    }
  },
  "document_type_breakdowns": {
    "Academic paper": {
      "acc": 0.3418048951130618,
      "f1": 0.2553617653605742,
      "count": 204
    },
    "Administration/Industry file": {
      "acc": 0.28333036001267614,
      "f1": 0.19702493388171816,
      "count": 81
    },
    "Brochure": {
      "acc": 0.28252423937799337,
      "f1": 0.19154451231231515,
      "count": 101
    },
    "Financial report": {
      "acc": 0.3661246161246161,
      "f1": 0.4451749079078271,
      "count": 117
    },
    "Guidebook": {
      "acc": 0.36131253576699496,
      "f1": 0.27570386499620886,
      "count": 156
    },
    "Research report / Introduction": {
      "acc": 0.3307954843791021,
      "f1": 0.15171679531541124,
      "count": 293
    },
    "Tutorial/Workshop": {
      "acc": 0.2345006347862886,
      "f1": 0.09325980392156863,
      "count": 139
    }
  },
  "answer_format_breakdowns": {
    "Float": {
      "acc": 0.2375,
      "f1": 0.3304347826086957,
      "count": 160
    },
    "Int": {
      "acc": 0.1103448275862069,
      "f1": 0.17438692098092642,
      "count": 290
    },
    "List": {
      "acc": 0.09007693986685583,
      "f1": 0.12855640932454182,
      "count": 147
    },
    "None": {
      "acc": 0.8688524590163934,
      "f1": 0.0,
      "count": 244
    },
    "Str": {
      "acc": 0.21876638642177293,
      "f1": 0.3081216710165816,
      "count": 250
    }
  },
  "sample_count": 1091,
  "completed_count": 1091,
  "failed_count": 0
}