{
  "overall_acc": 0.30879329997567645,
  "overall_f1": 0.21821752411601544,
  "breakdowns": {
    "single_page": {
      "acc": 0.21573052102843615,
      "f1": 0.29629530409344923,
      "count": 485
    },
    "cross_page": {
      "acc": 0.07930674139477356,
      "f1": 0.12452845776455933,
      "count": 369
    },
    "unanswerable": {
      "acc": 0.860655737704918,
      "f1": 0.0,
      "count": 244
    }
  },
  "evidence_source_breakdowns": {
    "Chart": {
      "acc": 0.10508922670191673,
      "f1": 0.15987933634992457,
      "count": 178
    },
    "Figure": {
      "acc": 0.040955631399317405,
      "f1": 0.05504587155963303,
      "count": 293
    },
    "Generalized-text (Layout)": {
      "acc": 0.13445378151260504,
      "f1": 0.1935483870967742,
      "count": 119
    },
    "Pure-text (Plain-text)": {
      "acc": 0.19897952816060005,
      "f1": 0.25324890746662865,
      "count": 298
    },
    "Table": {
      "acc": 0.22228668525214665,
      "f1": 0.30519934009625704,
      "count": 218
    }
  },
  "document_type_breakdowns": {
    "Academic paper": {
      "acc": 0.31452864492080174,
      "f1": 0.20240953026341155,
      "count": 204
    },
    "Administration/Industry file": {
      "acc": 0.2716049382716049,
      "f1": 0.202020202020202,
      "count": 81
    },
    "Brochure": {
      "acc": 0.27407217465932643,
      "f1": 0.19245566919985524,
      "count": 101
    },
    "Financial report": {
      "acc": 0.32866888677505607,
      "f1": 0.40822968242366736,
      "count": 117
    },
    "Guidebook": {
      "acc": 0.3672604277442987,
      "f1": 0.2954227722259618,
      "count": 156
    },
    "Research report / Introduction": {
      "acc": 0.3232282674161815,
      "f1": 0.1422807390104056,
      "count": 293
    },
    "Tutorial/Workshop": {
      "acc": 0.2345006347862886,
      "f1": 0.09325980392156863,
      "count": 139
    }
  },
  "answer_format_breakdowns": {
    "Float": {
      "acc": 0.21875,
      "f1": 0.31390134529147984,
      "count": 160
    },
    "Int": {
      "acc": 0.0896551724137931,
      "f1": 0.1452513966480447,
      "count": 290
    },
    "List": {
      "acc": 0.08846147886764133,
      "f1": 0.1293914168511769,
      "count": 147
    },
    "None": {
      "acc": 0.860655737704918,
      "f1": 0.0,
      "count": 244
    },
    "Str": {
      "acc": 0.21155861151967884,
      "f1": 0.3048394978669724,
      "count": 250
    }
  },
  "sample_count": 1091,
  "completed_count": 1091,
  "failed_count": 0
}