{
  "overall_acc": 0.343876818647572,
  "overall_f1": 0.26498302147794295,
  "breakdowns": {
    "single_page": {
      "acc": 0.2568723164576241,
      "f1": 0.3403272749115707,
      "count": 485
    },
    "cross_page": {
      "acc": 0.12083071995271927,
      "f1": 0.1776356002492168,
      "count": 369
    },
    "unanswerable": {
      "acc": 0.8729508196721312,
      "f1": 0.0,
      "count": 244
    }
  },
  "evidence_source_breakdowns": {
    "Chart": {
      "acc": 0.13439930855661192,
      "f1": 0.19609079445145017,
      "count": 178
    },
    "Figure": {
      "acc": 0.051073591260847206,
      "f1": 0.06935978109813466,
      "count": 293
    },
    "Generalized-text (Layout)": {
      "acc": 0.19866429888436668,
      "f1": 0.2744369886938138,
      "count": 119
    },
    "Pure-text (Plain-text)": {
      "acc": 0.27843749112489524,
      "f1": 0.33766387713430573,
      "count": 298
    },
    "Table": {
      "acc": 0.25161764840663925,
      "f1": 0.3334529247841942,
      "count": 218
    }
  },
  "document_type_breakdowns": {
    "Academic paper": {
      "acc": 0.3708601535800849,
      "f1": 0.29494018153478574,
      "count": 204
    },
    "Administration/Industry file": {
      "acc": 0.38641315111903346,
      "f1": 0.3134512546277252,
      "count": 81
    },
    "Brochure": {
      "acc": 0.313676135055366,
      "f1": 0.22444760425826488,
      "count": 101
    },
    "Financial report": {
      "acc": 0.3477156746387515,
      "f1": 0.4107650479601699,
      "count": 117
    },
    "Guidebook": {
      "acc": 0.4102726056248977,
      "f1": 0.3298141114625961,
      "count": 156
    },
    "Research report / Introduction": {
      "acc": 0.3319199122437475,
      "f1": 0.1761915052846846,
      "count": 293
    },
    "Tutorial/Workshop": {
      "acc": 0.2488891239949217,
      "f1": 0.12451783992285438,
      "count": 139
    }
  },
  "answer_format_breakdowns": {
    "Float": {
      "acc": 0.25625,
      "f1": 0.3565217391304348,
      "count": 160
    },
    "Int": {
      "acc": 0.11724137931034483,
      "f1": 0.17571059431524547,
      "count": 290
    },
    "List": {
      "acc": 0.1296237569303099,
      "f1": 0.18410330694449814,
      "count": 147
    },
    "None": {
      "acc": 0.8729508196721312,
      "f1": 0.0,
      "count": 244
    },
    "Str": {
      "acc": 0.2724596675029821,
      "f1": 0.3691865413319541,
      "count": 250
    }
  },
  "sample_count": 1091,
  "completed_count": 1091,
  "failed_count": 0
}