{
  "overall_acc": 0.3374603016783483,
  "overall_f1": 0.2509032184748182,
  "breakdowns": {
    "single_page": {
      "acc": 0.23962974096156164,
      "f1": 0.3207648292697721,
      "count": 485
    },
    "cross_page": {
      "acc": 0.11368228933528617,
      "f1": 0.1688079064978696,
      "count": 369
    },
    "unanswerable": {
      "acc": 0.889344262295082,
      "f1": 0.0,
      "count": 244
    }
  },
  "evidence_source_breakdowns": {
    "Chart": {
      "acc": 0.13879709187045605,
      "f1": 0.2016806722689076,
      "count": 178
    },
    "Figure": {
      "acc": 0.0442476526942943,
      "f1": 0.05878797781373587,
      "count": 293
    },
    "Generalized-text (Layout)": {
      "acc": 0.19026093753982887,
      "f1": 0.265534375058155,
      "count": 119
    },
    "Pure-text (Plain-text)": {
      "acc": 0.2393845686489462,
      "f1": 0.29444668859215545,
      "count": 298
    },
    "Table": {
      "acc": 0.2591239036193165,
      "f1": 0.34572592516517753,
      "count": 218
    }
  },
  "document_type_breakdowns": {
    "Academic paper": {
      "acc": 0.3523218291594075,
      "f1": 0.26730435626423493,
      "count": 204
    },
    "Administration/Industry file": {
      "acc": 0.3493761140819964,
      "f1": 0.26335574733943984,
      "count": 81
    },
    "Brochure": {
      "acc": 0.32357712515437587,
      "f1": 0.2443087435819994,
      "count": 101
    },
    "Financial report": {
      "acc": 0.3562626831857601,
      "f1": 0.4229601699113894,
      "count": 117
    },
    "Guidebook": {
      "acc": 0.3869535614080206,
      "f1": 0.3083125606483828,
      "count": 156
    },
    "Research report / Introduction": {
      "acc": 0.3435894312411123,
      "f1": 0.16840753142420406,
      "count": 293
    },
    "Tutorial/Workshop": {
      "acc": 0.2345006347862886,
      "f1": 0.09325980392156863,
      "count": 139
    }
  },
  "answer_format_breakdowns": {
    "Float": {
      "acc": 0.25625,
      "f1": 0.35497835497835495,
      "count": 160
    },
    "Int": {
      "acc": 0.1103448275862069,
      "f1": 0.1679790026246719,
      "count": 290
    },
    "List": {
      "acc": 0.11600874154616583,
      "f1": 0.16476603871774279,
      "count": 147
    },
    "None": {
      "acc": 0.889344262295082,
      "f1": 0.0,
      "count": 244
    },
    "Str": {
      "acc": 0.24446361649516643,
      "f1": 0.3404785745058028,
      "count": 250
    }
  },
  "sample_count": 1091,
  "completed_count": 1091,
  "failed_count": 0
}