{
  "overall_acc": 0.273268112208811,
  "overall_f1": 0.1449014415541474,
  "breakdowns": {
    "single_page": {
      "acc": 0.14393919674188194,
      "f1": 0.21199505122861378,
      "count": 485
    },
    "cross_page": {
      "acc": 0.03421409214092141,
      "f1": 0.05858468677494199,
      "count": 369
    },
    "unanswerable": {
      "acc": 0.9086065573770491,
      "f1": 0.0,
      "count": 244
    }
  },
  "evidence_source_breakdowns": {
    "Chart": {
      "acc": 0.06741573033707865,
      "f1": 0.11267605633802816,
      "count": 178
    },
    "Figure": {
      "acc": 0.023890784982935155,
      "f1": 0.025806451612903226,
      "count": 293
    },
    "Generalized-text (Layout)": {
      "acc": 0.07563025210084033,
      "f1": 0.11594202898550726,
      "count": 119
    },
    "Pure-text (Plain-text)": {
      "acc": 0.14726790300381687,
      "f1": 0.1978372589824408,
      "count": 298
    },
    "Table": {
      "acc": 0.12409150482544978,
      "f1": 0.18878223226049312,
      "count": 218
    }
  },
  "document_type_breakdowns": {
    "Academic paper": {
      "acc": 0.27789661319073083,
      "f1": 0.13622795115332428,
      "count": 204
    },
    "Administration/Industry file": {
      "acc": 0.2716049382716049,
      "f1": 0.18604651162790697,
      "count": 81
    },
    "Brochure": {
      "acc": 0.2670964770895694,
      "f1": 0.15488823662226234,
      "count": 101
    },
    "Financial report": {
      "acc": 0.19576719576719576,
      "f1": 0.230503795721187,
      "count": 117
    },
    "Guidebook": {
      "acc": 0.2980006105006105,
      "f1": 0.17182286927509854,
      "count": 156
    },
    "Research report / Introduction": {
      "acc": 0.31552901023890784,
      "f1": 0.10912698412698411,
      "count": 293
    },
    "Tutorial/Workshop": {
      "acc": 0.22032374100719423,
      "f1": 0.061440677966101705,
      "count": 139
    }
  },
  "answer_format_breakdowns": {
    "Float": {
      "acc": 0.125,
      "f1": 0.21052631578947367,
      "count": 160
    },
    "Int": {
      "acc": 0.04827586206896552,
      "f1": 0.08383233532934131,
      "count": 290
    },
    "List": {
      "acc": 0.03826530612244898,
      "f1": 0.06048387096774193,
      "count": 147
    },
    "None": {
      "acc": 0.9086065573770491,
      "f1": 0.0,
      "count": 244
    },
    "Str": {
      "acc": 0.14724204167925098,
      "f1": 0.22863671068206676,
      "count": 250
    }
  },
  "sample_count": 1091,
  "completed_count": 1091,
  "failed_count": 0
}