{
  "overall_acc": 0.32210073759108043,
  "overall_f1": 0.23293551330303885,
  "breakdowns": {
    "single_page": {
      "acc": 0.23468688648896527,
      "f1": 0.31651300725080933,
      "count": 485
    },
    "cross_page": {
      "acc": 0.08831643567674957,
      "f1": 0.13301536638661465,
      "count": 369
    },
    "unanswerable": {
      "acc": 0.8688524590163934,
      "f1": 0.0,
      "count": 244
    }
  },
  "evidence_source_breakdowns": {
    "Chart": {
      "acc": 0.11797752808988764,
      "f1": 0.17427385892116182,
      "count": 178
    },
    "Figure": {
      "acc": 0.03705509507557289,
      "f1": 0.046629927935565925,
      "count": 293
    },
    "Generalized-text (Layout)": {
      "acc": 0.13162008989642368,
      "f1": 0.1810221073786965,
      "count": 119
    },
    "Pure-text (Plain-text)": {
      "acc": 0.2277029645804148,
      "f1": 0.28304876020913305,
      "count": 298
    },
    "Table": {
      "acc": 0.26203307395967945,
      "f1": 0.3496773216399385,
      "count": 218
    }
  },
  "document_type_breakdowns": {
    "Academic paper": {
      "acc": 0.3220142602495544,
      "f1": 0.23310837633981743,
      "count": 204
    },
    "Administration/Industry file": {
      "acc": 0.35995812466400706,
      "f1": 0.28032887322345684,
      "count": 81
    },
    "Brochure": {
      "acc": 0.2862983972815886,
      "f1": 0.18029342046255364,
      "count": 101
    },
    "Financial report": {
      "acc": 0.36480969173276867,
      "f1": 0.4378249562298642,
      "count": 117
    },
    "Guidebook": {
      "acc": 0.3656440375984968,
      "f1": 0.2815185931390865,
      "count": 156
    },
    "Research report / Introduction": {
      "acc": 0.3287694790591846,
      "f1": 0.1545291167082428,
      "count": 293
    },
    "Tutorial/Workshop": {
      "acc": 0.22730639018197205,
      "f1": 0.07659313725490195,
      "count": 139
    }
  },
  "answer_format_breakdowns": {
    "Float": {
      "acc": 0.26875,
      "f1": 0.36909871244635195,
      "count": 160
    },
    "Int": {
      "acc": 0.09655172413793103,
      "f1": 0.1509433962264151,
      "count": 290
    },
    "List": {
      "acc": 0.11082836636579065,
      "f1": 0.15972323388011006,
      "count": 147
    },
    "None": {
      "acc": 0.8688524590163934,
      "f1": 0.0,
      "count": 244
    },
    "Str": {
      "acc": 0.2084805394243901,
      "f1": 0.29198955101455193,
      "count": 250
    }
  },
  "sample_count": 1091,
  "completed_count": 1091,
  "failed_count": 0
}