{
  "overall_acc": 0.288413476855428,
  "overall_f1": 0.18201968661218432,
  "breakdowns": {
    "single_page": {
      "acc": 0.1805746099453339,
      "f1": 0.25063354844008384,
      "count": 485
    },
    "cross_page": {
      "acc": 0.05983852960917349,
      "f1": 0.09748528664805749,
      "count": 369
    },
    "unanswerable": {
      "acc": 0.8688524590163934,
      "f1": 0.0,
      "count": 244
    }
  },
  "evidence_source_breakdowns": {
    "Chart": {
      "acc": 0.07782954234036722,
      "f1": 0.12099265097454469,
      "count": 178
    },
    "Figure": {
      "acc": 0.03405549784834545,
      "f1": 0.04307568438003221,
      "count": 293
    },
    "Generalized-text (Layout)": {
      "acc": 0.11463068543898854,
      "f1": 0.1685473542298618,
      "count": 119
    },
    "Pure-text (Plain-text)": {
      "acc": 0.1906590248763336,
      "f1": 0.2466157891739971,
      "count": 298
    },
    "Table": {
      "acc": 0.18503514833790063,
      "f1": 0.2657950157950158,
      "count": 218
    }
  },
  "document_type_breakdowns": {
    "Academic paper": {
      "acc": 0.28828641520457376,
      "f1": 0.17498073210914464,
      "count": 204
    },
    "Administration/Industry file": {
      "acc": 0.24169709615719007,
      "f1": 0.12394366197183097,
      "count": 81
    },
    "Brochure": {
      "acc": 0.2656475517092265,
      "f1": 0.18037436188315373,
      "count": 101
    },
    "Financial report": {
      "acc": 0.2892015392015392,
      "f1": 0.3578210678210678,
      "count": 117
    },
    "Guidebook": {
      "acc": 0.3417720272558982,
      "f1": 0.2493150438821067,
      "count": 156
    },
    "Research report / Introduction": {
      "acc": 0.31284228907056116,
      "f1": 0.12074486012807548,
      "count": 293
    },
    "Tutorial/Workshop": {
      "acc": 0.22032374100719423,
      "f1": 0.06196581196581197,
      "count": 139
    }
  },
  "answer_format_breakdowns": {
    "Float": {
      "acc": 0.19375,
      "f1": 0.28571428571428575,
      "count": 160
    },
    "Int": {
      "acc": 0.07586206896551724,
      "f1": 0.12643678160919541,
      "count": 290
    },
    "List": {
      "acc": 0.06221043234569576,
      "f1": 0.09427766551358017,
      "count": 147
    },
    "None": {
      "acc": 0.8688524590163934,
      "f1": 0.0,
      "count": 244
    },
    "Str": {
      "acc": 0.16205667877781868,
      "f1": 0.24044017622821762,
      "count": 250
    }
  },
  "sample_count": 1091,
  "completed_count": 1091,
  "failed_count": 0
}