{
  "overall_acc": 0.3161302712977298,
  "overall_f1": 0.22560762592388078,
  "breakdowns": {
    "single_page": {
      "acc": 0.22081629700775265,
      "f1": 0.3001376433246178,
      "count": 485
    },
    "cross_page": {
      "acc": 0.0916049374988163,
      "f1": 0.13881815990580376,
      "count": 369
    },
    "unanswerable": {
      "acc": 0.8647540983606558,
      "f1": 0.0,
      "count": 244
    }
  },
  "evidence_source_breakdowns": {
    "Chart": {
      "acc": 0.11599558906804161,
      "f1": 0.1713461813619204,
      "count": 178
    },
    "Figure": {
      "acc": 0.040955631399317405,
      "f1": 0.05438066465256798,
      "count": 293
    },
    "Generalized-text (Layout)": {
      "acc": 0.16523353527457493,
      "f1": 0.23183590928788098,
      "count": 119
    },
    "Pure-text (Plain-text)": {
      "acc": 0.21314010716801599,
      "f1": 0.26595647969914715,
      "count": 298
    },
    "Table": {
      "acc": 0.24450434886214703,
      "f1": 0.3320758606472893,
      "count": 218
    }
  },
  "document_type_breakdowns": {
    "Academic paper": {
      "acc": 0.3122103386809269,
      "f1": 0.21343161343161346,
      "count": 204
    },
    "Administration/Industry file": {
      "acc": 0.3273475495697718,
      "f1": 0.2350030921459493,
      "count": 81
    },
    "Brochure": {
      "acc": 0.306700437485609,
      "f1": 0.21775898520084563,
      "count": 101
    },
    "Financial report": {
      "acc": 0.35732650366796703,
      "f1": 0.42971852998953264,
      "count": 117
    },
    "Guidebook": {
      "acc": 0.36540081075310277,
      "f1": 0.2873207345578346,
      "count": 156
    },
    "Research report / Introduction": {
      "acc": 0.31846418277060007,
      "f1": 0.14496602416180834,
      "count": 293
    },
    "Tutorial/Workshop": {
      "acc": 0.22730639018197205,
      "f1": 0.07659313725490195,
      "count": 139
    }
  },
  "answer_format_breakdowns": {
    "Float": {
      "acc": 0.2125,
      "f1": 0.3022222222222222,
      "count": 160
    },
    "Int": {
      "acc": 0.10344827586206896,
      "f1": 0.16085790884718498,
      "count": 290
    },
    "List": {
      "acc": 0.08052602926115367,
      "f1": 0.1149254980717436,
      "count": 147
    },
    "None": {
      "acc": 0.8647540983606558,
      "f1": 0.0,
      "count": 244
    },
    "Str": {
      "acc": 0.2322431987377346,
      "f1": 0.33177599819676373,
      "count": 250
    }
  },
  "sample_count": 1091,
  "completed_count": 1091,
  "failed_count": 0
}