{
  "overall_acc": 0.2818474816891216,
  "overall_f1": 0.1575955806872473,
  "breakdowns": {
    "single_page": {
      "acc": 0.15717650004707562,
      "f1": 0.2229649034551745,
      "count": 485
    },
    "cross_page": {
      "acc": 0.04407859078590786,
      "f1": 0.0735972850678733,
      "count": 369
    },
    "unanswerable": {
      "acc": 0.9098360655737705,
      "f1": 0.0,
      "count": 244
    }
  },
  "evidence_source_breakdowns": {
    "Chart": {
      "acc": 0.08766100301452452,
      "f1": 0.14249916471767457,
      "count": 178
    },
    "Figure": {
      "acc": 0.027303754266211604,
      "f1": 0.031545741324921134,
      "count": 293
    },
    "Generalized-text (Layout)": {
      "acc": 0.10084033613445378,
      "f1": 0.14864864864864866,
      "count": 119
    },
    "Pure-text (Plain-text)": {
      "acc": 0.16473915658245297,
      "f1": 0.2175311041941653,
      "count": 298
    },
    "Table": {
      "acc": 0.13441260574288097,
      "f1": 0.19586123219341212,
      "count": 218
    }
  },
  "document_type_breakdowns": {
    "Academic paper": {
      "acc": 0.26686720142602494,
      "f1": 0.10493375970762907,
      "count": 204
    },
    "Administration/Industry file": {
      "acc": 0.2962962962962963,
      "f1": 0.1797752808988764,
      "count": 81
    },
    "Brochure": {
      "acc": 0.2755485418082364,
      "f1": 0.1820444948635533,
      "count": 101
    },
    "Financial report": {
      "acc": 0.255013505013505,
      "f1": 0.3075574660081702,
      "count": 117
    },
    "Guidebook": {
      "acc": 0.3125814783507091,
      "f1": 0.2031843711843712,
      "count": 156
    },
    "Research report / Introduction": {
      "acc": 0.31399317406143346,
      "f1": 0.11363636363636363,
      "count": 293
    },
    "Tutorial/Workshop": {
      "acc": 0.22032374100719423,
      "f1": 0.061440677966101705,
      "count": 139
    }
  },
  "answer_format_breakdowns": {
    "Float": {
      "acc": 0.1375,
      "f1": 0.21359223300970873,
      "count": 160
    },
    "Int": {
      "acc": 0.05172413793103448,
      "f1": 0.08849557522123894,
      "count": 290
    },
    "List": {
      "acc": 0.049421768707482994,
      "f1": 0.07687830687830688,
      "count": 147
    },
    "None": {
      "acc": 0.9098360655737705,
      "f1": 0.0,
      "count": 244
    },
    "Str": {
      "acc": 0.1649224100913267,
      "f1": 0.25064196062511657,
      "count": 250
    }
  },
  "sample_count": 1091,
  "completed_count": 1091,
  "failed_count": 0
}