{
  "overall_acc": 0.295923930161064,
  "overall_f1": 0.18122732759338875,
  "breakdowns": {
    "single_page": {
      "acc": 0.18823200811289298,
      "f1": 0.2667484934644085,
      "count": 485
    },
    "cross_page": {
      "acc": 0.044879360083923424,
      "f1": 0.07215897111532786,
      "count": 369
    },
    "unanswerable": {
      "acc": 0.9098360655737705,
      "f1": 0.0,
      "count": 244
    }
  },
  "evidence_source_breakdowns": {
    "Chart": {
      "acc": 0.089065497396547,
      "f1": 0.1415505226480836,
      "count": 178
    },
    "Figure": {
      "acc": 0.0438810336421258,
      "f1": 0.060659340659340664,
      "count": 293
    },
    "Generalized-text (Layout)": {
      "acc": 0.10084033613445378,
      "f1": 0.1476510067114094,
      "count": 119
    },
    "Pure-text (Plain-text)": {
      "acc": 0.18235390201599036,
      "f1": 0.2326361808391407,
      "count": 298
    },
    "Table": {
      "acc": 0.16058024544263075,
      "f1": 0.23133669052036399,
      "count": 218
    }
  },
  "document_type_breakdowns": {
    "Academic paper": {
      "acc": 0.27406417112299464,
      "f1": 0.1161862527716186,
      "count": 204
    },
    "Administration/Industry file": {
      "acc": 0.2821869488536155,
      "f1": 0.15409309791332262,
      "count": 81
    },
    "Brochure": {
      "acc": 0.2924252294770033,
      "f1": 0.2097263304941333,
      "count": 101
    },
    "Financial report": {
      "acc": 0.2892015392015392,
      "f1": 0.3491429741429741,
      "count": 117
    },
    "Guidebook": {
      "acc": 0.368099866083737,
      "f1": 0.2873362248125057,
      "count": 156
    },
    "Research report / Introduction": {
      "acc": 0.3162684869169511,
      "f1": 0.1221001221001221,
      "count": 293
    },
    "Tutorial/Workshop": {
      "acc": 0.22032374100719423,
      "f1": 0.061440677966101705,
      "count": 139
    }
  },
  "answer_format_breakdowns": {
    "Float": {
      "acc": 0.15625,
      "f1": 0.2403846153846154,
      "count": 160
    },
    "Int": {
      "acc": 0.06896551724137931,
      "f1": 0.11299435028248588,
      "count": 290
    },
    "List": {
      "acc": 0.06800144300144301,
      "f1": 0.10252525252525255,
      "count": 147
    },
    "None": {
      "acc": 0.9098360655737705,
      "f1": 0.0,
      "count": 244
    },
    "Str": {
      "acc": 0.18342718273803485,
      "f1": 0.2745915909252019,
      "count": 250
    }
  },
  "sample_count": 1091,
  "completed_count": 1091,
  "failed_count": 0
}