{
  "overall_acc": 0.30784217331483554,
  "overall_f1": 0.20953813127007964,
  "breakdowns": {
    "single_page": {
      "acc": 0.2093718086917893,
      "f1": 0.2895722119923976,
      "count": 485
    },
    "cross_page": {
      "acc": 0.0685920972112947,
      "f1": 0.10933254371908312,
      "count": 369
    },
    "unanswerable": {
      "acc": 0.8852459016393442,
      "f1": 0.0,
      "count": 244
    }
  },
  "evidence_source_breakdowns": {
    "Chart": {
      "acc": 0.11153740750890656,
      "f1": 0.1726405090137858,
      "count": 178
    },
    "Figure": {
      "acc": 0.03698090009115384,
      "f1": 0.04748729531338226,
      "count": 293
    },
    "Generalized-text (Layout)": {
      "acc": 0.11746437705516989,
      "f1": 0.17076659038901598,
      "count": 119
    },
    "Pure-text (Plain-text)": {
      "acc": 0.21340357745479818,
      "f1": 0.27274345099532465,
      "count": 298
    },
    "Table": {
      "acc": 0.2144793280114381,
      "f1": 0.3030231358045927,
      "count": 218
    }
  },
  "document_type_breakdowns": {
    "Academic paper": {
      "acc": 0.2972419204836085,
      "f1": 0.17418085774444977,
      "count": 204
    },
    "Administration/Industry file": {
      "acc": 0.2945326278659612,
      "f1": 0.22385861561119294,
      "count": 81
    },
    "Brochure": {
      "acc": 0.27262324927898346,
      "f1": 0.19154451231231515,
      "count": 101
    },
    "Financial report": {
      "acc": 0.29749744383890725,
      "f1": 0.36932308883528403,
      "count": 117
    },
    "Guidebook": {
      "acc": 0.368099866083737,
      "f1": 0.2905551898178626,
      "count": 156
    },
    "Research report / Introduction": {
      "acc": 0.3412969283276451,
      "f1": 0.15441176470588236,
      "count": 293
    },
    "Tutorial/Workshop": {
      "acc": 0.22730639018197205,
      "f1": 0.07659313725490195,
      "count": 139
    }
  },
  "answer_format_breakdowns": {
    "Float": {
      "acc": 0.20625,
      "f1": 0.304147465437788,
      "count": 160
    },
    "Int": {
      "acc": 0.0896551724137931,
      "f1": 0.14444444444444443,
      "count": 290
    },
    "List": {
      "acc": 0.08367437884244608,
      "f1": 0.12424377464484418,
      "count": 147
    },
    "None": {
      "acc": 0.8852459016393442,
      "f1": 0.0,
      "count": 244
    },
    "Str": {
      "acc": 0.19422270958658397,
      "f1": 0.2847840316518827,
      "count": 250
    }
  },
  "sample_count": 1091,
  "completed_count": 1091,
  "failed_count": 0
}