{
  "overall_acc": 0.2880166029938835,
  "overall_f1": 0.17126998896821385,
  "breakdowns": {
    "single_page": {
      "acc": 0.17663016493888486,
      "f1": 0.24933638667308766,
      "count": 485
    },
    "cross_page": {
      "acc": 0.044879360083923424,
      "f1": 0.07263370118845502,
      "count": 369
    },
    "unanswerable": {
      "acc": 0.8975409836065574,
      "f1": 0.0,
      "count": 244
    }
  },
  "evidence_source_breakdowns": {
    "Chart": {
      "acc": 0.089065497396547,
      "f1": 0.1415505226480836,
      "count": 178
    },
    "Figure": {
      "acc": 0.0438810336421258,
      "f1": 0.061034940291906245,
      "count": 293
    },
    "Generalized-text (Layout)": {
      "acc": 0.10084033613445378,
      "f1": 0.1476510067114094,
      "count": 119
    },
    "Pure-text (Plain-text)": {
      "acc": 0.1706597795836129,
      "f1": 0.21445777171597383,
      "count": 298
    },
    "Table": {
      "acc": 0.14817407363278923,
      "f1": 0.21439690446539758,
      "count": 218
    }
  },
  "document_type_breakdowns": {
    "Academic paper": {
      "acc": 0.26916221033868093,
      "f1": 0.11675579322638145,
      "count": 204
    },
    "Administration/Industry file": {
      "acc": 0.2831456095344984,
      "f1": 0.17830998589425556,
      "count": 81
    },
    "Brochure": {
      "acc": 0.2755485418082364,
      "f1": 0.19340004861842638,
      "count": 101
    },
    "Financial report": {
      "acc": 0.2721075221075221,
      "f1": 0.31070176988544335,
      "count": 117
    },
    "Guidebook": {
      "acc": 0.35527935326322424,
      "f1": 0.27557151893015275,
      "count": 156
    },
    "Research report / Introduction": {
      "acc": 0.3094425483503982,
      "f1": 0.10784313725490195,
      "count": 293
    },
    "Tutorial/Workshop": {
      "acc": 0.22032374100719423,
      "f1": 0.061440677966101705,
      "count": 139
    }
  },
  "answer_format_breakdowns": {
    "Float": {
      "acc": 0.13125,
      "f1": 0.2028985507246377,
      "count": 160
    },
    "Int": {
      "acc": 0.07586206896551724,
      "f1": 0.125,
      "count": 290
    },
    "List": {
      "acc": 0.056405895691609975,
      "f1": 0.08637152777777778,
      "count": 147
    },
    "None": {
      "acc": 0.8975409836065574,
      "f1": 0.0,
      "count": 244
    },
    "Str": {
      "acc": 0.1757377887986409,
      "f1": 0.2615145666646442,
      "count": 250
    }
  },
  "sample_count": 1091,
  "completed_count": 1091,
  "failed_count": 0
}