{
  "overall_acc": 0.31054506535750753,
  "overall_f1": 0.21528805824285357,
  "breakdowns": {
    "single_page": {
      "acc": 0.21212101492370014,
      "f1": 0.2896637227733975,
      "count": 485
    },
    "cross_page": {
      "acc": 0.08381022782397336,
      "f1": 0.12779328126878584,
      "count": 369
    },
    "unanswerable": {
      "acc": 0.8688524590163934,
      "f1": 0.0,
      "count": 244
    }
  },
  "evidence_source_breakdowns": {
    "Chart": {
      "acc": 0.10674157303370786,
      "f1": 0.1596638655462185,
      "count": 178
    },
    "Figure": {
      "acc": 0.040955631399317405,
      "f1": 0.0547112462006079,
      "count": 293
    },
    "Generalized-text (Layout)": {
      "acc": 0.12605042016806722,
      "f1": 0.18064516129032257,
      "count": 119
    },
    "Pure-text (Plain-text)": {
      "acc": 0.20592269011695374,
      "f1": 0.2528602867667545,
      "count": 298
    },
    "Table": {
      "acc": 0.2339747408554748,
      "f1": 0.3185126974935892,
      "count": 218
    }
  },
  "document_type_breakdowns": {
    "Academic paper": {
      "acc": 0.3073083778966132,
      "f1": 0.2087304765718863,
      "count": 204
    },
    "Administration/Industry file": {
      "acc": 0.2999933980326137,
      "f1": 0.21457219251336895,
      "count": 81
    },
    "Brochure": {
      "acc": 0.27407217465932643,
      "f1": 0.1890493741697693,
      "count": 101
    },
    "Financial report": {
      "acc": 0.30629555629555627,
      "f1": 0.36734496925579724,
      "count": 117
    },
    "Guidebook": {
      "acc": 0.3910561255105847,
      "f1": 0.31466017505226085,
      "count": 156
    },
    "Research report / Introduction": {
      "acc": 0.3299203640500569,
      "f1": 0.14942528735632185,
      "count": 293
    },
    "Tutorial/Workshop": {
      "acc": 0.22032374100719423,
      "f1": 0.06196581196581197,
      "count": 139
    }
  },
  "answer_format_breakdowns": {
    "Float": {
      "acc": 0.2,
      "f1": 0.2844444444444445,
      "count": 160
    },
    "Int": {
      "acc": 0.09655172413793103,
      "f1": 0.15176151761517614,
      "count": 290
    },
    "List": {
      "acc": 0.1059686298761929,
      "f1": 0.1565566692643252,
      "count": 147
    },
    "None": {
      "acc": 0.8688524590163934,
      "f1": 0.0,
      "count": 244
    },
    "Str": {
      "acc": 0.20490911085296154,
      "f1": 0.2902395337860645,
      "count": 250
    }
  },
  "sample_count": 1091,
  "completed_count": 1091,
  "failed_count": 0
}