{
  "overall_acc": 0.3351204551223843,
  "overall_f1": 0.2532619435520414,
  "breakdowns": {
    "single_page": {
      "acc": 0.24633970349889753,
      "f1": 0.32696150057257356,
      "count": 485
    },
    "cross_page": {
      "acc": 0.11420504157603245,
      "f1": 0.16856664136622387,
      "count": 369
    },
    "unanswerable": {
      "acc": 0.8647540983606558,
      "f1": 0.0,
      "count": 244
    }
  },
  "evidence_source_breakdowns": {
    "Chart": {
      "acc": 0.14970345423658094,
      "f1": 0.21576692189563892,
      "count": 178
    },
    "Figure": {
      "acc": 0.044294405698174805,
      "f1": 0.05869565217391304,
      "count": 293
    },
    "Generalized-text (Layout)": {
      "acc": 0.18469126781147244,
      "f1": 0.25583244962884416,
      "count": 119
    },
    "Pure-text (Plain-text)": {
      "acc": 0.23332045984638036,
      "f1": 0.28166440105505114,
      "count": 298
    },
    "Table": {
      "acc": 0.26608483259859406,
      "f1": 0.35298138394113626,
      "count": 218
    }
  },
  "document_type_breakdowns": {
    "Academic paper": {
      "acc": 0.35131946059056035,
      "f1": 0.27453084000398575,
      "count": 204
    },
    "Administration/Industry file": {
      "acc": 0.3273475495697718,
      "f1": 0.24301265077964104,
      "count": 81
    },
    "Brochure": {
      "acc": 0.2839731647583363,
      "f1": 0.2067484892140171,
      "count": 101
    },
    "Financial report": {
      "acc": 0.3661246161246161,
      "f1": 0.4343827889282434,
      "count": 117
    },
    "Guidebook": {
      "acc": 0.39746638192084116,
      "f1": 0.30606290250984935,
      "count": 156
    },
    "Research report / Introduction": {
      "acc": 0.34578116559992517,
      "f1": 0.18939051184466937,
      "count": 293
    },
    "Tutorial/Workshop": {
      "acc": 0.2345006347862886,
      "f1": 0.09325980392156863,
      "count": 139
    }
  },
  "answer_format_breakdowns": {
    "Float": {
      "acc": 0.26875,
      "f1": 0.36752136752136755,
      "count": 160
    },
    "Int": {
      "acc": 0.11379310344827587,
      "f1": 0.17187500000000003,
      "count": 290
    },
    "List": {
      "acc": 0.11257127093261546,
      "f1": 0.15988383407820744,
      "count": 147
    },
    "None": {
      "acc": 0.8647540983606558,
      "f1": 0.0,
      "count": 244
    },
    "Str": {
      "acc": 0.2482737588457072,
      "f1": 0.34197487444312286,
      "count": 250
    }
  },
  "sample_count": 1091,
  "completed_count": 1091,
  "failed_count": 0
}