{
  "overall_acc": 0.3005414636664644,
  "overall_f1": 0.2015226271113037,
  "breakdowns": {
    "single_page": {
      "acc": 0.20343806658035155,
      "f1": 0.27610681413093524,
      "count": 485
    },
    "cross_page": {
      "acc": 0.07106578473886764,
      "f1": 0.11111557020611083,
      "count": 369
    },
    "unanswerable": {
      "acc": 0.860655737704918,
      "f1": 0.0,
      "count": 244
    }
  },
  "evidence_source_breakdowns": {
    "Chart": {
      "acc": 0.10674157303370786,
      "f1": 0.1610169491525424,
      "count": 178
    },
    "Figure": {
      "acc": 0.040955631399317405,
      "f1": 0.05438066465256798,
      "count": 293
    },
    "Generalized-text (Layout)": {
      "acc": 0.1484268125854993,
      "f1": 0.210921401236385,
      "count": 119
    },
    "Pure-text (Plain-text)": {
      "acc": 0.19278869869102058,
      "f1": 0.24197137750563139,
      "count": 298
    },
    "Table": {
      "acc": 0.20186464911235552,
      "f1": 0.2739267102324427,
      "count": 218
    }
  },
  "document_type_breakdowns": {
    "Academic paper": {
      "acc": 0.28770053475935825,
      "f1": 0.17503030303030304,
      "count": 204
    },
    "Administration/Industry file": {
      "acc": 0.2962962962962963,
      "f1": 0.20833333333333334,
      "count": 81
    },
    "Brochure": {
      "acc": 0.3037751449563561,
      "f1": 0.21047368721787327,
      "count": 101
    },
    "Financial report": {
      "acc": 0.31484256484256484,
      "f1": 0.3753028941708187,
      "count": 117
    },
    "Guidebook": {
      "acc": 0.3296383276221986,
      "f1": 0.24207434021540095,
      "count": 156
    },
    "Research report / Introduction": {
      "acc": 0.3230811969203905,
      "f1": 0.14654461487712353,
      "count": 293
    },
    "Tutorial/Workshop": {
      "acc": 0.22730639018197205,
      "f1": 0.07659313725490195,
      "count": 139
    }
  },
  "answer_format_breakdowns": {
    "Float": {
      "acc": 0.2,
      "f1": 0.2844444444444445,
      "count": 160
    },
    "Int": {
      "acc": 0.07931034482758621,
      "f1": 0.12849162011173187,
      "count": 290
    },
    "List": {
      "acc": 0.08818315909873464,
      "f1": 0.12771354076368466,
      "count": 147
    },
    "None": {
      "acc": 0.860655737704918,
      "f1": 0.0,
      "count": 244
    },
    "Str": {
      "acc": 0.19971124989039468,
      "f1": 0.2853017855577067,
      "count": 250
    }
  },
  "sample_count": 1091,
  "completed_count": 1091,
  "failed_count": 0
}