{
  "overall_acc": 0.27216069868607023,
  "overall_f1": 0.1412508511255997,
  "breakdowns": {
    "single_page": {
      "acc": 0.14144808714742813,
      "f1": 0.20465887796180282,
      "count": 485
    },
    "cross_page": {
      "acc": 0.03421409214092141,
      "f1": 0.05913348946135832,
      "count": 369
    },
    "unanswerable": {
      "acc": 0.9127049180327869,
      "f1": 0.0,
      "count": 244
    }
  },
  "evidence_source_breakdowns": {
    "Chart": {
      "acc": 0.07642504795834475,
      "f1": 0.12537934135101717,
      "count": 178
    },
    "Figure": {
      "acc": 0.027303754266211604,
      "f1": 0.032362459546925564,
      "count": 293
    },
    "Generalized-text (Layout)": {
      "acc": 0.10084033613445378,
      "f1": 0.15602836879432624,
      "count": 119
    },
    "Pure-text (Plain-text)": {
      "acc": 0.13687340308566331,
      "f1": 0.18020412863748086,
      "count": 298
    },
    "Table": {
      "acc": 0.11622780888835935,
      "f1": 0.17829789258360684,
      "count": 218
    }
  },
  "document_type_breakdowns": {
    "Academic paper": {
      "acc": 0.27176916221033864,
      "f1": 0.10763823805060918,
      "count": 204
    },
    "Administration/Industry file": {
      "acc": 0.24691358024691357,
      "f1": 0.15,
      "count": 81
    },
    "Brochure": {
      "acc": 0.2656475517092265,
      "f1": 0.15058466774292073,
      "count": 101
    },
    "Financial report": {
      "acc": 0.1949333412748047,
      "f1": 0.22908986853843696,
      "count": 117
    },
    "Guidebook": {
      "acc": 0.3238705738705739,
      "f1": 0.22042527702905063,
      "count": 156
    },
    "Research report / Introduction": {
      "acc": 0.30955631399317407,
      "f1": 0.10077519379844961,
      "count": 293
    },
    "Tutorial/Workshop": {
      "acc": 0.22032374100719423,
      "f1": 0.061440677966101705,
      "count": 139
    }
  },
  "answer_format_breakdowns": {
    "Float": {
      "acc": 0.125,
      "f1": 0.20304568527918782,
      "count": 160
    },
    "Int": {
      "acc": 0.04827586206896552,
      "f1": 0.08408408408408408,
      "count": 290
    },
    "List": {
      "acc": 0.031462585034013606,
      "f1": 0.050271739130434784,
      "count": 147
    },
    "None": {
      "acc": 0.9127049180327869,
      "f1": 0.0,
      "count": 244
    },
    "Str": {
      "acc": 0.14240928906601055,
      "f1": 0.22604649058096912,
      "count": 250
    }
  },
  "sample_count": 1091,
  "completed_count": 1091,
  "failed_count": 0
}