{
  "overall_acc": 0.3402863192447445,
  "overall_f1": 0.2639155062127926,
  "breakdowns": {
    "single_page": {
      "acc": 0.2570429662545626,
      "f1": 0.3430490922258392,
      "count": 485
    },
    "cross_page": {
      "acc": 0.11812069285244826,
      "f1": 0.17365153650419685,
      "count": 369
    },
    "unanswerable": {
      "acc": 0.860655737704918,
      "f1": 0.0,
      "count": 244
    }
  },
  "evidence_source_breakdowns": {
    "Chart": {
      "acc": 0.13439930855661192,
      "f1": 0.19935897435897434,
      "count": 178
    },
    "Figure": {
      "acc": 0.061312499110676565,
      "f1": 0.08700326883388505,
      "count": 293
    },
    "Generalized-text (Layout)": {
      "acc": 0.20592970504683167,
      "f1": 0.27817319408962093,
      "count": 119
    },
    "Pure-text (Plain-text)": {
      "acc": 0.25159185354100266,
      "f1": 0.303457019442941,
      "count": 298
    },
    "Table": {
      "acc": 0.26996627225985026,
      "f1": 0.35383882172872994,
      "count": 218
    }
  },
  "document_type_breakdowns": {
    "Academic paper": {
      "acc": 0.3572237899437213,
      "f1": 0.2918297334604112,
      "count": 204
    },
    "Administration/Industry file": {
      "acc": 0.33535862437006225,
      "f1": 0.286114124037265,
      "count": 81
    },
    "Brochure": {
      "acc": 0.2839731647583363,
      "f1": 0.1890493741697693,
      "count": 101
    },
    "Financial report": {
      "acc": 0.3733567002797772,
      "f1": 0.4393141788351369,
      "count": 117
    },
    "Guidebook": {
      "acc": 0.4102726056248977,
      "f1": 0.3261144182335221,
      "count": 156
    },
    "Research report / Introduction": {
      "acc": 0.34215882009357684,
      "f1": 0.18042978891696224,
      "count": 293
    },
    "Tutorial/Workshop": {
      "acc": 0.2488891239949217,
      "f1": 0.12451783992285438,
      "count": 139
    }
  },
  "answer_format_breakdowns": {
    "Float": {
      "acc": 0.2625,
      "f1": 0.35897435897435903,
      "count": 160
    },
    "Int": {
      "acc": 0.13448275862068965,
      "f1": 0.20418848167539266,
      "count": 290
    },
    "List": {
      "acc": 0.12282103584187452,
      "f1": 0.17360281027649574,
      "count": 147
    },
    "None": {
      "acc": 0.860655737704918,
      "f1": 0.0,
      "count": 244
    },
    "Str": {
      "acc": 0.24879072810904274,
      "f1": 0.34174550564428946,
      "count": 250
    }
  },
  "sample_count": 1091,
  "completed_count": 1091,
  "failed_count": 0
}