{
  "overall_acc": 0.28988996241486087,
  "overall_f1": 0.18527164672937185,
  "breakdowns": {
    "single_page": {
      "acc": 0.17878240231679485,
      "f1": 0.25547905488347916,
      "count": 485
    },
    "cross_page": {
      "acc": 0.06113952268554944,
      "f1": 0.10026881720430107,
      "count": 369
    },
    "unanswerable": {
      "acc": 0.8770491803278688,
      "f1": 0.0,
      "count": 244
    }
  },
  "evidence_source_breakdowns": {
    "Chart": {
      "acc": 0.10030145245272679,
      "f1": 0.16012249808596743,
      "count": 178
    },
    "Figure": {
      "acc": 0.030229156509019993,
      "f1": 0.03672189879086431,
      "count": 293
    },
    "Generalized-text (Layout)": {
      "acc": 0.10084033613445378,
      "f1": 0.15602836879432624,
      "count": 119
    },
    "Pure-text (Plain-text)": {
      "acc": 0.18337388247204875,
      "f1": 0.24002728955501526,
      "count": 298
    },
    "Table": {
      "acc": 0.1896223043012034,
      "f1": 0.27819077474249887,
      "count": 218
    }
  },
  "document_type_breakdowns": {
    "Academic paper": {
      "acc": 0.30240641711229943,
      "f1": 0.19304812834224602,
      "count": 204
    },
    "Administration/Industry file": {
      "acc": 0.2451499118165785,
      "f1": 0.1490683229813665,
      "count": 81
    },
    "Brochure": {
      "acc": 0.2557465616102166,
      "f1": 0.16661137212512975,
      "count": 101
    },
    "Financial report": {
      "acc": 0.26330940965087307,
      "f1": 0.3352324449885426,
      "count": 117
    },
    "Guidebook": {
      "acc": 0.34268777817164914,
      "f1": 0.25246227523267367,
      "count": 156
    },
    "Research report / Introduction": {
      "acc": 0.32081911262798635,
      "f1": 0.12734082397003746,
      "count": 293
    },
    "Tutorial/Workshop": {
      "acc": 0.22032374100719423,
      "f1": 0.06196581196581197,
      "count": 139
    }
  },
  "answer_format_breakdowns": {
    "Float": {
      "acc": 0.18125,
      "f1": 0.28431372549019607,
      "count": 160
    },
    "Int": {
      "acc": 0.06896551724137931,
      "f1": 0.11363636363636365,
      "count": 290
    },
    "List": {
      "acc": 0.058673469387755105,
      "f1": 0.09078947368421053,
      "count": 147
    },
    "None": {
      "acc": 0.8770491803278688,
      "f1": 0.0,
      "count": 244
    },
    "Str": {
      "acc": 0.17857979597845294,
      "f1": 0.2722252987476417,
      "count": 250
    }
  },
  "sample_count": 1091,
  "completed_count": 1091,
  "failed_count": 0
}