{
  "overall_acc": 0.3328990489238708,
  "overall_f1": 0.24990555764618683,
  "breakdowns": {
    "single_page": {
      "acc": 0.2399807019358347,
      "f1": 0.3222110174930186,
      "count": 485
    },
    "cross_page": {
      "acc": 0.11328515430098432,
      "f1": 0.16754397569965215,
      "count": 369
    },
    "unanswerable": {
      "acc": 0.8688524590163934,
      "f1": 0.0,
      "count": 244
    }
  },
  "evidence_source_breakdowns": {
    "Chart": {
      "acc": 0.12795918797563083,
      "f1": 0.18980612883051906,
      "count": 178
    },
    "Figure": {
      "acc": 0.054533313548004156,
      "f1": 0.07567499049309165,
      "count": 293
    },
    "Generalized-text (Layout)": {
      "acc": 0.18185757619529105,
      "f1": 0.2564105784750266,
      "count": 119
    },
    "Pure-text (Plain-text)": {
      "acc": 0.2366556777283957,
      "f1": 0.29139170625257765,
      "count": 298
    },
    "Table": {
      "acc": 0.26257496326303664,
      "f1": 0.3429350121423292,
      "count": 218
    }
  },
  "document_type_breakdowns": {
    "Academic paper": {
      "acc": 0.32787917538556927,
      "f1": 0.2532826421920011,
      "count": 204
    },
    "Administration/Industry file": {
      "acc": 0.3273475495697718,
      "f1": 0.24782478247824782,
      "count": 81
    },
    "Brochure": {
      "acc": 0.30465145209926553,
      "f1": 0.21399630294592392,
      "count": 101
    },
    "Financial report": {
      "acc": 0.3746716246716247,
      "f1": 0.44381421791060344,
      "count": 117
    },
    "Guidebook": {
      "acc": 0.40386234921464126,
      "f1": 0.3243516375944219,
      "count": 156
    },
    "Research report / Introduction": {
      "acc": 0.3330575686715063,
      "f1": 0.15576460428104372,
      "count": 293
    },
    "Tutorial/Workshop": {
      "acc": 0.2488891239949217,
      "f1": 0.12451783992285438,
      "count": 139
    }
  },
  "answer_format_breakdowns": {
    "Float": {
      "acc": 0.2625,
      "f1": 0.35897435897435903,
      "count": 160
    },
    "Int": {
      "acc": 0.11379310344827587,
      "f1": 0.17460317460317462,
      "count": 290
    },
    "List": {
      "acc": 0.12093006966519408,
      "f1": 0.17428157098807381,
      "count": 147
    },
    "None": {
      "acc": 0.8688524590163934,
      "f1": 0.0,
      "count": 244
    },
    "Str": {
      "acc": 0.23366456854063805,
      "f1": 0.3227411167688371,
      "count": 250
    }
  },
  "sample_count": 1091,
  "completed_count": 1091,
  "failed_count": 0
}