{
  "overall_acc": 0.29914944111915676,
  "overall_f1": 0.1992478739209139,
  "breakdowns": {
    "single_page": {
      "acc": 0.20248987468406102,
      "f1": 0.28063873606698336,
      "count": 485
    },
    "cross_page": {
      "acc": 0.060066262978944164,
      "f1": 0.09699978572967351,
      "count": 369
    },
    "unanswerable": {
      "acc": 0.8729508196721312,
      "f1": 0.0,
      "count": 244
    }
  },
  "evidence_source_breakdowns": {
    "Chart": {
      "acc": 0.11497061599829482,
      "f1": 0.18030634050833902,
      "count": 178
    },
    "Figure": {
      "acc": 0.04729400292540224,
      "f1": 0.0662020905923345,
      "count": 293
    },
    "Generalized-text (Layout)": {
      "acc": 0.10641000586281024,
      "f1": 0.1565475261432808,
      "count": 119
    },
    "Pure-text (Plain-text)": {
      "acc": 0.18073991696659159,
      "f1": 0.23430247628022144,
      "count": 298
    },
    "Table": {
      "acc": 0.19269033718575002,
      "f1": 0.26889503938684267,
      "count": 218
    }
  },
  "document_type_breakdowns": {
    "Academic paper": {
      "acc": 0.2966676569617746,
      "f1": 0.17826668511600022,
      "count": 204
    },
    "Administration/Industry file": {
      "acc": 0.2451499118165785,
      "f1": 0.1316211878009631,
      "count": 81
    },
    "Brochure": {
      "acc": 0.28252423937799337,
      "f1": 0.19509163291069134,
      "count": 101
    },
    "Financial report": {
      "acc": 0.29749744383890725,
      "f1": 0.36932308883528403,
      "count": 117
    },
    "Guidebook": {
      "acc": 0.36131253576699496,
      "f1": 0.27687222249603655,
      "count": 156
    },
    "Research report / Introduction": {
      "acc": 0.326494166203667,
      "f1": 0.1513757560269188,
      "count": 293
    },
    "Tutorial/Workshop": {
      "acc": 0.22032374100719423,
      "f1": 0.06196581196581197,
      "count": 139
    }
  },
  "answer_format_breakdowns": {
    "Float": {
      "acc": 0.20625,
      "f1": 0.30985915492957744,
      "count": 160
    },
    "Int": {
      "acc": 0.07931034482758621,
      "f1": 0.1277777777777778,
      "count": 290
    },
    "List": {
      "acc": 0.08798307906672183,
      "f1": 0.13402603754205294,
      "count": 147
    },
    "None": {
      "acc": 0.8729508196721312,
      "f1": 0.0,
      "count": 244
    },
    "Str": {
      "acc": 0.17775411055276755,
      "f1": 0.2606365257371958,
      "count": 250
    }
  },
  "sample_count": 1091,
  "completed_count": 1091,
  "failed_count": 0
}