{
  "overall_acc": 0.31226763121118656,
  "overall_f1": 0.2232159334803201,
  "breakdowns": {
    "single_page": {
      "acc": 0.22293505521739548,
      "f1": 0.31162866496282526,
      "count": 485
    },
    "cross_page": {
      "acc": 0.07468965818690446,
      "f1": 0.11678171131765992,
      "count": 369
    },
    "unanswerable": {
      "acc": 0.8688524590163934,
      "f1": 0.0,
      "count": 244
    }
  },
  "evidence_source_breakdowns": {
    "Chart": {
      "acc": 0.11715538503699645,
      "f1": 0.18536585365853658,
      "count": 178
    },
    "Figure": {
      "acc": 0.030716723549488054,
      "f1": 0.03636363636363636,
      "count": 293
    },
    "Generalized-text (Layout)": {
      "acc": 0.13445378151260504,
      "f1": 0.1935483870967742,
      "count": 119
    },
    "Pure-text (Plain-text)": {
      "acc": 0.2085125045662234,
      "f1": 0.2644447307469284,
      "count": 298
    },
    "Table": {
      "acc": 0.22037709996425592,
      "f1": 0.30746541040658687,
      "count": 218
    }
  },
  "document_type_breakdowns": {
    "Academic paper": {
      "acc": 0.2887700534759358,
      "f1": 0.17936117936117937,
      "count": 204
    },
    "Administration/Industry file": {
      "acc": 0.3150018705574261,
      "f1": 0.23989898989898992,
      "count": 81
    },
    "Brochure": {
      "acc": 0.28252423937799337,
      "f1": 0.20783690409328523,
      "count": 101
    },
    "Financial report": {
      "acc": 0.349030599030599,
      "f1": 0.4203301874109327,
      "count": 117
    },
    "Guidebook": {
      "acc": 0.38649119697506795,
      "f1": 0.3137083531966735,
      "count": 156
    },
    "Research report / Introduction": {
      "acc": 0.32081911262798635,
      "f1": 0.1412639405204461,
      "count": 293
    },
    "Tutorial/Workshop": {
      "acc": 0.2345006347862886,
      "f1": 0.09325980392156863,
      "count": 139
    }
  },
  "answer_format_breakdowns": {
    "Float": {
      "acc": 0.23125,
      "f1": 0.34101382488479265,
      "count": 160
    },
    "Int": {
      "acc": 0.09655172413793103,
      "f1": 0.15555555555555556,
      "count": 290
    },
    "List": {
      "acc": 0.08367437884244608,
      "f1": 0.12178350187959974,
      "count": 147
    },
    "None": {
      "acc": 0.8688524590163934,
      "f1": 0.0,
      "count": 244
    },
    "Str": {
      "acc": 0.20553540784625995,
      "f1": 0.30049036234833326,
      "count": 250
    }
  },
  "sample_count": 1091,
  "completed_count": 1091,
  "failed_count": 0
}