{
  "overall_acc": 0.3315391787280135,
  "overall_f1": 0.2522181945008524,
  "breakdowns": {
    "single_page": {
      "acc": 0.2431026658825409,
      "f1": 0.3252339969297136,
      "count": 485
    },
    "cross_page": {
      "acc": 0.11058116812799565,
      "f1": 0.16757474759437532,
      "count": 369
    },
    "unanswerable": {
      "acc": 0.860655737704918,
      "f1": 0.0,
      "count": 244
    }
  },
  "evidence_source_breakdowns": {
    "Chart": {
      "acc": 0.11715538503699645,
      "f1": 0.1752408280385325,
      "count": 178
    },
    "Figure": {
      "acc": 0.0511203442647277,
      "f1": 0.07004830917874395,
      "count": 293
    },
    "Generalized-text (Layout)": {
      "acc": 0.16505085350621543,
      "f1": 0.23447863606590738,
      "count": 119
    },
    "Pure-text (Plain-text)": {
      "acc": 0.24673027203097014,
      "f1": 0.30516339938178494,
      "count": 298
    },
    "Table": {
      "acc": 0.26458060288335516,
      "f1": 0.3542410714285715,
      "count": 218
    }
  },
  "document_type_breakdowns": {
    "Academic paper": {
      "acc": 0.3082713322483143,
      "f1": 0.20681689851650326,
      "count": 204
    },
    "Administration/Industry file": {
      "acc": 0.3273475495697718,
      "f1": 0.2650029708853238,
      "count": 81
    },
    "Brochure": {
      "acc": 0.2924252294770033,
      "f1": 0.18981888607526726,
      "count": 101
    },
    "Financial report": {
      "acc": 0.4003126503126503,
      "f1": 0.47995879622385634,
      "count": 117
    },
    "Guidebook": {
      "acc": 0.4041055760600353,
      "f1": 0.34298861729685637,
      "count": 156
    },
    "Research report / Introduction": {
      "acc": 0.335491994314123,
      "f1": 0.17447692644164176,
      "count": 293
    },
    "Tutorial/Workshop": {
      "acc": 0.2488891239949217,
      "f1": 0.12451783992285438,
      "count": 139
    }
  },
  "answer_format_breakdowns": {
    "Float": {
      "acc": 0.25625,
      "f1": 0.3565217391304348,
      "count": 160
    },
    "Int": {
      "acc": 0.12758620689655173,
      "f1": 0.2005420054200542,
      "count": 290
    },
    "List": {
      "acc": 0.11687390812561811,
      "f1": 0.1659948260334866,
      "count": 147
    },
    "None": {
      "acc": 0.860655737704918,
      "f1": 0.0,
      "count": 244
    },
    "Str": {
      "acc": 0.22611511799118747,
      "f1": 0.3114533305663739,
      "count": 250
    }
  },
  "sample_count": 1091,
  "completed_count": 1091,
  "failed_count": 0
}