{
  "overall_acc": 0.3214613746526802,
  "overall_f1": 0.2333009551980787,
  "breakdowns": {
    "single_page": {
      "acc": 0.23618537877699738,
      "f1": 0.3234583720506578,
      "count": 485
    },
    "cross_page": {
      "acc": 0.07903645268084118,
      "f1": 0.12228281358167882,
      "count": 369
    },
    "unanswerable": {
      "acc": 0.8770491803278688,
      "f1": 0.0,
      "count": 244
    }
  },
  "evidence_source_breakdowns": {
    "Chart": {
      "acc": 0.11715538503699645,
      "f1": 0.1797729184188394,
      "count": 178
    },
    "Figure": {
      "acc": 0.034129692832764506,
      "f1": 0.04204204204204204,
      "count": 293
    },
    "Generalized-text (Layout)": {
      "acc": 0.1484268125854993,
      "f1": 0.21362552176505661,
      "count": 119
    },
    "Pure-text (Plain-text)": {
      "acc": 0.227877047636456,
      "f1": 0.2879780623908458,
      "count": 298
    },
    "Table": {
      "acc": 0.22615572500893602,
      "f1": 0.310623460141145,
      "count": 218
    }
  },
  "document_type_breakdowns": {
    "Academic paper": {
      "acc": 0.303475935828877,
      "f1": 0.1973791973791974,
      "count": 204
    },
    "Administration/Industry file": {
      "acc": 0.30265619154508044,
      "f1": 0.23262932353841448,
      "count": 81
    },
    "Brochure": {
      "acc": 0.2953505220062562,
      "f1": 0.2112571914755692,
      "count": 101
    },
    "Financial report": {
      "acc": 0.35757760757760754,
      "f1": 0.4300812356367912,
      "count": 117
    },
    "Guidebook": {
      "acc": 0.39977407422853345,
      "f1": 0.32809782770560014,
      "count": 156
    },
    "Research report / Introduction": {
      "acc": 0.326494166203667,
      "f1": 0.1424839905628581,
      "count": 293
    },
    "Tutorial/Workshop": {
      "acc": 0.2488891239949217,
      "f1": 0.12451783992285438,
      "count": 139
    }
  },
  "answer_format_breakdowns": {
    "Float": {
      "acc": 0.25,
      "f1": 0.36036036036036034,
      "count": 160
    },
    "Int": {
      "acc": 0.1,
      "f1": 0.15846994535519127,
      "count": 290
    },
    "List": {
      "acc": 0.09659561499018213,
      "f1": 0.13853224783957827,
      "count": 147
    },
    "None": {
      "acc": 0.8770491803278688,
      "f1": 0.0,
      "count": 244
    },
    "Str": {
      "acc": 0.21405921737006947,
      "f1": 0.30667509651872416,
      "count": 250
    }
  },
  "sample_count": 1091,
  "completed_count": 1091,
  "failed_count": 0
}