{
  "overall_acc": 0.34166545844076235,
  "overall_f1": 0.26189674616208486,
  "breakdowns": {
    "single_page": {
      "acc": 0.25164066631141385,
      "f1": 0.3354102716065181,
      "count": 485
    },
    "cross_page": {
      "acc": 0.12116881300226576,
      "f1": 0.1777784970092885,
      "count": 369
    },
    "unanswerable": {
      "acc": 0.8729508196721312,
      "f1": 0.0,
      "count": 244
    }
  },
  "evidence_source_breakdowns": {
    "Chart": {
      "acc": 0.1404494382022472,
      "f1": 0.20491803278688525,
      "count": 178
    },
    "Figure": {
      "acc": 0.054533313548004156,
      "f1": 0.0761188320795614,
      "count": 293
    },
    "Generalized-text (Layout)": {
      "acc": 0.19866429888436668,
      "f1": 0.2711503181705346,
      "count": 119
    },
    "Pure-text (Plain-text)": {
      "acc": 0.26543331775336054,
      "f1": 0.3225911798232727,
      "count": 298
    },
    "Table": {
      "acc": 0.25691052067198855,
      "f1": 0.3374631503465859,
      "count": 218
    }
  },
  "document_type_breakdowns": {
    "Academic paper": {
      "acc": 0.3607404680507835,
      "f1": 0.2871030383107678,
      "count": 204
    },
    "Administration/Industry file": {
      "acc": 0.3740674721066878,
      "f1": 0.31649447069207204,
      "count": 81
    },
    "Brochure": {
      "acc": 0.27407217465932643,
      "f1": 0.16984718667705204,
      "count": 101
    },
    "Financial report": {
      "acc": 0.349030599030599,
      "f1": 0.4172045519350909,
      "count": 117
    },
    "Guidebook": {
      "acc": 0.41297166095553195,
      "f1": 0.32890355793581605,
      "count": 156
    },
    "Research report / Introduction": {
      "acc": 0.3458343254755668,
      "f1": 0.18528445670739718,
      "count": 293
    },
    "Tutorial/Workshop": {
      "acc": 0.2488891239949217,
      "f1": 0.12451783992285438,
      "count": 139
    }
  },
  "answer_format_breakdowns": {
    "Float": {
      "acc": 0.2625,
      "f1": 0.3605150214592275,
      "count": 160
    },
    "Int": {
      "acc": 0.12413793103448276,
      "f1": 0.18701298701298702,
      "count": 290
    },
    "List": {
      "acc": 0.12471629086996164,
      "f1": 0.17886141227204255,
      "count": 147
    },
    "None": {
      "acc": 0.8729508196721312,
      "f1": 0.0,
      "count": 244
    },
    "Str": {
      "acc": 0.25369488160394965,
      "f1": 0.34657770710922087,
      "count": 250
    }
  },
  "sample_count": 1091,
  "completed_count": 1091,
  "failed_count": 0
}