{
  "overall_acc": 0.2880222570984846,
  "overall_f1": 0.17472108264949995,
  "breakdowns": {
    "single_page": {
      "acc": 0.18282845077005977,
      "f1": 0.2592755511856476,
      "count": 485
    },
    "cross_page": {
      "acc": 0.04216933298365242,
      "f1": 0.06824773627617431,
      "count": 369
    },
    "unanswerable": {
      "acc": 0.889344262295082,
      "f1": 0.0,
      "count": 244
    }
  },
  "evidence_source_breakdowns": {
    "Chart": {
      "acc": 0.07782954234036722,
      "f1": 0.12480773456383212,
      "count": 178
    },
    "Figure": {
      "acc": 0.040468064358849344,
      "f1": 0.055013309671694766,
      "count": 293
    },
    "Generalized-text (Layout)": {
      "acc": 0.10084033613445378,
      "f1": 0.14864864864864866,
      "count": 119
    },
    "Pure-text (Plain-text)": {
      "acc": 0.1755439048434134,
      "f1": 0.22376337601647991,
      "count": 298
    },
    "Table": {
      "acc": 0.16446168510388695,
      "f1": 0.2362891345942193,
      "count": 218
    }
  },
  "document_type_breakdowns": {
    "Academic paper": {
      "acc": 0.25935828877005346,
      "f1": 0.09859791949344188,
      "count": 204
    },
    "Administration/Industry file": {
      "acc": 0.28913139329806,
      "f1": 0.18920545746388445,
      "count": 81
    },
    "Brochure": {
      "acc": 0.28252423937799337,
      "f1": 0.20783690409328523,
      "count": 101
    },
    "Financial report": {
      "acc": 0.27908850235304267,
      "f1": 0.3331534429095405,
      "count": 117
    },
    "Guidebook": {
      "acc": 0.35527935326322424,
      "f1": 0.27557151893015275,
      "count": 156
    },
    "Research report / Introduction": {
      "acc": 0.3094425483503982,
      "f1": 0.11352657004830917,
      "count": 293
    },
    "Tutorial/Workshop": {
      "acc": 0.22032374100719423,
      "f1": 0.061440677966101705,
      "count": 139
    }
  },
  "answer_format_breakdowns": {
    "Float": {
      "acc": 0.14375,
      "f1": 0.22330097087378636,
      "count": 160
    },
    "Int": {
      "acc": 0.06896551724137931,
      "f1": 0.11396011396011396,
      "count": 290
    },
    "List": {
      "acc": 0.0669548705262991,
      "f1": 0.10306142374205202,
      "count": 147
    },
    "None": {
      "acc": 0.889344262295082,
      "f1": 0.0,
      "count": 244
    },
    "Str": {
      "acc": 0.17755966610832308,
      "f1": 0.2626622279708921,
      "count": 250
    }
  },
  "sample_count": 1091,
  "completed_count": 1091,
  "failed_count": 0
}