{
  "overall_acc": 0.3077990557121975,
  "overall_f1": 0.21728630359586784,
  "breakdowns": {
    "single_page": {
      "acc": 0.20887430645511806,
      "f1": 0.28927619211881067,
      "count": 485
    },
    "cross_page": {
      "acc": 0.08537867520670789,
      "f1": 0.13349462352235258,
      "count": 369
    },
    "unanswerable": {
      "acc": 0.860655737704918,
      "f1": 0.0,
      "count": 244
    }
  },
  "evidence_source_breakdowns": {
    "Chart": {
      "acc": 0.09550561797752809,
      "f1": 0.14655172413793102,
      "count": 178
    },
    "Figure": {
      "acc": 0.04281050600979373,
      "f1": 0.05819194061505832,
      "count": 293
    },
    "Generalized-text (Layout)": {
      "acc": 0.1277837727608738,
      "f1": 0.18941691944725308,
      "count": 119
    },
    "Pure-text (Plain-text)": {
      "acc": 0.20968858053674772,
      "f1": 0.2642247476188134,
      "count": 298
    },
    "Table": {
      "acc": 0.21967138366220934,
      "f1": 0.30446988076858206,
      "count": 218
    }
  },
  "document_type_breakdowns": {
    "Academic paper": {
      "acc": 0.3099724870185228,
      "f1": 0.2223338289154005,
      "count": 204
    },
    "Administration/Industry file": {
      "acc": 0.3123390770449594,
      "f1": 0.21913755831152576,
      "count": 81
    },
    "Brochure": {
      "acc": 0.2839731647583363,
      "f1": 0.2085944578677137,
      "count": 101
    },
    "Financial report": {
      "acc": 0.3220746489977259,
      "f1": 0.39847706406147965,
      "count": 117
    },
    "Guidebook": {
      "acc": 0.36510536058923154,
      "f1": 0.2884048472435569,
      "count": 156
    },
    "Research report / Introduction": {
      "acc": 0.31853057120935524,
      "f1": 0.13660393897060835,
      "count": 293
    },
    "Tutorial/Workshop": {
      "acc": 0.22032374100719423,
      "f1": 0.06196581196581197,
      "count": 139
    }
  },
  "answer_format_breakdowns": {
    "Float": {
      "acc": 0.2,
      "f1": 0.2882882882882883,
      "count": 160
    },
    "Int": {
      "acc": 0.09310344827586207,
      "f1": 0.1487603305785124,
      "count": 290
    },
    "List": {
      "acc": 0.10885918042301526,
      "f1": 0.16412614894546915,
      "count": 147
    },
    "None": {
      "acc": 0.860655737704918,
      "f1": 0.0,
      "count": 244
    },
    "Str": {
      "acc": 0.20322588103929692,
      "f1": 0.2953864549989781,
      "count": 250
    }
  },
  "sample_count": 1091,
  "completed_count": 1091,
  "failed_count": 0
}