{
  "overall_acc": 0.32316714755178727,
  "overall_f1": 0.2301916245498338,
  "breakdowns": {
    "single_page": {
      "acc": 0.23164705632257013,
      "f1": 0.30939448551085613,
      "count": 485
    },
    "cross_page": {
      "acc": 0.09004481209364068,
      "f1": 0.13479324812394894,
      "count": 369
    },
    "unanswerable": {
      "acc": 0.8770491803278688,
      "f1": 0.0,
      "count": 244
    }
  },
  "evidence_source_breakdowns": {
    "Chart": {
      "acc": 0.11797752808988764,
      "f1": 0.1728395061728395,
      "count": 178
    },
    "Figure": {
      "acc": 0.047660621977570754,
      "f1": 0.06449742493781312,
      "count": 293
    },
    "Generalized-text (Layout)": {
      "acc": 0.18071962101321823,
      "f1": 0.24705584217557794,
      "count": 119
    },
    "Pure-text (Plain-text)": {
      "acc": 0.22353816226583487,
      "f1": 0.269748291200085,
      "count": 298
    },
    "Table": {
      "acc": 0.23785618051673096,
      "f1": 0.31882537525170757,
      "count": 218
    }
  },
  "document_type_breakdowns": {
    "Academic paper": {
      "acc": 0.30330222131627027,
      "f1": 0.20580735472861325,
      "count": 204
    },
    "Administration/Industry file": {
      "acc": 0.3551865330868599,
      "f1": 0.27818402383910407,
      "count": 81
    },
    "Brochure": {
      "acc": 0.313676135055366,
      "f1": 0.2085944578677137,
      "count": 101
    },
    "Financial report": {
      "acc": 0.3562626831857601,
      "f1": 0.42555501757955744,
      "count": 117
    },
    "Guidebook": {
      "acc": 0.3951444004966925,
      "f1": 0.3021041145080222,
      "count": 156
    },
    "Research report / Introduction": {
      "acc": 0.32535650977590813,
      "f1": 0.15138615162265143,
      "count": 293
    },
    "Tutorial/Workshop": {
      "acc": 0.22730639018197205,
      "f1": 0.07659313725490195,
      "count": 139
    }
  },
  "answer_format_breakdowns": {
    "Float": {
      "acc": 0.2375,
      "f1": 0.32758620689655177,
      "count": 160
    },
    "Int": {
      "acc": 0.09655172413793103,
      "f1": 0.14854111405835543,
      "count": 290
    },
    "List": {
      "acc": 0.1203720562500378,
      "f1": 0.1726311440854201,
      "count": 147
    },
    "None": {
      "acc": 0.8770491803278688,
      "f1": 0.0,
      "count": 244
    },
    "Str": {
      "acc": 0.2195226628409775,
      "f1": 0.3048925872791354,
      "count": 250
    }
  },
  "sample_count": 1091,
  "completed_count": 1091,
  "failed_count": 0
}