{
  "overall_acc": 0.30012585847273593,
  "overall_f1": 0.1985807246134836,
  "breakdowns": {
    "single_page": {
      "acc": 0.1984339465699454,
      "f1": 0.27887645027007346,
      "count": 485
    },
    "cross_page": {
      "acc": 0.06113952268554944,
      "f1": 0.09873297098891791,
      "count": 369
    },
    "unanswerable": {
      "acc": 0.8837555886736215,
      "f1": 0.0,
      "count": 244
    }
  },
  "evidence_source_breakdowns": {
    "Chart": {
      "acc": 0.09550561797752809,
      "f1": 0.15454545454545454,
      "count": 178
    },
    "Figure": {
      "acc": 0.034129692832764506,
      "f1": 0.04268292682926829,
      "count": 293
    },
    "Generalized-text (Layout)": {
      "acc": 0.10084033613445378,
      "f1": 0.14666666666666667,
      "count": 119
    },
    "Pure-text (Plain-text)": {
      "acc": 0.19499109799767325,
      "f1": 0.2523819614978105,
      "count": 298
    },
    "Table": {
      "acc": 0.18826700822113665,
      "f1": 0.2696444969172242,
      "count": 218
    }
  },
  "document_type_breakdowns": {
    "Academic paper": {
      "acc": 0.2985739750445633,
      "f1": 0.1860662701784197,
      "count": 204
    },
    "Administration/Industry file": {
      "acc": 0.30265619154508044,
      "f1": 0.21906565656565657,
      "count": 81
    },
    "Brochure": {
      "acc": 0.27407217465932643,
      "f1": 0.1744376511818372,
      "count": 101
    },
    "Financial report": {
      "acc": 0.30604445238591577,
      "f1": 0.37656471802813263,
      "count": 117
    },
    "Guidebook": {
      "acc": 0.3544399149237859,
      "f1": 0.26381806778829114,
      "count": 156
    },
    "Research report / Introduction": {
      "acc": 0.3127520943220602,
      "f1": 0.12167300380228138,
      "count": 293
    },
    "Tutorial/Workshop": {
      "acc": 0.22730639018197205,
      "f1": 0.07659313725490195,
      "count": 139
    }
  },
  "answer_format_breakdowns": {
    "Float": {
      "acc": 0.19375,
      "f1": 0.29383886255924174,
      "count": 160
    },
    "Int": {
      "acc": 0.09310344827586207,
      "f1": 0.15211267605633802,
      "count": 290
    },
    "List": {
      "acc": 0.08367437884244608,
      "f1": 0.12487445370395507,
      "count": 147
    },
    "None": {
      "acc": 0.8837555886736215,
      "f1": 0.0,
      "count": 244
    },
    "Str": {
      "acc": 0.16600325707020672,
      "f1": 0.24850786986557893,
      "count": 250
    }
  },
  "sample_count": 1091,
  "completed_count": 1091,
  "failed_count": 0
}