{
  "overall_acc": 0.3192104601171384,
  "overall_f1": 0.23472629110731777,
  "breakdowns": {
    "single_page": {
      "acc": 0.22000857927539708,
      "f1": 0.3030521609378954,
      "count": 485
    },
    "cross_page": {
      "acc": 0.09906355295184388,
      "f1": 0.15522059889269807,
      "count": 369
    },
    "unanswerable": {
      "acc": 0.8688524590163934,
      "f1": 0.0,
      "count": 244
    }
  },
  "evidence_source_breakdowns": {
    "Chart": {
      "acc": 0.12921348314606743,
      "f1": 0.19742489270386265,
      "count": 178
    },
    "Figure": {
      "acc": 0.0374684671316219,
      "f1": 0.04777401718302526,
      "count": 293
    },
    "Generalized-text (Layout)": {
      "acc": 0.16487935633591874,
      "f1": 0.23720564845827175,
      "count": 119
    },
    "Pure-text (Plain-text)": {
      "acc": 0.2225824672521292,
      "f1": 0.28387356574705497,
      "count": 298
    },
    "Table": {
      "acc": 0.22713868700107234,
      "f1": 0.3202391667738203,
      "count": 218
    }
  },
  "document_type_breakdowns": {
    "Academic paper": {
      "acc": 0.3059763233356584,
      "f1": 0.19650614642636982,
      "count": 204
    },
    "Administration/Industry file": {
      "acc": 0.3270955969368668,
      "f1": 0.26030715316429603,
      "count": 81
    },
    "Brochure": {
      "acc": 0.2769974671885793,
      "f1": 0.18475452196382425,
      "count": 101
    },
    "Financial report": {
      "acc": 0.3744205207619841,
      "f1": 0.46389203594051714,
      "count": 117
    },
    "Guidebook": {
      "acc": 0.3737331706876299,
      "f1": 0.28095230782971403,
      "count": 156
    },
    "Research report / Introduction": {
      "acc": 0.3230811969203905,
      "f1": 0.16130100140693535,
      "count": 293
    },
    "Tutorial/Workshop": {
      "acc": 0.2488891239949217,
      "f1": 0.12451783992285438,
      "count": 139
    }
  },
  "answer_format_breakdowns": {
    "Float": {
      "acc": 0.24375,
      "f1": 0.3561643835616438,
      "count": 160
    },
    "Int": {
      "acc": 0.10344827586206896,
      "f1": 0.1680672268907563,
      "count": 290
    },
    "List": {
      "acc": 0.10094935648678076,
      "f1": 0.14692629112432445,
      "count": 147
    },
    "None": {
      "acc": 0.8688524590163934,
      "f1": 0.0,
      "count": 244
    },
    "Str": {
      "acc": 0.2096762263369648,
      "f1": 0.2986840831010895,
      "count": 250
    }
  },
  "sample_count": 1091,
  "completed_count": 1091,
  "failed_count": 0
}