{
  "overall_acc": 0.33419858686255083,
  "overall_f1": 0.2550994397820376,
  "breakdowns": {
    "single_page": {
      "acc": 0.24883440041236443,
      "f1": 0.32952082376810654,
      "count": 485
    },
    "cross_page": {
      "acc": 0.1136205259269544,
      "f1": 0.1693978750183684,
      "count": 369
    },
    "unanswerable": {
      "acc": 0.8565573770491803,
      "f1": 0.0,
      "count": 244
    }
  },
  "evidence_source_breakdowns": {
    "Chart": {
      "acc": 0.14606741573033707,
      "f1": 0.21224489795918366,
      "count": 178
    },
    "Figure": {
      "acc": 0.04721980794098319,
      "f1": 0.06336493407431623,
      "count": 293
    },
    "Generalized-text (Layout)": {
      "acc": 0.17628790646693462,
      "f1": 0.2436373276776246,
      "count": 119
    },
    "Pure-text (Plain-text)": {
      "acc": 0.24554011280823626,
      "f1": 0.29941607971427336,
      "count": 298
    },
    "Table": {
      "acc": 0.27525914452519956,
      "f1": 0.3653652848699288,
      "count": 218
    }
  },
  "document_type_breakdowns": {
    "Academic paper": {
      "acc": 0.3464174998062466,
      "f1": 0.2805764163372859,
      "count": 204
    },
    "Administration/Industry file": {
      "acc": 0.3476124456516614,
      "f1": 0.27224246341893404,
      "count": 81
    },
    "Brochure": {
      "acc": 0.2839731647583363,
      "f1": 0.1890493741697693,
      "count": 101
    },
    "Financial report": {
      "acc": 0.3661246161246161,
      "f1": 0.4370314644704888,
      "count": 117
    },
    "Guidebook": {
      "acc": 0.3910561255105847,
      "f1": 0.3135649251854186,
      "count": 156
    },
    "Research report / Introduction": {
      "acc": 0.3435722411831627,
      "f1": 0.18140589569160998,
      "count": 293
    },
    "Tutorial/Workshop": {
      "acc": 0.2345006347862886,
      "f1": 0.09325980392156863,
      "count": 139
    }
  },
  "answer_format_breakdowns": {
    "Float": {
      "acc": 0.2875,
      "f1": 0.39316239316239315,
      "count": 160
    },
    "Int": {
      "acc": 0.11379310344827587,
      "f1": 0.17187500000000003,
      "count": 290
    },
    "List": {
      "acc": 0.11257127093261546,
      "f1": 0.16223506693229878,
      "count": 147
    },
    "None": {
      "acc": 0.8565573770491803,
      "f1": 0.0,
      "count": 244
    },
    "Str": {
      "acc": 0.24025072575979384,
      "f1": 0.3309238646829116,
      "count": 250
    }
  },
  "sample_count": 1091,
  "completed_count": 1091,
  "failed_count": 0
}