{
  "overall_acc": 0.31624935599154047,
  "overall_f1": 0.22554735019387795,
  "breakdowns": {
    "single_page": {
      "acc": 0.22415992477485133,
      "f1": 0.3105879802009249,
      "count": 485
    },
    "cross_page": {
      "acc": 0.0767221785121077,
      "f1": 0.12072701011073664,
      "count": 369
    },
    "unanswerable": {
      "acc": 0.8811475409836066,
      "f1": 0.0,
      "count": 244
    }
  },
  "evidence_source_breakdowns": {
    "Chart": {
      "acc": 0.11715538503699645,
      "f1": 0.18055115616091227,
      "count": 178
    },
    "Figure": {
      "acc": 0.044294405698174805,
      "f1": 0.06065812078763049,
      "count": 293
    },
    "Generalized-text (Layout)": {
      "acc": 0.13427109974424553,
      "f1": 0.19452286843591193,
      "count": 119
    },
    "Pure-text (Plain-text)": {
      "acc": 0.22404866571078835,
      "f1": 0.2866498915194961,
      "count": 298
    },
    "Table": {
      "acc": 0.21906648397474085,
      "f1": 0.30460256356021825,
      "count": 218
    }
  },
  "document_type_breakdowns": {
    "Academic paper": {
      "acc": 0.3217517244051771,
      "f1": 0.20960510906163077,
      "count": 204
    },
    "Administration/Industry file": {
      "acc": 0.2839506172839506,
      "f1": 0.22448979591836735,
      "count": 81
    },
    "Brochure": {
      "acc": 0.28252423937799337,
      "f1": 0.2097263304941333,
      "count": 101
    },
    "Financial report": {
      "acc": 0.30629555629555627,
      "f1": 0.3776782289440517,
      "count": 117
    },
    "Guidebook": {
      "acc": 0.3873306353145063,
      "f1": 0.3037193001041722,
      "count": 156
    },
    "Research report / Introduction": {
      "acc": 0.3378839590443686,
      "f1": 0.16606498194945848,
      "count": 293
    },
    "Tutorial/Workshop": {
      "acc": 0.2345006347862886,
      "f1": 0.09325980392156863,
      "count": 139
    }
  },
  "answer_format_breakdowns": {
    "Float": {
      "acc": 0.2125,
      "f1": 0.30493273542600896,
      "count": 160
    },
    "Int": {
      "acc": 0.09655172413793103,
      "f1": 0.15730337078651682,
      "count": 290
    },
    "List": {
      "acc": 0.09047709993088145,
      "f1": 0.13168449197860962,
      "count": 147
    },
    "None": {
      "acc": 0.8811475409836066,
      "f1": 0.0,
      "count": 244
    },
    "Str": {
      "acc": 0.21891165478772429,
      "f1": 0.31911319939901506,
      "count": 250
    }
  },
  "sample_count": 1091,
  "completed_count": 1091,
  "failed_count": 0
}