{
  "overall_acc": 0.27627735527542924,
  "overall_f1": 0.1550387412405754,
  "breakdowns": {
    "single_page": {
      "acc": 0.16126381328701647,
      "f1": 0.22824663283398391,
      "count": 485
    },
    "cross_page": {
      "acc": 0.03578765626365941,
      "f1": 0.06029974959493297,
      "count": 369
    },
    "unanswerable": {
      "acc": 0.889344262295082,
      "f1": 0.0,
      "count": 244
    }
  },
  "evidence_source_breakdowns": {
    "Chart": {
      "acc": 0.09753433208489388,
      "f1": 0.1564064064064064,
      "count": 178
    },
    "Figure": {
      "acc": 0.030229156509019993,
      "f1": 0.036837376460017966,
      "count": 293
    },
    "Generalized-text (Layout)": {
      "acc": 0.09710550887021475,
      "f1": 0.14972419227738376,
      "count": 119
    },
    "Pure-text (Plain-text)": {
      "acc": 0.1518675439187303,
      "f1": 0.19822035278643332,
      "count": 298
    },
    "Table": {
      "acc": 0.15035843361531434,
      "f1": 0.22222474495201763,
      "count": 218
    }
  },
  "document_type_breakdowns": {
    "Academic paper": {
      "acc": 0.26005892255892255,
      "f1": 0.13382876382876382,
      "count": 204
    },
    "Administration/Industry file": {
      "acc": 0.23280423280423282,
      "f1": 0.13781512605042018,
      "count": 81
    },
    "Brochure": {
      "acc": 0.2571954869905595,
      "f1": 0.1533989266547406,
      "count": 101
    },
    "Financial report": {
      "acc": 0.26330940965087307,
      "f1": 0.2987287798513993,
      "count": 117
    },
    "Guidebook": {
      "acc": 0.3211569643021256,
      "f1": 0.1987714374213777,
      "count": 156
    },
    "Research report / Introduction": {
      "acc": 0.31399317406143346,
      "f1": 0.11363636363636363,
      "count": 293
    },
    "Tutorial/Workshop": {
      "acc": 0.22032374100719423,
      "f1": 0.061440677966101705,
      "count": 139
    }
  },
  "answer_format_breakdowns": {
    "Float": {
      "acc": 0.15625,
      "f1": 0.2347417840375587,
      "count": 160
    },
    "Int": {
      "acc": 0.05172413793103448,
      "f1": 0.08955223880597016,
      "count": 290
    },
    "List": {
      "acc": 0.03826530612244898,
      "f1": 0.06016042780748663,
      "count": 147
    },
    "None": {
      "acc": 0.889344262295082,
      "f1": 0.0,
      "count": 244
    },
    "Str": {
      "acc": 0.15517437842197324,
      "f1": 0.23726969177671747,
      "count": 250
    }
  },
  "sample_count": 1091,
  "completed_count": 1091,
  "failed_count": 0
}