{
  "overall_acc": 0.30532467737203356,
  "overall_f1": 0.2087337145519464,
  "breakdowns": {
    "single_page": {
      "acc": 0.2040098391209448,
      "f1": 0.2769420842580067,
      "count": 485
    },
    "cross_page": {
      "acc": 0.08174647978111219,
      "f1": 0.12754524752317292,
      "count": 369
    },
    "unanswerable": {
      "acc": 0.8647540983606558,
      "f1": 0.0,
      "count": 244
    }
  },
  "evidence_source_breakdowns": {
    "Chart": {
      "acc": 0.10591942998081667,
      "f1": 0.1604566683964712,
      "count": 178
    },
    "Figure": {
      "acc": 0.03754266211604096,
      "f1": 0.04804804804804805,
      "count": 293
    },
    "Generalized-text (Layout)": {
      "acc": 0.13162008989642368,
      "f1": 0.18919729932483123,
      "count": 119
    },
    "Pure-text (Plain-text)": {
      "acc": 0.20927124001035047,
      "f1": 0.2636325215384973,
      "count": 298
    },
    "Table": {
      "acc": 0.23046487151991737,
      "f1": 0.3146411628839744,
      "count": 218
    }
  },
  "document_type_breakdowns": {
    "Academic paper": {
      "acc": 0.2936720142602495,
      "f1": 0.19008264462809918,
      "count": 204
    },
    "Administration/Industry file": {
      "acc": 0.2716049382716049,
      "f1": 0.1875,
      "count": 81
    },
    "Brochure": {
      "acc": 0.30465145209926553,
      "f1": 0.19761094792707923,
      "count": 101
    },
    "Financial report": {
      "acc": 0.32313846947993285,
      "f1": 0.37569757230673345,
      "count": 117
    },
    "Guidebook": {
      "acc": 0.3741330485875078,
      "f1": 0.29623320876012604,
      "count": 156
    },
    "Research report / Introduction": {
      "acc": 0.3162552583538376,
      "f1": 0.1389596515736708,
      "count": 293
    },
    "Tutorial/Workshop": {
      "acc": 0.22730639018197205,
      "f1": 0.07659313725490195,
      "count": 139
    }
  },
  "answer_format_breakdowns": {
    "Float": {
      "acc": 0.225,
      "f1": 0.32,
      "count": 160
    },
    "Int": {
      "acc": 0.08275862068965517,
      "f1": 0.1329639889196676,
      "count": 290
    },
    "List": {
      "acc": 0.09618332886361028,
      "f1": 0.1359514359899107,
      "count": 147
    },
    "None": {
      "acc": 0.8647540983606558,
      "f1": 0.0,
      "count": 244
    },
    "Str": {
      "acc": 0.19188109467975167,
      "f1": 0.2797100505535739,
      "count": 250
    }
  },
  "sample_count": 1091,
  "completed_count": 1091,
  "failed_count": 0
}