{
  "overall_acc": 0.33001171605996715,
  "overall_f1": 0.24295273403923648,
  "breakdowns": {
    "single_page": {
      "acc": 0.23200944307670945,
      "f1": 0.31406124967917887,
      "count": 485
    },
    "cross_page": {
      "acc": 0.10709539926617906,
      "f1": 0.160317250828479,
      "count": 369
    },
    "unanswerable": {
      "acc": 0.8811475409836066,
      "f1": 0.0,
      "count": 244
    }
  },
  "evidence_source_breakdowns": {
    "Chart": {
      "acc": 0.12359550561797752,
      "f1": 0.18487394957983191,
      "count": 178
    },
    "Figure": {
      "acc": 0.051073591260847206,
      "f1": 0.07037977787898958,
      "count": 293
    },
    "Generalized-text (Layout)": {
      "acc": 0.16391289832414258,
      "f1": 0.2216243700667421,
      "count": 119
    },
    "Pure-text (Plain-text)": {
      "acc": 0.230249571661808,
      "f1": 0.2852517238667536,
      "count": 298
    },
    "Table": {
      "acc": 0.256204804369942,
      "f1": 0.34176104269562213,
      "count": 218
    }
  },
  "document_type_breakdowns": {
    "Academic paper": {
      "acc": 0.3561542712271437,
      "f1": 0.2677333740640814,
      "count": 204
    },
    "Administration/Industry file": {
      "acc": 0.3600499823947536,
      "f1": 0.2861423954338393,
      "count": 81
    },
    "Brochure": {
      "acc": 0.32357712515437587,
      "f1": 0.22645160072485654,
      "count": 101
    },
    "Financial report": {
      "acc": 0.339168666091743,
      "f1": 0.41110357148092996,
      "count": 117
    },
    "Guidebook": {
      "acc": 0.3887341440864361,
      "f1": 0.30964893489171924,
      "count": 156
    },
    "Research report / Introduction": {
      "acc": 0.31853057120935524,
      "f1": 0.14709970596097297,
      "count": 293
    },
    "Tutorial/Workshop": {
      "acc": 0.22940471152489772,
      "f1": 0.08145424836601307,
      "count": 139
    }
  },
  "answer_format_breakdowns": {
    "Float": {
      "acc": 0.225,
      "f1": 0.31304347826086953,
      "count": 160
    },
    "Int": {
      "acc": 0.11724137931034483,
      "f1": 0.18133333333333332,
      "count": 290
    },
    "List": {
      "acc": 0.11555346214572941,
      "f1": 0.165720574979729,
      "count": 147
    },
    "None": {
      "acc": 0.8811475409836066,
      "f1": 0.0,
      "count": 244
    },
    "Str": {
      "acc": 0.2322256931440078,
      "f1": 0.3270784410478983,
      "count": 250
    }
  },
  "sample_count": 1091,
  "completed_count": 1091,
  "failed_count": 0
}