{
  "overall_acc": 0.3096612104406554,
  "overall_f1": 0.21401425270536564,
  "breakdowns": {
    "single_page": {
      "acc": 0.2142565082963069,
      "f1": 0.2927927689538032,
      "count": 485
    },
    "cross_page": {
      "acc": 0.07839017362343137,
      "f1": 0.12002478865994262,
      "count": 369
    },
    "unanswerable": {
      "acc": 0.8688524590163934,
      "f1": 0.0,
      "count": 244
    }
  },
  "evidence_source_breakdowns": {
    "Chart": {
      "acc": 0.10674157303370786,
      "f1": 0.1596638655462185,
      "count": 178
    },
    "Figure": {
      "acc": 0.03754266211604096,
      "f1": 0.048484848484848485,
      "count": 293
    },
    "Generalized-text (Layout)": {
      "acc": 0.12605042016806722,
      "f1": 0.18064516129032257,
      "count": 119
    },
    "Pure-text (Plain-text)": {
      "acc": 0.20927839481494032,
      "f1": 0.25811170934663036,
      "count": 298
    },
    "Table": {
      "acc": 0.22955141189086142,
      "f1": 0.31336873988631175,
      "count": 218
    }
  },
  "document_type_breakdowns": {
    "Academic paper": {
      "acc": 0.292602495543672,
      "f1": 0.1864045864045864,
      "count": 204
    },
    "Administration/Industry file": {
      "acc": 0.32468475605730507,
      "f1": 0.21913755831152576,
      "count": 81
    },
    "Brochure": {
      "acc": 0.2938741548573462,
      "f1": 0.2067484892140171,
      "count": 101
    },
    "Financial report": {
      "acc": 0.29774854774854775,
      "f1": 0.36272427781861744,
      "count": 117
    },
    "Guidebook": {
      "acc": 0.39128506323952245,
      "f1": 0.3133013392778269,
      "count": 156
    },
    "Research report / Introduction": {
      "acc": 0.3265073947667804,
      "f1": 0.15525114155251143,
      "count": 293
    },
    "Tutorial/Workshop": {
      "acc": 0.22032374100719423,
      "f1": 0.06196581196581197,
      "count": 139
    }
  },
  "answer_format_breakdowns": {
    "Float": {
      "acc": 0.20625,
      "f1": 0.28947368421052627,
      "count": 160
    },
    "Int": {
      "acc": 0.09310344827586207,
      "f1": 0.14634146341463417,
      "count": 290
    },
    "List": {
      "acc": 0.09916590878775754,
      "f1": 0.1465064180080438,
      "count": 147
    },
    "None": {
      "acc": 0.8688524590163934,
      "f1": 0.0,
      "count": 244
    },
    "Str": {
      "acc": 0.20505196799581868,
      "f1": 0.2946148965457165,
      "count": 250
    }
  },
  "sample_count": 1091,
  "completed_count": 1091,
  "failed_count": 0
}