{
  "overall_acc": 0.32429002660973394,
  "overall_f1": 0.2434932768224378,
  "breakdowns": {
    "single_page": {
      "acc": 0.2397824605988718,
      "f1": 0.3209823594433269,
      "count": 485
    },
    "cross_page": {
      "acc": 0.10435210200749842,
      "f1": 0.15557949753845218,
      "count": 369
    },
    "unanswerable": {
      "acc": 0.8442622950819673,
      "f1": 0.0,
      "count": 244
    }
  },
  "evidence_source_breakdowns": {
    "Chart": {
      "acc": 0.1456352636127917,
      "f1": 0.2133586578031022,
      "count": 178
    },
    "Figure": {
      "acc": 0.040955631399317405,
      "f1": 0.052785923753665684,
      "count": 293
    },
    "Generalized-text (Layout)": {
      "acc": 0.16523353527457493,
      "f1": 0.22759500850822462,
      "count": 119
    },
    "Pure-text (Plain-text)": {
      "acc": 0.2289243477844714,
      "f1": 0.2808231910081306,
      "count": 298
    },
    "Table": {
      "acc": 0.26608483259859406,
      "f1": 0.35298138394113626,
      "count": 218
    }
  },
  "document_type_breakdowns": {
    "Academic paper": {
      "acc": 0.3216313461411501,
      "f1": 0.24884701355289596,
      "count": 204
    },
    "Administration/Industry file": {
      "acc": 0.29031051253273477,
      "f1": 0.20617944147355913,
      "count": 81
    },
    "Brochure": {
      "acc": 0.2938741548573462,
      "f1": 0.2085944578677137,
      "count": 101
    },
    "Financial report": {
      "acc": 0.35732650366796703,
      "f1": 0.4340266779291169,
      "count": 117
    },
    "Guidebook": {
      "acc": 0.3782213235736156,
      "f1": 0.29510957898889656,
      "count": 156
    },
    "Research report / Introduction": {
      "acc": 0.3467094458046121,
      "f1": 0.18765896340647167,
      "count": 293
    },
    "Tutorial/Workshop": {
      "acc": 0.2345006347862886,
      "f1": 0.09325980392156863,
      "count": 139
    }
  },
  "answer_format_breakdowns": {
    "Float": {
      "acc": 0.26875,
      "f1": 0.3659574468085106,
      "count": 160
    },
    "Int": {
      "acc": 0.10689655172413794,
      "f1": 0.164021164021164,
      "count": 290
    },
    "List": {
      "acc": 0.10371139768461733,
      "f1": 0.14946642607488966,
      "count": 147
    },
    "None": {
      "acc": 0.8442622950819673,
      "f1": 0.0,
      "count": 244
    },
    "Str": {
      "acc": 0.23421937428632394,
      "f1": 0.32621082769683,
      "count": 250
    }
  },
  "sample_count": 1091,
  "completed_count": 1091,
  "failed_count": 0
}