{
  "overall_acc": 0.2989669258079136,
  "overall_f1": 0.19699376162999785,
  "breakdowns": {
    "single_page": {
      "acc": 0.1919432961456675,
      "f1": 0.2669534841260426,
      "count": 485
    },
    "cross_page": {
      "acc": 0.07338866511052851,
      "f1": 0.11450493626124744,
      "count": 369
    },
    "unanswerable": {
      "acc": 0.8729508196721312,
      "f1": 0.0,
      "count": 244
    }
  },
  "evidence_source_breakdowns": {
    "Chart": {
      "acc": 0.08833785354513754,
      "f1": 0.1326931470973374,
      "count": 178
    },
    "Figure": {
      "acc": 0.023890784982935155,
      "f1": 0.024922118380062305,
      "count": 293
    },
    "Generalized-text (Layout)": {
      "acc": 0.12321672855188587,
      "f1": 0.1833931637271734,
      "count": 119
    },
    "Pure-text (Plain-text)": {
      "acc": 0.2074609368775049,
      "f1": 0.2642089599493805,
      "count": 298
    },
    "Table": {
      "acc": 0.20630287144048615,
      "f1": 0.2883542686821376,
      "count": 218
    }
  },
  "document_type_breakdowns": {
    "Academic paper": {
      "acc": 0.2985739750445633,
      "f1": 0.1945031712473573,
      "count": 204
    },
    "Administration/Industry file": {
      "acc": 0.3273475495697718,
      "f1": 0.23989898989898992,
      "count": 81
    },
    "Brochure": {
      "acc": 0.2769974671885793,
      "f1": 0.18475452196382425,
      "count": 101
    },
    "Financial report": {
      "acc": 0.29749744383890725,
      "f1": 0.37904211748884403,
      "count": 117
    },
    "Guidebook": {
      "acc": 0.33536177084564184,
      "f1": 0.22202800289563362,
      "count": 156
    },
    "Research report / Introduction": {
      "acc": 0.31748563912994043,
      "f1": 0.13256649662071454,
      "count": 293
    },
    "Tutorial/Workshop": {
      "acc": 0.22032374100719423,
      "f1": 0.06196581196581197,
      "count": 139
    }
  },
  "answer_format_breakdowns": {
    "Float": {
      "acc": 0.19375,
      "f1": 0.2805429864253394,
      "count": 160
    },
    "Int": {
      "acc": 0.08275862068965517,
      "f1": 0.1329639889196676,
      "count": 290
    },
    "List": {
      "acc": 0.0869475999400062,
      "f1": 0.1304213999100093,
      "count": 147
    },
    "None": {
      "acc": 0.8729508196721312,
      "f1": 0.0,
      "count": 244
    },
    "Str": {
      "acc": 0.18156647546101132,
      "f1": 0.26700952273678136,
      "count": 250
    }
  },
  "sample_count": 1091,
  "completed_count": 1091,
  "failed_count": 0
}