{
  "overall_acc": 0.340374803789486,
  "overall_f1": 0.25789724907871203,
  "breakdowns": {
    "single_page": {
      "acc": 0.2549229256422539,
      "f1": 0.3366165048672241,
      "count": 485
    },
    "cross_page": {
      "acc": 0.11303873170145275,
      "f1": 0.16552099999141295,
      "count": 369
    },
    "unanswerable": {
      "acc": 0.8729508196721312,
      "f1": 0.0,
      "count": 244
    }
  },
  "evidence_source_breakdowns": {
    "Chart": {
      "acc": 0.14001728608470182,
      "f1": 0.20099255583126552,
      "count": 178
    },
    "Figure": {
      "acc": 0.05448656054412365,
      "f1": 0.07515688254741003,
      "count": 293
    },
    "Generalized-text (Layout)": {
      "acc": 0.2070676602289045,
      "f1": 0.2831263660747262,
      "count": 119
    },
    "Pure-text (Plain-text)": {
      "acc": 0.25201049896141425,
      "f1": 0.3033368761269552,
      "count": 298
    },
    "Table": {
      "acc": 0.256204804369942,
      "f1": 0.33859658859658853,
      "count": 218
    }
  },
  "document_type_breakdowns": {
    "Academic paper": {
      "acc": 0.35987117886562,
      "f1": 0.28441091312881384,
      "count": 204
    },
    "Administration/Industry file": {
      "acc": 0.3617217930943421,
      "f1": 0.2749897161661867,
      "count": 81
    },
    "Brochure": {
      "acc": 0.2641711845603165,
      "f1": 0.15502302929628511,
      "count": 101
    },
    "Financial report": {
      "acc": 0.3562626831857601,
      "f1": 0.4203967749422295,
      "count": 117
    },
    "Guidebook": {
      "acc": 0.4257921737760448,
      "f1": 0.3486406355813223,
      "count": 156
    },
    "Research report / Introduction": {
      "acc": 0.3387458508103004,
      "f1": 0.17678474267621552,
      "count": 293
    },
    "Tutorial/Workshop": {
      "acc": 0.2488891239949217,
      "f1": 0.12451783992285438,
      "count": 139
    }
  },
  "answer_format_breakdowns": {
    "Float": {
      "acc": 0.25625,
      "f1": 0.351931330472103,
      "count": 160
    },
    "Int": {
      "acc": 0.12413793103448276,
      "f1": 0.18604651162790695,
      "count": 290
    },
    "List": {
      "acc": 0.1304724394832531,
      "f1": 0.18179572136529104,
      "count": 147
    },
    "None": {
      "acc": 0.8729508196721312,
      "f1": 0.0,
      "count": 244
    },
    "Str": {
      "acc": 0.24867784932116396,
      "f1": 0.3397238378704426,
      "count": 250
    }
  },
  "sample_count": 1091,
  "completed_count": 1091,
  "failed_count": 0
}