{
  "overall_acc": 0.3150408445553949,
  "overall_f1": 0.22456873215675335,
  "breakdowns": {
    "single_page": {
      "acc": 0.22223420070698902,
      "f1": 0.304022887912186,
      "count": 485
    },
    "cross_page": {
      "acc": 0.08381022782397336,
      "f1": 0.129397381033666,
      "count": 369
    },
    "unanswerable": {
      "acc": 0.8688524590163934,
      "f1": 0.0,
      "count": 244
    }
  },
  "evidence_source_breakdowns": {
    "Chart": {
      "acc": 0.10674157303370786,
      "f1": 0.16309012875536483,
      "count": 178
    },
    "Figure": {
      "acc": 0.03754266211604096,
      "f1": 0.048338368580060416,
      "count": 293
    },
    "Generalized-text (Layout)": {
      "acc": 0.12605042016806722,
      "f1": 0.18064516129032257,
      "count": 119
    },
    "Pure-text (Plain-text)": {
      "acc": 0.22244308247627229,
      "f1": 0.2790025344843724,
      "count": 298
    },
    "Table": {
      "acc": 0.24773620874538305,
      "f1": 0.3344258265393912,
      "count": 218
    }
  },
  "document_type_breakdowns": {
    "Academic paper": {
      "acc": 0.3215480597833539,
      "f1": 0.22955878202514976,
      "count": 204
    },
    "Administration/Industry file": {
      "acc": 0.2999933980326137,
      "f1": 0.21457219251336895,
      "count": 81
    },
    "Brochure": {
      "acc": 0.2938741548573462,
      "f1": 0.2085944578677137,
      "count": 101
    },
    "Financial report": {
      "acc": 0.29774854774854775,
      "f1": 0.36272427781861744,
      "count": 117
    },
    "Guidebook": {
      "acc": 0.39746638192084116,
      "f1": 0.3333861731072358,
      "count": 156
    },
    "Research report / Introduction": {
      "acc": 0.3299203640500569,
      "f1": 0.15151515151515152,
      "count": 293
    },
    "Tutorial/Workshop": {
      "acc": 0.22032374100719423,
      "f1": 0.06196581196581197,
      "count": 139
    }
  },
  "answer_format_breakdowns": {
    "Float": {
      "acc": 0.225,
      "f1": 0.314410480349345,
      "count": 160
    },
    "Int": {
      "acc": 0.09655172413793103,
      "f1": 0.15135135135135136,
      "count": 290
    },
    "List": {
      "acc": 0.09916590878775754,
      "f1": 0.14724634941212483,
      "count": 147
    },
    "None": {
      "acc": 0.8688524590163934,
      "f1": 0.0,
      "count": 244
    },
    "Str": {
      "acc": 0.21252869127254195,
      "f1": 0.30890798150078774,
      "count": 250
    }
  },
  "sample_count": 1091,
  "completed_count": 1091,
  "failed_count": 0
}