{
  "overall_acc": 0.32258741445799255,
  "overall_f1": 0.23112720535640485,
  "breakdowns": {
    "single_page": {
      "acc": 0.21678483966310652,
      "f1": 0.29471665836818817,
      "count": 485
    },
    "cross_page": {
      "acc": 0.10515507300017132,
      "f1": 0.15837641606964578,
      "count": 369
    },
    "unanswerable": {
      "acc": 0.8811475409836066,
      "f1": 0.0,
      "count": 244
    }
  },
  "evidence_source_breakdowns": {
    "Chart": {
      "acc": 0.11192739844425238,
      "f1": 0.16465352828989194,
      "count": 178
    },
    "Figure": {
      "acc": 0.04778156996587031,
      "f1": 0.06586826347305388,
      "count": 293
    },
    "Generalized-text (Layout)": {
      "acc": 0.15683017393003712,
      "f1": 0.21805914441573354,
      "count": 119
    },
    "Pure-text (Plain-text)": {
      "acc": 0.21985151656398916,
      "f1": 0.2747218400754402,
      "count": 298
    },
    "Table": {
      "acc": 0.23785618051673096,
      "f1": 0.32390221243724426,
      "count": 218
    }
  },
  "document_type_breakdowns": {
    "Academic paper": {
      "acc": 0.3279857397504456,
      "f1": 0.23030303030303031,
      "count": 204
    },
    "Administration/Industry file": {
      "acc": 0.35203890759446316,
      "f1": 0.24782478247824782,
      "count": 81
    },
    "Brochure": {
      "acc": 0.313676135055366,
      "f1": 0.2305689025562176,
      "count": 101
    },
    "Financial report": {
      "acc": 0.347464570729111,
      "f1": 0.44144400987650945,
      "count": 117
    },
    "Guidebook": {
      "acc": 0.37181106716335915,
      "f1": 0.2983704583147407,
      "count": 156
    },
    "Research report / Introduction": {
      "acc": 0.32281866082167693,
      "f1": 0.13461077402578242,
      "count": 293
    },
    "Tutorial/Workshop": {
      "acc": 0.22730639018197205,
      "f1": 0.07659313725490195,
      "count": 139
    }
  },
  "answer_format_breakdowns": {
    "Float": {
      "acc": 0.225,
      "f1": 0.32,
      "count": 160
    },
    "Int": {
      "acc": 0.1,
      "f1": 0.15549597855227884,
      "count": 290
    },
    "List": {
      "acc": 0.10468044627271353,
      "f1": 0.15160616356737822,
      "count": 147
    },
    "None": {
      "acc": 0.8811475409836066,
      "f1": 0.0,
      "count": 244
    },
    "Str": {
      "acc": 0.22621937428632397,
      "f1": 0.3186188370229915,
      "count": 250
    }
  },
  "sample_count": 1091,
  "completed_count": 1091,
  "failed_count": 0
}