{
  "overall_acc": 0.3123934030952217,
  "overall_f1": 0.22248304266141247,
  "breakdowns": {
    "single_page": {
      "acc": 0.22403453966527112,
      "f1": 0.30390658217535577,
      "count": 485
    },
    "cross_page": {
      "acc": 0.08174647978111219,
      "f1": 0.12542391284503282,
      "count": 369
    },
    "unanswerable": {
      "acc": 0.8565573770491803,
      "f1": 0.0,
      "count": 244
    }
  },
  "evidence_source_breakdowns": {
    "Chart": {
      "acc": 0.1108097636574971,
      "f1": 0.1664484213589408,
      "count": 178
    },
    "Figure": {
      "acc": 0.040468064358849344,
      "f1": 0.05335628227194492,
      "count": 293
    },
    "Generalized-text (Layout)": {
      "acc": 0.1400234512409615,
      "f1": 0.2008050089445438,
      "count": 119
    },
    "Pure-text (Plain-text)": {
      "acc": 0.216851160771643,
      "f1": 0.271160686635057,
      "count": 298
    },
    "Table": {
      "acc": 0.24331287978076968,
      "f1": 0.3293810619759987,
      "count": 218
    }
  },
  "document_type_breakdowns": {
    "Academic paper": {
      "acc": 0.3066080977845684,
      "f1": 0.21253724630348006,
      "count": 204
    },
    "Administration/Industry file": {
      "acc": 0.30089252311474535,
      "f1": 0.22744588744588745,
      "count": 81
    },
    "Brochure": {
      "acc": 0.2938741548573462,
      "f1": 0.19420526619258122,
      "count": 101
    },
    "Financial report": {
      "acc": 0.34048359048359045,
      "f1": 0.4126412205680498,
      "count": 117
    },
    "Guidebook": {
      "acc": 0.34872096067541986,
      "f1": 0.2674339413184629,
      "count": 156
    },
    "Research report / Introduction": {
      "acc": 0.3323785960024195,
      "f1": 0.1571012535347993,
      "count": 293
    },
    "Tutorial/Workshop": {
      "acc": 0.2345006347862886,
      "f1": 0.09325980392156863,
      "count": 139
    }
  },
  "answer_format_breakdowns": {
    "Float": {
      "acc": 0.225,
      "f1": 0.31578947368421056,
      "count": 160
    },
    "Int": {
      "acc": 0.10344827586206896,
      "f1": 0.16666666666666663,
      "count": 290
    },
    "List": {
      "acc": 0.10819116230001515,
      "f1": 0.1529240467125214,
      "count": 147
    },
    "None": {
      "acc": 0.8565573770491803,
      "f1": 0.0,
      "count": 244
    },
    "Str": {
      "acc": 0.19966840767513866,
      "f1": 0.28201752496488514,
      "count": 250
    }
  },
  "sample_count": 1091,
  "completed_count": 1091,
  "failed_count": 0
}