{
  "overall_acc": 0.31643986299177407,
  "overall_f1": 0.2269414886289527,
  "breakdowns": {
    "single_page": {
      "acc": 0.22213243336591665,
      "f1": 0.3034163559712939,
      "count": 485
    },
    "cross_page": {
      "acc": 0.090790407429691,
      "f1": 0.13786691498582704,
      "count": 369
    },
    "unanswerable": {
      "acc": 0.8647540983606558,
      "f1": 0.0,
      "count": 244
    }
  },
  "evidence_source_breakdowns": {
    "Chart": {
      "acc": 0.1283913400931762,
      "f1": 0.19044715447154473,
      "count": 178
    },
    "Figure": {
      "acc": 0.04770737498145125,
      "f1": 0.06457800511508952,
      "count": 293
    },
    "Generalized-text (Layout)": {
      "acc": 0.15107782243332116,
      "f1": 0.21767001114827203,
      "count": 119
    },
    "Pure-text (Plain-text)": {
      "acc": 0.2204955666188026,
      "f1": 0.27562290541034357,
      "count": 298
    },
    "Table": {
      "acc": 0.22129055959331187,
      "f1": 0.3038028423880514,
      "count": 218
    }
  },
  "document_type_breakdowns": {
    "Academic paper": {
      "acc": 0.3121037743160505,
      "f1": 0.2202604460756635,
      "count": 204
    },
    "Administration/Industry file": {
      "acc": 0.30864197530864196,
      "f1": 0.22680412371134023,
      "count": 81
    },
    "Brochure": {
      "acc": 0.2947504620002556,
      "f1": 0.19231779753617534,
      "count": 101
    },
    "Financial report": {
      "acc": 0.32338957338957336,
      "f1": 0.3854572510822511,
      "count": 117
    },
    "Guidebook": {
      "acc": 0.393363817818277,
      "f1": 0.32268962175440896,
      "count": 156
    },
    "Research report / Introduction": {
      "acc": 0.3242320819112628,
      "f1": 0.1527777777777778,
      "count": 293
    },
    "Tutorial/Workshop": {
      "acc": 0.2345006347862886,
      "f1": 0.09325980392156863,
      "count": 139
    }
  },
  "answer_format_breakdowns": {
    "Float": {
      "acc": 0.2375,
      "f1": 0.33480176211453744,
      "count": 160
    },
    "Int": {
      "acc": 0.1,
      "f1": 0.15977961432506887,
      "count": 290
    },
    "List": {
      "acc": 0.09167454860732172,
      "f1": 0.1302044313553265,
      "count": 147
    },
    "None": {
      "acc": 0.8647540983606558,
      "f1": 0.0,
      "count": 244
    },
    "Str": {
      "acc": 0.215038927514997,
      "f1": 0.304587716026908,
      "count": 250
    }
  },
  "sample_count": 1091,
  "completed_count": 1091,
  "failed_count": 0
}