{
  "overall_acc": 0.3120511082067878,
  "overall_f1": 0.21992710794409914,
  "breakdowns": {
    "single_page": {
      "acc": 0.20812995443779428,
      "f1": 0.2877274974037679,
      "count": 485
    },
    "cross_page": {
      "acc": 0.09079872940724991,
      "f1": 0.14107255221589562,
      "count": 369
    },
    "unanswerable": {
      "acc": 0.8729508196721312,
      "f1": 0.0,
      "count": 244
    }
  },
  "evidence_source_breakdowns": {
    "Chart": {
      "acc": 0.0898876404494382,
      "f1": 0.13502109704641352,
      "count": 178
    },
    "Figure": {
      "acc": 0.040955631399317405,
      "f1": 0.05521472392638037,
      "count": 293
    },
    "Generalized-text (Layout)": {
      "acc": 0.13162008989642368,
      "f1": 0.1955038759689922,
      "count": 119
    },
    "Pure-text (Plain-text)": {
      "acc": 0.2179319420774539,
      "f1": 0.27331942801453424,
      "count": 298
    },
    "Table": {
      "acc": 0.24703049244333647,
      "f1": 0.3420883323795945,
      "count": 218
    }
  },
  "document_type_breakdowns": {
    "Academic paper": {
      "acc": 0.303475935828877,
      "f1": 0.2092154420921544,
      "count": 204
    },
    "Administration/Industry file": {
      "acc": 0.32468475605730507,
      "f1": 0.24041415405620659,
      "count": 81
    },
    "Brochure": {
      "acc": 0.2938741548573462,
      "f1": 0.21238708437439938,
      "count": 101
    },
    "Financial report": {
      "acc": 0.33062165754473444,
      "f1": 0.406188896573512,
      "count": 117
    },
    "Guidebook": {
      "acc": 0.3905174485013195,
      "f1": 0.3249519322045599,
      "count": 156
    },
    "Research report / Introduction": {
      "acc": 0.3151176019260788,
      "f1": 0.12161022711818306,
      "count": 293
    },
    "Tutorial/Workshop": {
      "acc": 0.22032374100719423,
      "f1": 0.06196581196581197,
      "count": 139
    }
  },
  "answer_format_breakdowns": {
    "Float": {
      "acc": 0.2125,
      "f1": 0.30088495575221236,
      "count": 160
    },
    "Int": {
      "acc": 0.10689655172413794,
      "f1": 0.16986301369863016,
      "count": 290
    },
    "List": {
      "acc": 0.10885918042301526,
      "f1": 0.16412614894546915,
      "count": 147
    },
    "None": {
      "acc": 0.8729508196721312,
      "f1": 0.0,
      "count": 244
    },
    "Str": {
      "acc": 0.1857818381256888,
      "f1": 0.2716108744527614,
      "count": 250
    }
  },
  "sample_count": 1091,
  "completed_count": 1091,
  "failed_count": 0
}