{
  "overall_acc": 0.32493343804064617,
  "overall_f1": 0.23603399650099238,
  "breakdowns": {
    "single_page": {
      "acc": 0.23281157966520483,
      "f1": 0.3138181218892573,
      "count": 485
    },
    "cross_page": {
      "acc": 0.09644651697756258,
      "f1": 0.14437632764592534,
      "count": 369
    },
    "unanswerable": {
      "acc": 0.8729508196721312,
      "f1": 0.0,
      "count": 244
    }
  },
  "evidence_source_breakdowns": {
    "Chart": {
      "acc": 0.12359550561797752,
      "f1": 0.18106995884773663,
      "count": 178
    },
    "Figure": {
      "acc": 0.04436860068259386,
      "f1": 0.05899705014749262,
      "count": 293
    },
    "Generalized-text (Layout)": {
      "acc": 0.1484268125854993,
      "f1": 0.20445141960336707,
      "count": 119
    },
    "Pure-text (Plain-text)": {
      "acc": 0.22482664626785487,
      "f1": 0.2758544394842334,
      "count": 298
    },
    "Table": {
      "acc": 0.25161764840663925,
      "f1": 0.3419215704929991,
      "count": 218
    }
  },
  "document_type_breakdowns": {
    "Academic paper": {
      "acc": 0.33288770053475936,
      "f1": 0.26007905138339926,
      "count": 204
    },
    "Administration/Industry file": {
      "acc": 0.33703043506965075,
      "f1": 0.2411659851106218,
      "count": 81
    },
    "Brochure": {
      "acc": 0.2938741548573462,
      "f1": 0.176023448010763,
      "count": 101
    },
    "Financial report": {
      "acc": 0.3477156746387515,
      "f1": 0.4210341741591741,
      "count": 117
    },
    "Guidebook": {
      "acc": 0.39746638192084116,
      "f1": 0.3226317804263572,
      "count": 156
    },
    "Research report / Introduction": {
      "acc": 0.32535650977590813,
      "f1": 0.14659420868962944,
      "count": 293
    },
    "Tutorial/Workshop": {
      "acc": 0.22730639018197205,
      "f1": 0.07659313725490195,
      "count": 139
    }
  },
  "answer_format_breakdowns": {
    "Float": {
      "acc": 0.2375,
      "f1": 0.3318777292576419,
      "count": 160
    },
    "Int": {
      "acc": 0.10689655172413794,
      "f1": 0.16358839050131926,
      "count": 290
    },
    "List": {
      "acc": 0.12283619980219551,
      "f1": 0.17530991622255088,
      "count": 147
    },
    "None": {
      "acc": 0.8729508196721312,
      "f1": 0.0,
      "count": 244
    },
    "Str": {
      "acc": 0.2177818381256888,
      "f1": 0.30760146627922147,
      "count": 250
    }
  },
  "sample_count": 1091,
  "completed_count": 1091,
  "failed_count": 0
}