{
  "overall_acc": 0.27254389543574103,
  "overall_f1": 0.14392624626627215,
  "breakdowns": {
    "single_page": {
      "acc": 0.13962966993895562,
      "f1": 0.20375969771944116,
      "count": 485
    },
    "cross_page": {
      "acc": 0.039634146341463415,
      "f1": 0.06818181818181818,
      "count": 369
    },
    "unanswerable": {
      "acc": 0.9098360655737705,
      "f1": 0.0,
      "count": 244
    }
  },
  "evidence_source_breakdowns": {
    "Chart": {
      "acc": 0.07303370786516854,
      "f1": 0.12440191387559807,
      "count": 178
    },
    "Figure": {
      "acc": 0.02681618722574354,
      "f1": 0.03113553113553114,
      "count": 293
    },
    "Generalized-text (Layout)": {
      "acc": 0.09970238095238096,
      "f1": 0.15632494004796163,
      "count": 119
    },
    "Pure-text (Plain-text)": {
      "acc": 0.1464611307941964,
      "f1": 0.19492243072697088,
      "count": 298
    },
    "Table": {
      "acc": 0.12540212081496485,
      "f1": 0.1915466351829988,
      "count": 218
    }
  },
  "document_type_breakdowns": {
    "Academic paper": {
      "acc": 0.27789661319073083,
      "f1": 0.11194669205140409,
      "count": 204
    },
    "Administration/Industry file": {
      "acc": 0.280515138154027,
      "f1": 0.1795750276854928,
      "count": 81
    },
    "Brochure": {
      "acc": 0.24729449689154961,
      "f1": 0.135470760894107,
      "count": 101
    },
    "Financial report": {
      "acc": 0.1949333412748047,
      "f1": 0.2418302291964338,
      "count": 117
    },
    "Guidebook": {
      "acc": 0.30463980463980467,
      "f1": 0.19404761904761905,
      "count": 156
    },
    "Research report / Introduction": {
      "acc": 0.31399317406143346,
      "f1": 0.112,
      "count": 293
    },
    "Tutorial/Workshop": {
      "acc": 0.22032374100719423,
      "f1": 0.061440677966101705,
      "count": 139
    }
  },
  "answer_format_breakdowns": {
    "Float": {
      "acc": 0.1125,
      "f1": 0.18367346938775508,
      "count": 160
    },
    "Int": {
      "acc": 0.05517241379310345,
      "f1": 0.09696969696969697,
      "count": 290
    },
    "List": {
      "acc": 0.031462585034013606,
      "f1": 0.050824175824175824,
      "count": 147
    },
    "None": {
      "acc": 0.9098360655737705,
      "f1": 0.0,
      "count": 244
    },
    "Str": {
      "acc": 0.14688155968157385,
      "f1": 0.2316743843557947,
      "count": 250
    }
  },
  "sample_count": 1091,
  "completed_count": 1091,
  "failed_count": 0
}