{
  "overall_acc": 0.320544137693621,
  "overall_f1": 0.23301802745133748,
  "breakdowns": {
    "single_page": {
      "acc": 0.2318803997570814,
      "f1": 0.31434275374719667,
      "count": 485
    },
    "cross_page": {
      "acc": 0.08740287355435224,
      "f1": 0.13466246489167422,
      "count": 369
    },
    "unanswerable": {
      "acc": 0.8688524590163934,
      "f1": 0.0,
      "count": 244
    }
  },
  "evidence_source_breakdowns": {
    "Chart": {
      "acc": 0.11668722024298894,
      "f1": 0.17601970511230536,
      "count": 178
    },
    "Figure": {
      "acc": 0.05063277722425964,
      "f1": 0.07087068099825194,
      "count": 293
    },
    "Generalized-text (Layout)": {
      "acc": 0.15107782243332116,
      "f1": 0.21628357795624487,
      "count": 119
    },
    "Pure-text (Plain-text)": {
      "acc": 0.24676323004066475,
      "f1": 0.31018854336651797,
      "count": 298
    },
    "Table": {
      "acc": 0.2236536399380436,
      "f1": 0.30418148730250644,
      "count": 218
    }
  },
  "document_type_breakdowns": {
    "Academic paper": {
      "acc": 0.3217517244051771,
      "f1": 0.22603075026290023,
      "count": 204
    },
    "Administration/Industry file": {
      "acc": 0.31922398589065254,
      "f1": 0.26239067055393583,
      "count": 81
    },
    "Brochure": {
      "acc": 0.27262324927898346,
      "f1": 0.18645925977305014,
      "count": 101
    },
    "Financial report": {
      "acc": 0.32313846947993285,
      "f1": 0.38789269425795303,
      "count": 117
    },
    "Guidebook": {
      "acc": 0.393363817818277,
      "f1": 0.3134227135873063,
      "count": 156
    },
    "Research report / Introduction": {
      "acc": 0.330773606370876,
      "f1": 0.1532634032634033,
      "count": 293
    },
    "Tutorial/Workshop": {
      "acc": 0.2488891239949217,
      "f1": 0.12451783992285438,
      "count": 139
    }
  },
  "answer_format_breakdowns": {
    "Float": {
      "acc": 0.21875,
      "f1": 0.30701754385964913,
      "count": 160
    },
    "Int": {
      "acc": 0.10689655172413794,
      "f1": 0.16986301369863016,
      "count": 290
    },
    "List": {
      "acc": 0.09687966095529121,
      "f1": 0.1403084744869735,
      "count": 147
    },
    "None": {
      "acc": 0.8688524590163934,
      "f1": 0.0,
      "count": 244
    },
    "Str": {
      "acc": 0.22988937625325062,
      "f1": 0.32470250883227486,
      "count": 250
    }
  },
  "sample_count": 1091,
  "completed_count": 1091,
  "failed_count": 0
}