{
  "overall_acc": 0.3422415185914332,
  "overall_f1": 0.2652185649683708,
  "breakdowns": {
    "single_page": {
      "acc": 0.2545087258114084,
      "f1": 0.33847887214689837,
      "count": 485
    },
    "cross_page": {
      "acc": 0.12181237063609916,
      "f1": 0.18088034110551546,
      "count": 369
    },
    "unanswerable": {
      "acc": 0.8688524590163934,
      "f1": 0.0,
      "count": 244
    }
  },
  "evidence_source_breakdowns": {
    "Chart": {
      "acc": 0.1391951430318106,
      "f1": 0.20308799557100238,
      "count": 178
    },
    "Figure": {
      "acc": 0.05448656054412365,
      "f1": 0.0767133860321197,
      "count": 293
    },
    "Generalized-text (Layout)": {
      "acc": 0.18185757619529105,
      "f1": 0.251720141063898,
      "count": 119
    },
    "Pure-text (Plain-text)": {
      "acc": 0.26287450153485226,
      "f1": 0.32061393913431896,
      "count": 298
    },
    "Table": {
      "acc": 0.26996627225985026,
      "f1": 0.3571151071151071,
      "count": 218
    }
  },
  "document_type_breakdowns": {
    "Academic paper": {
      "acc": 0.3610562320114575,
      "f1": 0.2936904350028587,
      "count": 204
    },
    "Administration/Industry file": {
      "acc": 0.3740674721066878,
      "f1": 0.2970769949639167,
      "count": 81
    },
    "Brochure": {
      "acc": 0.3023262195760132,
      "f1": 0.2097263304941333,
      "count": 101
    },
    "Financial report": {
      "acc": 0.3562626831857601,
      "f1": 0.41786426424980644,
      "count": 117
    },
    "Guidebook": {
      "acc": 0.41900484345930267,
      "f1": 0.3537131757338931,
      "count": 156
    },
    "Research report / Introduction": {
      "acc": 0.3319199122437475,
      "f1": 0.17005073594220882,
      "count": 293
    },
    "Tutorial/Workshop": {
      "acc": 0.2488891239949217,
      "f1": 0.12451783992285438,
      "count": 139
    }
  },
  "answer_format_breakdowns": {
    "Float": {
      "acc": 0.25625,
      "f1": 0.3504273504273504,
      "count": 160
    },
    "Int": {
      "acc": 0.1206896551724138,
      "f1": 0.18469656992084435,
      "count": 290
    },
    "List": {
      "acc": 0.13889062157090298,
      "f1": 0.1972649407818622,
      "count": 147
    },
    "None": {
      "acc": 0.8688524590163934,
      "f1": 0.0,
      "count": 244
    },
    "Str": {
      "acc": 0.2598743016493236,
      "f1": 0.3559921940401693,
      "count": 250
    }
  },
  "sample_count": 1091,
  "completed_count": 1091,
  "failed_count": 0
}