{
  "overall_acc": 0.29166344907808717,
  "overall_f1": 0.18907376180633698,
  "breakdowns": {
    "single_page": {
      "acc": 0.19514296716128934,
      "f1": 0.27431718019788837,
      "count": 485
    },
    "cross_page": {
      "acc": 0.053009441384736435,
      "f1": 0.0846774193548387,
      "count": 369
    },
    "unanswerable": {
      "acc": 0.8647540983606558,
      "f1": 0.0,
      "count": 244
    }
  },
  "evidence_source_breakdowns": {
    "Chart": {
      "acc": 0.10030145245272679,
      "f1": 0.15869918699186997,
      "count": 178
    },
    "Figure": {
      "acc": 0.033642125792296446,
      "f1": 0.042068361086766,
      "count": 293
    },
    "Generalized-text (Layout)": {
      "acc": 0.09243697478991597,
      "f1": 0.130718954248366,
      "count": 119
    },
    "Pure-text (Plain-text)": {
      "acc": 0.19669800406699545,
      "f1": 0.25178539127787625,
      "count": 298
    },
    "Table": {
      "acc": 0.1802841653759085,
      "f1": 0.2570600540399198,
      "count": 218
    }
  },
  "document_type_breakdowns": {
    "Academic paper": {
      "acc": 0.292602495543672,
      "f1": 0.17972027972027974,
      "count": 204
    },
    "Administration/Industry file": {
      "acc": 0.2821869488536155,
      "f1": 0.18844984802431614,
      "count": 81
    },
    "Brochure": {
      "acc": 0.2458455715112067,
      "f1": 0.16202573802994275,
      "count": 101
    },
    "Financial report": {
      "acc": 0.2718564181978816,
      "f1": 0.3373490317536229,
      "count": 117
    },
    "Guidebook": {
      "acc": 0.3488690968529678,
      "f1": 0.24207434021540095,
      "count": 156
    },
    "Research report / Introduction": {
      "acc": 0.3174061433447099,
      "f1": 0.1391941391941392,
      "count": 293
    },
    "Tutorial/Workshop": {
      "acc": 0.22730639018197205,
      "f1": 0.07659313725490195,
      "count": 139
    }
  },
  "answer_format_breakdowns": {
    "Float": {
      "acc": 0.175,
      "f1": 0.26794258373205737,
      "count": 160
    },
    "Int": {
      "acc": 0.07241379310344828,
      "f1": 0.11864406779661016,
      "count": 290
    },
    "List": {
      "acc": 0.07888155262104841,
      "f1": 0.1165385752290866,
      "count": 147
    },
    "None": {
      "acc": 0.8647540983606558,
      "f1": 0.0,
      "count": 244
    },
    "Str": {
      "acc": 0.1864369388355958,
      "f1": 0.2749807357457165,
      "count": 250
    }
  },
  "sample_count": 1091,
  "completed_count": 1091,
  "failed_count": 0
}