{
  "overall_acc": 0.286353077668077,
  "overall_f1": 0.17282369608856984,
  "breakdowns": {
    "single_page": {
      "acc": 0.17082623477299844,
      "f1": 0.2446797544029169,
      "count": 485
    },
    "cross_page": {
      "acc": 0.04758938718419443,
      "f1": 0.08055267830719148,
      "count": 369
    },
    "unanswerable": {
      "acc": 0.8975409836065574,
      "f1": 0.0,
      "count": 244
    }
  },
  "evidence_source_breakdowns": {
    "Chart": {
      "acc": 0.0942513228070915,
      "f1": 0.1553401431450212,
      "count": 178
    },
    "Figure": {
      "acc": 0.033642125792296446,
      "f1": 0.04259094942324756,
      "count": 293
    },
    "Generalized-text (Layout)": {
      "acc": 0.09243697478991597,
      "f1": 0.14184397163120568,
      "count": 119
    },
    "Pure-text (Plain-text)": {
      "acc": 0.1632396542841293,
      "f1": 0.21247661722791084,
      "count": 298
    },
    "Table": {
      "acc": 0.15292505659478137,
      "f1": 0.23264505278893768,
      "count": 218
    }
  },
  "document_type_breakdowns": {
    "Academic paper": {
      "acc": 0.2887700534759358,
      "f1": 0.15829941203075532,
      "count": 204
    },
    "Administration/Industry file": {
      "acc": 0.25749559082892415,
      "f1": 0.1523809523809524,
      "count": 81
    },
    "Brochure": {
      "acc": 0.2458455715112067,
      "f1": 0.1436771141767317,
      "count": 101
    },
    "Financial report": {
      "acc": 0.2547624011038645,
      "f1": 0.3124274099883856,
      "count": 117
    },
    "Guidebook": {
      "acc": 0.33627752176139275,
      "f1": 0.2417303527301524,
      "count": 156
    },
    "Research report / Introduction": {
      "acc": 0.3239695458125492,
      "f1": 0.13169709667764143,
      "count": 293
    },
    "Tutorial/Workshop": {
      "acc": 0.22032374100719423,
      "f1": 0.06196581196581197,
      "count": 139
    }
  },
  "answer_format_breakdowns": {
    "Float": {
      "acc": 0.15625,
      "f1": 0.25,
      "count": 160
    },
    "Int": {
      "acc": 0.06896551724137931,
      "f1": 0.11560693641618498,
      "count": 290
    },
    "List": {
      "acc": 0.06547619047619048,
      "f1": 0.10239361702127661,
      "count": 147
    },
    "None": {
      "acc": 0.8975409836065574,
      "f1": 0.0,
      "count": 244
    },
    "Str": {
      "acc": 0.15514483094348794,
      "f1": 0.24090812258305577,
      "count": 250
    }
  },
  "sample_count": 1091,
  "completed_count": 1091,
  "failed_count": 0
}