{
  "overall_acc": 0.31360584545274733,
  "overall_f1": 0.22126438826692052,
  "breakdowns": {
    "single_page": {
      "acc": 0.22119489969013806,
      "f1": 0.30480099194442845,
      "count": 485
    },
    "cross_page": {
      "acc": 0.07632642558057018,
      "f1": 0.1193408942340271,
      "count": 369
    },
    "unanswerable": {
      "acc": 0.8758196721311475,
      "f1": 0.0,
      "count": 244
    }
  },
  "evidence_source_breakdowns": {
    "Chart": {
      "acc": 0.12277336256508634,
      "f1": 0.18920916481892094,
      "count": 178
    },
    "Figure": {
      "acc": 0.04088143641489835,
      "f1": 0.054912910517218444,
      "count": 293
    },
    "Generalized-text (Layout)": {
      "acc": 0.12303404678352635,
      "f1": 0.17831439957175996,
      "count": 119
    },
    "Pure-text (Plain-text)": {
      "acc": 0.21926540400218003,
      "f1": 0.2784777584374685,
      "count": 298
    },
    "Table": {
      "acc": 0.23310099686246474,
      "f1": 0.3193334443334443,
      "count": 218
    }
  },
  "document_type_breakdowns": {
    "Academic paper": {
      "acc": 0.3072018135317368,
      "f1": 0.19879972440802118,
      "count": 204
    },
    "Administration/Industry file": {
      "acc": 0.2716049382716049,
      "f1": 0.20408163265306123,
      "count": 81
    },
    "Brochure": {
      "acc": 0.28252423937799337,
      "f1": 0.19330180141609785,
      "count": 101
    },
    "Financial report": {
      "acc": 0.33860448494594836,
      "f1": 0.40267561405772784,
      "count": 117
    },
    "Guidebook": {
      "acc": 0.3869535614080206,
      "f1": 0.3109631315869456,
      "count": 156
    },
    "Research report / Introduction": {
      "acc": 0.32888324470196045,
      "f1": 0.1486531704868663,
      "count": 293
    },
    "Tutorial/Workshop": {
      "acc": 0.2345006347862886,
      "f1": 0.09325980392156863,
      "count": 139
    }
  },
  "answer_format_breakdowns": {
    "Float": {
      "acc": 0.21875,
      "f1": 0.3125,
      "count": 160
    },
    "Int": {
      "acc": 0.09655172413793103,
      "f1": 0.15384615384615385,
      "count": 290
    },
    "List": {
      "acc": 0.0945857201231444,
      "f1": 0.1404454632131538,
      "count": 147
    },
    "None": {
      "acc": 0.8758196721311475,
      "f1": 0.0,
      "count": 244
    },
    "Str": {
      "acc": 0.20615950612338052,
      "f1": 0.299650444946774,
      "count": 250
    }
  },
  "sample_count": 1091,
  "completed_count": 1091,
  "failed_count": 0
}