{
  "overall_acc": 0.3007916726640036,
  "overall_f1": 0.19476131110870276,
  "breakdowns": {
    "single_page": {
      "acc": 0.19809142704447685,
      "f1": 0.27835731911428524,
      "count": 485
    },
    "cross_page": {
      "acc": 0.05444274460665753,
      "f1": 0.08811128403445889,
      "count": 369
    },
    "unanswerable": {
      "acc": 0.8975409836065574,
      "f1": 0.0,
      "count": 244
    }
  },
  "evidence_source_breakdowns": {
    "Chart": {
      "acc": 0.10030145245272679,
      "f1": 0.15799697819987052,
      "count": 178
    },
    "Figure": {
      "acc": 0.040468064358849344,
      "f1": 0.05484298982750995,
      "count": 293
    },
    "Generalized-text (Layout)": {
      "acc": 0.1092436974789916,
      "f1": 0.16107382550335572,
      "count": 119
    },
    "Pure-text (Plain-text)": {
      "acc": 0.1874844016431343,
      "f1": 0.24374240244216466,
      "count": 298
    },
    "Table": {
      "acc": 0.18300634126322202,
      "f1": 0.2628066378066378,
      "count": 218
    }
  },
  "document_type_breakdowns": {
    "Academic paper": {
      "acc": 0.28770053475935825,
      "f1": 0.14545454545454548,
      "count": 204
    },
    "Administration/Industry file": {
      "acc": 0.2821869488536155,
      "f1": 0.1765650080256822,
      "count": 81
    },
    "Brochure": {
      "acc": 0.2924252294770033,
      "f1": 0.22790814867595147,
      "count": 101
    },
    "Financial report": {
      "acc": 0.2892015392015392,
      "f1": 0.3568792318792319,
      "count": 117
    },
    "Guidebook": {
      "acc": 0.3465614045452755,
      "f1": 0.25805355683114595,
      "count": 156
    },
    "Research report / Introduction": {
      "acc": 0.33636708380735686,
      "f1": 0.14949494949494951,
      "count": 293
    },
    "Tutorial/Workshop": {
      "acc": 0.22032374100719423,
      "f1": 0.061440677966101705,
      "count": 139
    }
  },
  "answer_format_breakdowns": {
    "Float": {
      "acc": 0.18125,
      "f1": 0.2685185185185185,
      "count": 160
    },
    "Int": {
      "acc": 0.07931034482758621,
      "f1": 0.13031161473087818,
      "count": 290
    },
    "List": {
      "acc": 0.06479660551089123,
      "f1": 0.09921980218855218,
      "count": 147
    },
    "None": {
      "acc": 0.8975409836065574,
      "f1": 0.0,
      "count": 244
    },
    "Str": {
      "acc": 0.19055445546530758,
      "f1": 0.28440963502284716,
      "count": 250
    }
  },
  "sample_count": 1091,
  "completed_count": 1091,
  "failed_count": 0
}