{
  "overall_acc": 0.32542976733695234,
  "overall_f1": 0.24081460633773558,
  "breakdowns": {
    "single_page": {
      "acc": 0.23892664974306094,
      "f1": 0.3245288379296112,
      "count": 485
    },
    "cross_page": {
      "acc": 0.09258658818219619,
      "f1": 0.14088433418239338,
      "count": 369
    },
    "unanswerable": {
      "acc": 0.8688524590163934,
      "f1": 0.0,
      "count": 244
    }
  },
  "evidence_source_breakdowns": {
    "Chart": {
      "acc": 0.12359550561797752,
      "f1": 0.1864406779661017,
      "count": 178
    },
    "Figure": {
      "acc": 0.04436860068259386,
      "f1": 0.05970149253731343,
      "count": 293
    },
    "Generalized-text (Layout)": {
      "acc": 0.1400234512409615,
      "f1": 0.19952599614871872,
      "count": 119
    },
    "Pure-text (Plain-text)": {
      "acc": 0.24351831284802733,
      "f1": 0.3049695685056379,
      "count": 298
    },
    "Table": {
      "acc": 0.26166150363398066,
      "f1": 0.3491726342193632,
      "count": 218
    }
  },
  "document_type_breakdowns": {
    "Academic paper": {
      "acc": 0.32131398013750956,
      "f1": 0.22709379509379513,
      "count": 204
    },
    "Administration/Industry file": {
      "acc": 0.29031051253273477,
      "f1": 0.22578728461081402,
      "count": 81
    },
    "Brochure": {
      "acc": 0.3037751449563561,
      "f1": 0.19420526619258122,
      "count": 101
    },
    "Financial report": {
      "acc": 0.3658735122149756,
      "f1": 0.4340266779291169,
      "count": 117
    },
    "Guidebook": {
      "acc": 0.3861141230685823,
      "f1": 0.30599778874942507,
      "count": 156
    },
    "Research report / Introduction": {
      "acc": 0.3401460433367728,
      "f1": 0.18515826873385013,
      "count": 293
    },
    "Tutorial/Workshop": {
      "acc": 0.2345006347862886,
      "f1": 0.09325980392156863,
      "count": 139
    }
  },
  "answer_format_breakdowns": {
    "Float": {
      "acc": 0.2625,
      "f1": 0.3620689655172414,
      "count": 160
    },
    "Int": {
      "acc": 0.10344827586206896,
      "f1": 0.16620498614958448,
      "count": 290
    },
    "List": {
      "acc": 0.10819116230001515,
      "f1": 0.1529240467125214,
      "count": 147
    },
    "None": {
      "acc": 0.8688524590163934,
      "f1": 0.0,
      "count": 244
    },
    "Str": {
      "acc": 0.2205591012260509,
      "f1": 0.3106466214451421,
      "count": 250
    }
  },
  "sample_count": 1091,
  "completed_count": 1091,
  "failed_count": 0
}