{
  "overall_acc": 0.31803265058882096,
  "overall_f1": 0.22881916616977574,
  "breakdowns": {
    "single_page": {
      "acc": 0.2339628071151499,
      "f1": 0.3202164254160833,
      "count": 485
    },
    "cross_page": {
      "acc": 0.07453024482806497,
      "f1": 0.11579646459602515,
      "count": 369
    },
    "unanswerable": {
      "acc": 0.8729508196721312,
      "f1": 0.0,
      "count": 244
    }
  },
  "evidence_source_breakdowns": {
    "Chart": {
      "acc": 0.12234121044754094,
      "f1": 0.18612594409967767,
      "count": 178
    },
    "Figure": {
      "acc": 0.040468064358849344,
      "f1": 0.05256464603645613,
      "count": 293
    },
    "Generalized-text (Layout)": {
      "acc": 0.14285714285714285,
      "f1": 0.2064516129032258,
      "count": 119
    },
    "Pure-text (Plain-text)": {
      "acc": 0.24348047544480833,
      "f1": 0.3085043843884841,
      "count": 298
    },
    "Table": {
      "acc": 0.21562611700226378,
      "f1": 0.2968160871386678,
      "count": 218
    }
  },
  "document_type_breakdowns": {
    "Academic paper": {
      "acc": 0.30828877005347594,
      "f1": 0.1963310232368528,
      "count": 204
    },
    "Administration/Industry file": {
      "acc": 0.30687830687830686,
      "f1": 0.24198250728862974,
      "count": 81
    },
    "Brochure": {
      "acc": 0.3023262195760132,
      "f1": 0.21361015142920986,
      "count": 101
    },
    "Financial report": {
      "acc": 0.31459146093292434,
      "f1": 0.3826981481882254,
      "count": 117
    },
    "Guidebook": {
      "acc": 0.3869535614080206,
      "f1": 0.31692464334805825,
      "count": 156
    },
    "Research report / Introduction": {
      "acc": 0.3307954843791021,
      "f1": 0.15659340659340662,
      "count": 293
    },
    "Tutorial/Workshop": {
      "acc": 0.2488891239949217,
      "f1": 0.12451783992285438,
      "count": 139
    }
  },
  "answer_format_breakdowns": {
    "Float": {
      "acc": 0.2125,
      "f1": 0.3063063063063063,
      "count": 160
    },
    "Int": {
      "acc": 0.1,
      "f1": 0.16066481994459836,
      "count": 290
    },
    "List": {
      "acc": 0.09687966095529121,
      "f1": 0.13962068784733148,
      "count": 147
    },
    "None": {
      "acc": 0.8729508196721312,
      "f1": 0.0,
      "count": 244
    },
    "Str": {
      "acc": 0.2269292465279035,
      "f1": 0.32142952765991994,
      "count": 250
    }
  },
  "sample_count": 1091,
  "completed_count": 1091,
  "failed_count": 0
}