{
  "overall_acc": 0.2957481114792875,
  "overall_f1": 0.18739693755398865,
  "breakdowns": {
    "single_page": {
      "acc": 0.19888805309883487,
      "f1": 0.2800022089293737,
      "count": 485
    },
    "cross_page": {
      "acc": 0.04119372322755486,
      "f1": 0.06725877819012276,
      "count": 369
    },
    "unanswerable": {
      "acc": 0.8934426229508197,
      "f1": 0.0,
      "count": 244
    }
  },
  "evidence_source_breakdowns": {
    "Chart": {
      "acc": 0.10030145245272679,
      "f1": 0.15869918699186997,
      "count": 178
    },
    "Figure": {
      "acc": 0.03705509507557289,
      "f1": 0.04865103936311367,
      "count": 293
    },
    "Generalized-text (Layout)": {
      "acc": 0.10084033613445378,
      "f1": 0.1476510067114094,
      "count": 119
    },
    "Pure-text (Plain-text)": {
      "acc": 0.17779014362672863,
      "f1": 0.22876349652121955,
      "count": 298
    },
    "Table": {
      "acc": 0.17611402359108783,
      "f1": 0.25524134568503176,
      "count": 218
    }
  },
  "document_type_breakdowns": {
    "Academic paper": {
      "acc": 0.27789661319073083,
      "f1": 0.13292144748455428,
      "count": 204
    },
    "Administration/Industry file": {
      "acc": 0.2698412698412698,
      "f1": 0.15409309791332262,
      "count": 81
    },
    "Brochure": {
      "acc": 0.2924252294770033,
      "f1": 0.22585492211130326,
      "count": 101
    },
    "Financial report": {
      "acc": 0.28065453065453067,
      "f1": 0.35311289587605377,
      "count": 117
    },
    "Guidebook": {
      "acc": 0.3529716609555319,
      "f1": 0.26974946326389454,
      "count": 156
    },
    "Research report / Introduction": {
      "acc": 0.3278260419898645,
      "f1": 0.13372615039281707,
      "count": 293
    },
    "Tutorial/Workshop": {
      "acc": 0.22032374100719423,
      "f1": 0.061440677966101705,
      "count": 139
    }
  },
  "answer_format_breakdowns": {
    "Float": {
      "acc": 0.18125,
      "f1": 0.27230046948356806,
      "count": 160
    },
    "Int": {
      "acc": 0.07241379310344828,
      "f1": 0.1206896551724138,
      "count": 290
    },
    "List": {
      "acc": 0.06307874665017522,
      "f1": 0.09608886795415293,
      "count": 147
    },
    "None": {
      "acc": 0.8934426229508197,
      "f1": 0.0,
      "count": 244
    },
    "Str": {
      "acc": 0.18155445546530757,
      "f1": 0.26936862828680647,
      "count": 250
    }
  },
  "sample_count": 1091,
  "completed_count": 1091,
  "failed_count": 0
}