{
  "overall_acc": 0.3416099686213916,
  "overall_f1": 0.26736440871093864,
  "breakdowns": {
    "single_page": {
      "acc": 0.2611772898347624,
      "f1": 0.3438821424421257,
      "count": 485
    },
    "cross_page": {
      "acc": 0.12202029863435888,
      "f1": 0.18010196078431373,
      "count": 369
    },
    "unanswerable": {
      "acc": 0.8524590163934426,
      "f1": 0.0,
      "count": 244
    }
  },
  "evidence_source_breakdowns": {
    "Chart": {
      "acc": 0.1348314606741573,
      "f1": 0.19672131147540983,
      "count": 178
    },
    "Figure": {
      "acc": 0.05448656054412365,
      "f1": 0.07515688254741003,
      "count": 293
    },
    "Generalized-text (Layout)": {
      "acc": 0.18469126781147244,
      "f1": 0.25583244962884416,
      "count": 119
    },
    "Pure-text (Plain-text)": {
      "acc": 0.2601709852914577,
      "f1": 0.3177069982741189,
      "count": 298
    },
    "Table": {
      "acc": 0.27984630048850234,
      "f1": 0.367012192700266,
      "count": 218
    }
  },
  "document_type_breakdowns": {
    "Academic paper": {
      "acc": 0.35545399111509896,
      "f1": 0.2934926792353734,
      "count": 204
    },
    "Administration/Industry file": {
      "acc": 0.3617217930943421,
      "f1": 0.29422048539695594,
      "count": 81
    },
    "Brochure": {
      "acc": 0.2839731647583363,
      "f1": 0.2031528633146429,
      "count": 101
    },
    "Financial report": {
      "acc": 0.4003126503126503,
      "f1": 0.47424500103071526,
      "count": 117
    },
    "Guidebook": {
      "acc": 0.4045145622351504,
      "f1": 0.3180794722260489,
      "count": 156
    },
    "Research report / Introduction": {
      "acc": 0.33333333333333337,
      "f1": 0.17225950782997765,
      "count": 293
    },
    "Tutorial/Workshop": {
      "acc": 0.2488891239949217,
      "f1": 0.12451783992285438,
      "count": 139
    }
  },
  "answer_format_breakdowns": {
    "Float": {
      "acc": 0.2875,
      "f1": 0.38983050847457623,
      "count": 160
    },
    "Int": {
      "acc": 0.12758620689655173,
      "f1": 0.1942257217847769,
      "count": 290
    },
    "List": {
      "acc": 0.12182297161288756,
      "f1": 0.16974385618099025,
      "count": 147
    },
    "None": {
      "acc": 0.8524590163934426,
      "f1": 0.0,
      "count": 244
    },
    "Str": {
      "acc": 0.2551539957553749,
      "f1": 0.34667662466762894,
      "count": 250
    }
  },
  "sample_count": 1091,
  "completed_count": 1091,
  "failed_count": 0
}