{
  "overall_acc": 0.3210789367474081,
  "overall_f1": 0.2340052791733033,
  "breakdowns": {
    "single_page": {
      "acc": 0.22557826731931194,
      "f1": 0.306144871897956,
      "count": 485
    },
    "cross_page": {
      "acc": 0.09726737219933869,
      "f1": 0.1492376729378627,
      "count": 369
    },
    "unanswerable": {
      "acc": 0.8688524590163934,
      "f1": 0.0,
      "count": 244
    }
  },
  "evidence_source_breakdowns": {
    "Chart": {
      "acc": 0.11235955056179775,
      "f1": 0.1702127659574468,
      "count": 178
    },
    "Figure": {
      "acc": 0.04770737498145125,
      "f1": 0.06554185593770279,
      "count": 293
    },
    "Generalized-text (Layout)": {
      "acc": 0.15930968660756226,
      "f1": 0.23022888084999885,
      "count": 119
    },
    "Pure-text (Plain-text)": {
      "acc": 0.23261174394286993,
      "f1": 0.2918889915455515,
      "count": 298
    },
    "Table": {
      "acc": 0.24571567576154732,
      "f1": 0.3348153969173077,
      "count": 218
    }
  },
  "document_type_breakdowns": {
    "Academic paper": {
      "acc": 0.3059763233356584,
      "f1": 0.19124258893280635,
      "count": 204
    },
    "Administration/Industry file": {
      "acc": 0.32073570168808263,
      "f1": 0.2648896293211162,
      "count": 81
    },
    "Brochure": {
      "acc": 0.2938741548573462,
      "f1": 0.1959869658824214,
      "count": 101
    },
    "Financial report": {
      "acc": 0.35569850203996545,
      "f1": 0.4247450888181099,
      "count": 117
    },
    "Guidebook": {
      "acc": 0.39746638192084116,
      "f1": 0.33154426054863223,
      "count": 156
    },
    "Research report / Introduction": {
      "acc": 0.32081911262798635,
      "f1": 0.1473684210526316,
      "count": 293
    },
    "Tutorial/Workshop": {
      "acc": 0.2488891239949217,
      "f1": 0.12451783992285438,
      "count": 139
    }
  },
  "answer_format_breakdowns": {
    "Float": {
      "acc": 0.23125,
      "f1": 0.3288888888888889,
      "count": 160
    },
    "Int": {
      "acc": 0.10344827586206896,
      "f1": 0.16304347826086957,
      "count": 290
    },
    "List": {
      "acc": 0.10123340245188985,
      "f1": 0.1466138932061853,
      "count": 147
    },
    "None": {
      "acc": 0.8688524590163934,
      "f1": 0.0,
      "count": 244
    },
    "Str": {
      "acc": 0.22566323932397783,
      "f1": 0.3187333888756749,
      "count": 250
    }
  },
  "sample_count": 1091,
  "completed_count": 1091,
  "failed_count": 0
}