{
  "overall_acc": 0.2973108570780733,
  "overall_f1": 0.18961705174484333,
  "breakdowns": {
    "single_page": {
      "acc": 0.18598287429473725,
      "f1": 0.2571922535794361,
      "count": 485
    },
    "cross_page": {
      "acc": 0.06819634427975717,
      "f1": 0.10754038905654016,
      "count": 369
    },
    "unanswerable": {
      "acc": 0.8852459016393442,
      "f1": 0.0,
      "count": 244
    }
  },
  "evidence_source_breakdowns": {
    "Chart": {
      "acc": 0.09550561797752809,
      "f1": 0.14285714285714285,
      "count": 178
    },
    "Figure": {
      "acc": 0.023890784982935155,
      "f1": 0.024844720496894408,
      "count": 293
    },
    "Generalized-text (Layout)": {
      "acc": 0.13162008989642368,
      "f1": 0.19681598251911972,
      "count": 119
    },
    "Pure-text (Plain-text)": {
      "acc": 0.20718364475260123,
      "f1": 0.2650882621611388,
      "count": 298
    },
    "Table": {
      "acc": 0.18336709162397238,
      "f1": 0.2572542968582573,
      "count": 218
    }
  },
  "document_type_breakdowns": {
    "Academic paper": {
      "acc": 0.2936720142602495,
      "f1": 0.1713788603740757,
      "count": 204
    },
    "Administration/Industry file": {
      "acc": 0.30265619154508044,
      "f1": 0.2003189792663477,
      "count": 81
    },
    "Brochure": {
      "acc": 0.2769974671885793,
      "f1": 0.1900332225913621,
      "count": 101
    },
    "Financial report": {
      "acc": 0.29749744383890725,
      "f1": 0.3634928226032961,
      "count": 117
    },
    "Guidebook": {
      "acc": 0.334832071786531,
      "f1": 0.23593114665220927,
      "count": 156
    },
    "Research report / Introduction": {
      "acc": 0.32184011718101724,
      "f1": 0.1288672840425215,
      "count": 293
    },
    "Tutorial/Workshop": {
      "acc": 0.22032374100719423,
      "f1": 0.06196581196581197,
      "count": 139
    }
  },
  "answer_format_breakdowns": {
    "Float": {
      "acc": 0.175,
      "f1": 0.2557077625570776,
      "count": 160
    },
    "Int": {
      "acc": 0.07241379310344828,
      "f1": 0.11602209944751384,
      "count": 290
    },
    "List": {
      "acc": 0.07391381499745776,
      "f1": 0.1120137196353226,
      "count": 147
    },
    "None": {
      "acc": 0.8852459016393442,
      "f1": 0.0,
      "count": 244
    },
    "Str": {
      "acc": 0.19400325707020674,
      "f1": 0.2852989074561864,
      "count": 250
    }
  },
  "sample_count": 1091,
  "completed_count": 1091,
  "failed_count": 0
}