{
  "overall_acc": 0.29721151653646405,
  "overall_f1": 0.19802038915300216,
  "breakdowns": {
    "single_page": {
      "acc": 0.19624195281545817,
      "f1": 0.2729948827105177,
      "count": 485
    },
    "cross_page": {
      "acc": 0.0706786380102575,
      "f1": 0.11004395538305917,
      "count": 369
    },
    "unanswerable": {
      "acc": 0.860655737704918,
      "f1": 0.0,
      "count": 244
    }
  },
  "evidence_source_breakdowns": {
    "Chart": {
      "acc": 0.09957380860131733,
      "f1": 0.15020455873758037,
      "count": 178
    },
    "Figure": {
      "acc": 0.030716723549488054,
      "f1": 0.03738317757009346,
      "count": 293
    },
    "Generalized-text (Layout)": {
      "acc": 0.12321672855188587,
      "f1": 0.1833931637271734,
      "count": 119
    },
    "Pure-text (Plain-text)": {
      "acc": 0.20410523217951831,
      "f1": 0.25938968284094677,
      "count": 298
    },
    "Table": {
      "acc": 0.20310576273879025,
      "f1": 0.2810198459549109,
      "count": 218
    }
  },
  "document_type_breakdowns": {
    "Academic paper": {
      "acc": 0.28279857397504454,
      "f1": 0.17982565379825652,
      "count": 204
    },
    "Administration/Industry file": {
      "acc": 0.29031051253273477,
      "f1": 0.2003189792663477,
      "count": 81
    },
    "Brochure": {
      "acc": 0.2763974071825787,
      "f1": 0.18709694576302738,
      "count": 101
    },
    "Financial report": {
      "acc": 0.2889504352918987,
      "f1": 0.3565025760147712,
      "count": 117
    },
    "Guidebook": {
      "acc": 0.3674130528969239,
      "f1": 0.28768677559000144,
      "count": 156
    },
    "Research report / Introduction": {
      "acc": 0.31872671886931364,
      "f1": 0.12903107809620282,
      "count": 293
    },
    "Tutorial/Workshop": {
      "acc": 0.22032374100719423,
      "f1": 0.06196581196581197,
      "count": 139
    }
  },
  "answer_format_breakdowns": {
    "Float": {
      "acc": 0.19375,
      "f1": 0.2792792792792793,
      "count": 160
    },
    "Int": {
      "acc": 0.08620689655172414,
      "f1": 0.1392757660167131,
      "count": 290
    },
    "List": {
      "acc": 0.08900903057286541,
      "f1": 0.13084327494211215,
      "count": 147
    },
    "None": {
      "acc": 0.860655737704918,
      "f1": 0.0,
      "count": 244
    },
    "Str": {
      "acc": 0.18069374818828404,
      "f1": 0.266509953080065,
      "count": 250
    }
  },
  "sample_count": 1091,
  "completed_count": 1091,
  "failed_count": 0
}