{
  "overall_acc": 0.27037146716197596,
  "overall_f1": 0.14200985172657157,
  "breakdowns": {
    "single_page": {
      "acc": 0.15137069443865575,
      "f1": 0.2173970108109592,
      "count": 485
    },
    "cross_page": {
      "acc": 0.025909170382026402,
      "f1": 0.04405752935929835,
      "count": 369
    },
    "unanswerable": {
      "acc": 0.8975409836065574,
      "f1": 0.0,
      "count": 244
    }
  },
  "evidence_source_breakdowns": {
    "Chart": {
      "acc": 0.07724719101123595,
      "f1": 0.12443438914027148,
      "count": 178
    },
    "Figure": {
      "acc": 0.035497000402772774,
      "f1": 0.04713771412746766,
      "count": 293
    },
    "Generalized-text (Layout)": {
      "acc": 0.08860065765436609,
      "f1": 0.13254830917874394,
      "count": 119
    },
    "Pure-text (Plain-text)": {
      "acc": 0.14360986303255174,
      "f1": 0.18790414269659012,
      "count": 298
    },
    "Table": {
      "acc": 0.11366118590889232,
      "f1": 0.17045260593647688,
      "count": 218
    }
  },
  "document_type_breakdowns": {
    "Academic paper": {
      "acc": 0.2853067116174533,
      "f1": 0.13268913738653743,
      "count": 204
    },
    "Administration/Industry file": {
      "acc": 0.23993342772685494,
      "f1": 0.14459792462641013,
      "count": 81
    },
    "Brochure": {
      "acc": 0.2670964770895694,
      "f1": 0.16937253181219833,
      "count": 101
    },
    "Financial report": {
      "acc": 0.21227846227846225,
      "f1": 0.27102992930331055,
      "count": 117
    },
    "Guidebook": {
      "acc": 0.30063954862341963,
      "f1": 0.17374711981566818,
      "count": 156
    },
    "Research report / Introduction": {
      "acc": 0.3003412969283277,
      "f1": 0.08494208494208495,
      "count": 293
    },
    "Tutorial/Workshop": {
      "acc": 0.22032374100719423,
      "f1": 0.061440677966101705,
      "count": 139
    }
  },
  "answer_format_breakdowns": {
    "Float": {
      "acc": 0.14375,
      "f1": 0.22660098522167485,
      "count": 160
    },
    "Int": {
      "acc": 0.04482758620689655,
      "f1": 0.07951070336391437,
      "count": 290
    },
    "List": {
      "acc": 0.031462585034013606,
      "f1": 0.04946524064171123,
      "count": 147
    },
    "None": {
      "acc": 0.8975409836065574,
      "f1": 0.0,
      "count": 244
    },
    "Str": {
      "acc": 0.14140108269486312,
      "f1": 0.21555043093729134,
      "count": 250
    }
  },
  "sample_count": 1091,
  "completed_count": 1091,
  "failed_count": 0
}