{
  "overall_acc": 0.30108897814949026,
  "overall_f1": 0.20152328501045266,
  "breakdowns": {
    "single_page": {
      "acc": 0.20891468891105877,
      "f1": 0.28713432000567274,
      "count": 485
    },
    "cross_page": {
      "acc": 0.06277629007921516,
      "f1": 0.09732962621525376,
      "count": 369
    },
    "unanswerable": {
      "acc": 0.8647540983606558,
      "f1": 0.0,
      "count": 244
    }
  },
  "evidence_source_breakdowns": {
    "Chart": {
      "acc": 0.0946834749246369,
      "f1": 0.1440483635605587,
      "count": 178
    },
    "Figure": {
      "acc": 0.0374684671316219,
      "f1": 0.04820701431761461,
      "count": 293
    },
    "Generalized-text (Layout)": {
      "acc": 0.13143740812806418,
      "f1": 0.18770578932358506,
      "count": 119
    },
    "Pure-text (Plain-text)": {
      "acc": 0.18916264949690467,
      "f1": 0.23678882278214672,
      "count": 298
    },
    "Table": {
      "acc": 0.22480042892886928,
      "f1": 0.30675075722999046,
      "count": 218
    }
  },
  "document_type_breakdowns": {
    "Academic paper": {
      "acc": 0.27885956754243196,
      "f1": 0.1618764866846708,
      "count": 204
    },
    "Administration/Industry file": {
      "acc": 0.27908716797605687,
      "f1": 0.1980631052796001,
      "count": 81
    },
    "Brochure": {
      "acc": 0.3023262195760132,
      "f1": 0.20783690409328523,
      "count": 101
    },
    "Financial report": {
      "acc": 0.33193658193658193,
      "f1": 0.41045725108225106,
      "count": 117
    },
    "Guidebook": {
      "acc": 0.3484920229464822,
      "f1": 0.252709102594929,
      "count": 156
    },
    "Research report / Introduction": {
      "acc": 0.31966822763711406,
      "f1": 0.13330564784053156,
      "count": 293
    },
    "Tutorial/Workshop": {
      "acc": 0.22730639018197205,
      "f1": 0.07659313725490195,
      "count": 139
    }
  },
  "answer_format_breakdowns": {
    "Float": {
      "acc": 0.20625,
      "f1": 0.2933333333333333,
      "count": 160
    },
    "Int": {
      "acc": 0.08620689655172414,
      "f1": 0.13966480446927373,
      "count": 290
    },
    "List": {
      "acc": 0.0945857201231444,
      "f1": 0.13564976446929,
      "count": 147
    },
    "None": {
      "acc": 0.8647540983606558,
      "f1": 0.0,
      "count": 244
    },
    "Str": {
      "acc": 0.18233589721196672,
      "f1": 0.2642549234956039,
      "count": 250
    }
  },
  "sample_count": 1091,
  "completed_count": 1091,
  "failed_count": 0
}