{
  "overall_acc": 0.32088586028158783,
  "overall_f1": 0.22987579994461546,
  "breakdowns": {
    "single_page": {
      "acc": 0.2232619021195504,
      "f1": 0.3027863154797667,
      "count": 485
    },
    "cross_page": {
      "acc": 0.09432100552636963,
      "f1": 0.14352350944012535,
      "count": 369
    },
    "unanswerable": {
      "acc": 0.8770491803278688,
      "f1": 0.0,
      "count": 244
    }
  },
  "evidence_source_breakdowns": {
    "Chart": {
      "acc": 0.11235955056179775,
      "f1": 0.16666666666666666,
      "count": 178
    },
    "Figure": {
      "acc": 0.040955631399317405,
      "f1": 0.05454545454545455,
      "count": 293
    },
    "Generalized-text (Layout)": {
      "acc": 0.15683017393003712,
      "f1": 0.22078488372093022,
      "count": 119
    },
    "Pure-text (Plain-text)": {
      "acc": 0.22601112205224594,
      "f1": 0.2846760111866476,
      "count": 298
    },
    "Table": {
      "acc": 0.23074288097223877,
      "f1": 0.31302824159967013,
      "count": 218
    }
  },
  "document_type_breakdowns": {
    "Academic paper": {
      "acc": 0.3269162210338681,
      "f1": 0.22446280991735537,
      "count": 204
    },
    "Administration/Industry file": {
      "acc": 0.35203890759446316,
      "f1": 0.2503030303030303,
      "count": 81
    },
    "Brochure": {
      "acc": 0.306700437485609,
      "f1": 0.2197567740558993,
      "count": 101
    },
    "Financial report": {
      "acc": 0.35732650366796703,
      "f1": 0.4323875891820142,
      "count": 117
    },
    "Guidebook": {
      "acc": 0.364346723801183,
      "f1": 0.29492405398884125,
      "count": 156
    },
    "Research report / Introduction": {
      "acc": 0.31966822763711406,
      "f1": 0.14152596368270148,
      "count": 293
    },
    "Tutorial/Workshop": {
      "acc": 0.22730639018197205,
      "f1": 0.07659313725490195,
      "count": 139
    }
  },
  "answer_format_breakdowns": {
    "Float": {
      "acc": 0.23125,
      "f1": 0.3303571428571429,
      "count": 160
    },
    "Int": {
      "acc": 0.0896551724137931,
      "f1": 0.14016172506738545,
      "count": 290
    },
    "List": {
      "acc": 0.09414663539834538,
      "f1": 0.13635029954243122,
      "count": 147
    },
    "None": {
      "acc": 0.8770491803278688,
      "f1": 0.0,
      "count": 244
    },
    "Str": {
      "acc": 0.2369876726546223,
      "f1": 0.3328478548519976,
      "count": 250
    }
  },
  "sample_count": 1091,
  "completed_count": 1091,
  "failed_count": 0
}