{
  "overall_acc": 0.306461342928124,
  "overall_f1": 0.2143953881630746,
  "breakdowns": {
    "single_page": {
      "acc": 0.2098155883914695,
      "f1": 0.2902314253288291,
      "count": 485
    },
    "cross_page": {
      "acc": 0.08018635437593657,
      "f1": 0.1251110560876135,
      "count": 369
    },
    "unanswerable": {
      "acc": 0.860655737704918,
      "f1": 0.0,
      "count": 244
    }
  },
  "evidence_source_breakdowns": {
    "Chart": {
      "acc": 0.0898876404494382,
      "f1": 0.13675213675213674,
      "count": 178
    },
    "Figure": {
      "acc": 0.040955631399317405,
      "f1": 0.05487804878048781,
      "count": 293
    },
    "Generalized-text (Layout)": {
      "acc": 0.13162008989642368,
      "f1": 0.19420914831356845,
      "count": 119
    },
    "Pure-text (Plain-text)": {
      "acc": 0.204791115276935,
      "f1": 0.2597488093871473,
      "count": 298
    },
    "Table": {
      "acc": 0.22884569558881485,
      "f1": 0.3164295251673892,
      "count": 218
    }
  },
  "document_type_breakdowns": {
    "Academic paper": {
      "acc": 0.3220142602495544,
      "f1": 0.24487072560467057,
      "count": 204
    },
    "Administration/Industry file": {
      "acc": 0.33703043506965075,
      "f1": 0.23788347875035182,
      "count": 81
    },
    "Brochure": {
      "acc": 0.2938741548573462,
      "f1": 0.21047368721787327,
      "count": 101
    },
    "Financial report": {
      "acc": 0.30498063190370883,
      "f1": 0.36538514563992275,
      "count": 117
    },
    "Guidebook": {
      "acc": 0.352823524777984,
      "f1": 0.29095497056274305,
      "count": 156
    },
    "Research report / Introduction": {
      "acc": 0.3082916633595259,
      "f1": 0.11540252554304654,
      "count": 293
    },
    "Tutorial/Workshop": {
      "acc": 0.22032374100719423,
      "f1": 0.06196581196581197,
      "count": 139
    }
  },
  "answer_format_breakdowns": {
    "Float": {
      "acc": 0.19375,
      "f1": 0.2780269058295964,
      "count": 160
    },
    "Int": {
      "acc": 0.0896551724137931,
      "f1": 0.143646408839779,
      "count": 290
    },
    "List": {
      "acc": 0.10943083765733756,
      "f1": 0.16414625648600634,
      "count": 147
    },
    "None": {
      "acc": 0.860655737704918,
      "f1": 0.0,
      "count": 244
    },
    "Str": {
      "acc": 0.20505196799581868,
      "f1": 0.2971767652113314,
      "count": 250
    }
  },
  "sample_count": 1091,
  "completed_count": 1091,
  "failed_count": 0
}