{
  "avg_acc": 0.4096410383450329,
  "rectified_avg_acc": 0.4096410383450329
}