{
  "Main_Task": {
    "Understanding": 0.45164091028581094,
    "Reasoning": 0.4076512483794641,
    "Locating": 0.3356327043799798
  },
  "Element_Type": {
    "Text": 0.46093757880961567,
    "Layout": 0.3224513655606086,
    "Figure": 0.43920177291756507,
    "Table": 0.3913522648260854
  },
  "Evidence_Pages": {
    "Single_Page": 0.4329738901754596,
    "Multi_Page": 0.38882981014320184
  },
  "Num_of_Element_Types": {
    "Cross_Element": 0.3953833848601694
  },
  "Fine_Grained": {
    "Understanding": {
      "Single_Page": {
        "Text": 0.42252810432102206,
        "Layout": 0.3399444112208083,
        "Figure": 0.45465348261455674,
        "Table": 0.46108091933235873
      },
      "Multi_Page": {
        "Text": 0.4865907660747735,
        "Layout": 0.43559072961647816,
        "Figure": 0.46687214513383757,
        "Table": 0.4134794959295724
      }
    },
    "Reasoning": {
      "Single_Page": {
        "Text": 0.3693222834080935,
        "Layout": 0.397740944693645,
        "Figure": 0.42857142857142855,
        "Table": 0.4489795918367347
      },
      "Multi_Page": {
        "Text": 0.4594673442499529,
        "Layout": 0.3,
        "Figure": 0.43202614379084964,
        "Table": 0.26541360307138706
      }
    },
    "Locating": {
      "Cross_Element": {
        "Cross_Title": 0.2344585550178789,
        "Cross_Table": 0.12593791222419348,
        "Para_Title": 0.47858269358701044,
        "Figure_Table": 0.4532664676355987
      }
    }
  }
}