{
  "Main_Task": {
    "Understanding": 0.4121604291383852,
    "Reasoning": 0.3707665010983677,
    "Locating": 0.29174934423125487
  },
  "Element_Type": {
    "Text": 0.4306999816800919,
    "Layout": 0.27529997979967324,
    "Figure": 0.37592674238530616,
    "Table": 0.34516351884776275
  },
  "Evidence_Pages": {
    "Single_Page": 0.3933675559458962,
    "Multi_Page": 0.34772586928589644
  },
  "Num_of_Element_Types": {
    "Cross_Element": 0.3408662355790768
  },
  "Fine_Grained": {
    "Understanding": {
      "Single_Page": {
        "Text": 0.40465259592490577,
        "Layout": 0.25836178947390376,
        "Figure": 0.40445843703895556,
        "Table": 0.4220659371074411
      },
      "Multi_Page": {
        "Text": 0.44724174971800784,
        "Layout": 0.3998272153136004,
        "Figure": 0.407575633482207,
        "Table": 0.3458327583737501
      }
    },
    "Reasoning": {
      "Single_Page": {
        "Text": 0.3443222834080935,
        "Layout": 0.31440761136031165,
        "Figure": 0.39285714285714285,
        "Table": 0.42857142857142855
      },
      "Multi_Page": {
        "Text": 0.4594673442499529,
        "Layout": 0.25,
        "Figure": 0.3514705882352941,
        "Table": 0.20125164690382083
      }
    },
    "Locating": {
      "Cross_Element": {
        "Cross_Title": 0.19843803958927939,
        "Cross_Table": 0.07894852935553086,
        "Para_Title": 0.42752575471032883,
        "Figure_Table": 0.40849006575396074
      }
    }
  }
}