{
  "avg_acc": 0.36927649186443184,
  "rectified_avg_acc": 0.36927649186443184
}